-24.1271567487216,52.2317630438529,134.17234968164
-24.1269701081432,52.2315817189872,134.17234968164
-24.1265964016266,52.2312186560106,134.17234968164
-24.1260368411018,52.2306750323363,134.17234968164
-24.1252905180633,52.2299499653337,134.17234968164
-24.1243611896745,52.2290471051585,134.17234968164
-24.123249708368,52.2279672799651,134.17234968164
-24.1219564836005,52.2267108875486,134.17234968164
-24.1204767689026,52.2252733166237,134.17234968164
-24.1188147101158,52.2236585949543,134.17234968164
-24.1169654318418,52.2218619859983,134.17234968164
-24.1149321103195,52.2198865755319,134.17234968164
-24.1127201139383,52.2177375790477,134.17234968164
-24.1103299283193,52.2154154683355,134.17234968164
-24.1077613510083,52.2129200467075,134.17234968164
-24.1050091877219,52.2102462678184,134.17234968164
-24.1020837267618,52.207404126949,134.17234968164
-24.0989795567393,52.2043883668322,134.17234968164
-24.0956947925435,52.201197156047,134.17234968164
-24.0922258120601,52.1978269756407,134.17234968164
-24.0885768897669,52.1942819783495,134.17234968164
-24.084743162055,52.1905574390851,134.17234968164
-24.0807292363897,52.1866578340875,134.17234968164
-24.0765336396289,52.1825817321712,134.17234968164
-24.0721676004049,52.1783400421655,134.17234968164
-24.0676335487451,52.1739351248884,134.17234968164
-24.0629335699064,52.1693690062066,134.17234968164
-24.0580688860419,52.1646428734647,134.17234968164
-24.0530330482275,52.159750461411,134.17234968164
-24.0478176083921,52.1546835625836,134.17234968164
-24.0424277433708,52.1494472063761,134.17234968164
-24.0368667144062,52.1440445611478,134.17234968164
-24.0311310939572,52.1384722969774,134.17234968164
-24.0252346711881,52.1327438102999,134.17234968164
-24.0191794038034,52.1268610030622,134.17234968164
-24.0129612741255,52.1208199720144,134.17234968164
-24.006577555504,52.1146180681637,134.17234968164
-24.0000166292383,52.1082440037221,134.17234968164
-23.9932860684727,52.1017051361429,134.17234968164
-23.98639557955,52.0950108953223,134.17234968164
-23.9793262522269,52.0881429096002,134.17234968164
-23.9720777390372,52.0811008414064,134.17234968164
-23.9646573629068,52.0738918051025,134.17234968164
-23.9570874443447,52.0665374854868,134.17234968164
-23.949357094777,52.059027304103,134.17234968164
-23.9414422694323,52.0513379009992,134.17234968164
-23.9333753724844,52.0435007574454,134.17234968164
-23.9251596722781,52.0355190487006,134.17234968164
-23.9167880020915,52.0273858121586,134.17234968164
-23.9082671674322,52.0191076594991,134.17234968164
-23.8995998197898,52.0106871666945,134.17234968164
-23.8907601886779,52.0020992972282,134.17234968164
-23.8817467687653,51.9933425886422,134.17234968164
-23.8725889768475,51.984445619912,134.17234968164
-23.8632744531693,51.9753963833006,134.17234968164
-23.8537866643684,51.9661788163326,134.17234968164
-23.8441341992343,51.9568012631802,134.17234968164
-23.8343243055163,51.9472707651694,134.17234968164
-23.8243450074545,51.937575687622,134.17234968164
-23.8142277640444,51.9277465935495,134.17234968164
-23.8039652043502,51.9177763219479,134.17234968164
-23.7935272495039,51.9076356506257,134.17234968164
-23.782911669992,51.8973224135682,134.17234968164
-23.7721296839529,51.88684750941,134.17234968164
-23.7611813118947,51.876210958075,134.17234968164
-23.7500657218453,51.8654119512864,134.17234968164
-23.738800985207,51.8544680457549,134.17234968164
-23.7273931369667,51.8433851045847,134.17234968164
-23.7158543023461,51.832174907659,134.17234968164
-23.7041650071487,51.8208185354262,134.17234968164
-23.6923172514329,51.8093082157909,134.17234968164
-23.6803097646525,51.7976427143935,134.17234968164
-23.6681676993254,51.7858464673826,134.17234968164
-23.6558930782246,51.7739214399208,134.17234968164
-23.6434529432929,51.7618356126295,134.17234968164
-23.6308685995336,51.7496096837241,134.17234968164
-23.6181044777266,51.7372090970319,134.17234968164
-23.6051642348883,51.7246374054137,134.17234968164
-23.5920929223108,51.7119383770552,134.17234968164
-23.5788717253627,51.6990937331847,134.17234968164
-23.5655149817433,51.6861174031494,134.17234968164
-23.5519831993401,51.6729710196121,134.17234968164
-23.5382869817387,51.6596648841576,134.17234968164
-23.5244651785243,51.6462367398955,134.17234968164
-23.5104949909271,51.632664437388,134.17234968164
-23.496394593775,51.6189656338257,134.17234968164
-23.4821126211208,51.6050904262155,134.17234968164
-23.4676599349313,51.5910493671643,134.17234968164
-23.4530485728176,51.5768541514399,134.17234968164
-23.4383214063067,51.5625464295448,134.17234968164
-23.423444913729,51.5480936345405,134.17234968164
-23.4084512417296,51.5335269975031,134.17234968164
-23.3933196805017,51.5188263984621,134.17234968164
-23.3780433286479,51.5039851325789,134.17234968164
-23.3625900243039,51.4889719539915,134.17234968164
-23.3470218585364,51.4738471853503,134.17234968164
-23.3313024960086,51.4585755261856,134.17234968164
-23.3154616227349,51.4431858170241,134.17234968164
-23.299470218743,51.4276498644118,134.17234968164
-23.2833169190168,51.4119566270195,134.17234968164
-23.2669842129225,51.3960890929342,134.17234968164
-23.250466005486,51.3800413407728,134.17234968164
-23.2338051225853,51.3638549766889,134.17234968164
-23.216982169898,51.3475111587301,134.17234968164
-23.2000131798463,51.3310254626988,134.17234968164
-23.1828638362873,51.3143645498108,134.17234968164
-23.1655576812319,51.2975512915766,134.17234968164
-23.1481503027973,51.2806396929076,134.17234968164
-23.1305647288402,51.2635549739049,134.17234968164
-23.1128138052561,51.2463096146001,134.17234968164
-23.0948986759813,51.228904726349,134.17234968164
-23.0768162702902,51.2113373258832,134.17234968164
-23.0585659214513,51.1936067654606,134.17234968164
-23.0402107935168,51.1757744101573,134.17234968164
-23.0217367729462,51.1578265484002,134.17234968164
-23.0031069542298,51.1397273257866,134.17234968164
-22.9843031309654,51.1214590544506,134.17234968164
-22.9653178615056,51.1030145046906,134.17234968164
-22.9461901265298,51.0844315469768,134.17234968164
-22.926959429651,51.0657485598192,134.17234968164
-22.9075417514921,51.0468839167978,134.17234968164
-22.8880039251236,51.0279025475094,134.17234968164
-22.8683724397312,51.0088301867009,134.17234968164
-22.8486433893416,50.9896630396452,134.17234968164
-22.8287375727147,50.9703241608336,134.17234968164
-22.8086493522592,50.9508080732392,134.17234968164
-22.7884281991788,50.9311628390756,134.17234968164
-22.768086953721,50.9114009328871,134.17234968164
-22.7476440730394,50.8915402861491,134.17234968164
-22.7270826175678,50.871564441751,134.17234968164
-22.7064241400413,50.8514943385844,134.17234968164
-22.6856682856249,50.8313296319204,134.17234968164
-22.6647626390271,50.8110193993081,134.17234968164
-22.6437624894246,50.7906173552321,134.17234968164
-22.6226351376344,50.7700917318157,134.17234968164
-22.6014047876642,50.7494660437118,134.17234968164
-22.5800355127148,50.7287053873527,134.17234968164
-22.5585597087056,50.7078412359893,134.17234968164
-22.5369289890598,50.6868265811436,134.17234968164
-22.5151993162351,50.6657157914056,134.17234968164
-22.4932970237081,50.6444372983493,134.17234968164
-22.4712566917472,50.623024697362,134.17234968164
-22.4491126462611,50.6015113367157,134.17234968164
-22.4268469772526,50.579879816508,134.17234968164
-22.4044278135397,50.5580991732807,134.17234968164
-22.381829281863,50.5361442706707,134.17234968164
-22.3591157520876,50.5140776452243,134.17234968164
-22.3362241481638,50.4918380173617,134.17234968164
-22.3131868857578,50.4694568795178,134.17234968164
-22.2900095246992,50.446939633173,134.17234968164
-22.2667089973808,50.4243027284681,134.17234968164
-22.2432286422864,50.4014911176644,134.17234968164
-22.2196355809012,50.3785700105591,134.17234968164
-22.1959008205546,50.3555112402224,134.17234968164
-22.1720331571672,50.3323233520581,134.17234968164
-22.1479907610022,50.3089657076825,134.17234968164
-22.123805748236,50.2854695085711,134.17234968164
-22.0995062650758,50.2618620992984,134.17234968164
-22.0750656750548,50.2381176020311,134.17234968164
-22.0505254227012,50.2142762809154,134.17234968164
-22.0258051694218,50.1902600854826,134.17234968164
-22.0009330370344,50.1660963366126,134.17234968164
-21.9759220513954,50.1417976891722,134.17234968164
-21.9507336050192,50.1173266352561,134.17234968164
-21.9254427040631,50.0927560447702,134.17234968164
-21.8999778294547,50.0680164355778,134.17234968164
-21.8743734486452,50.0431412934623,134.17234968164
-21.8485953174644,50.018097349562,134.17234968164
-21.822635932285,49.9928773139604,134.17234968164
-21.796553750366,49.9675379789949,134.17234968164
-21.7703460539426,49.9420767043051,134.17234968164
-21.7439797878941,49.9164613762136,134.17234968164
-21.7174420791077,49.8906794882471,134.17234968164
-21.6907912037143,49.8647876567732,134.17234968164
-21.6640382266321,49.8387966315698,134.17234968164
-21.6371323854823,49.8126570960224,134.17234968164
-21.6100713904557,49.7863668255377,134.17234968164
-21.5828769024786,49.7599468641169,134.17234968164
-21.5555289496305,49.7333778086601,134.17234968164
-21.5280125379354,49.7066450922347,134.17234968164
-21.5003218494087,49.6797430625585,134.17234968164
-21.4720407219431,49.653162056697,134.165026311338
-21.4424889892866,49.627773689691,134.137835121643
-21.4127960462968,49.6022640066252,134.110513221397
-21.3829432138815,49.5766169599921,134.083043423674
-21.3529079601347,49.5508131922705,134.055404994537
-21.322677536594,49.5248417510518,134.02758620121
-21.2922908546379,49.4987360657248,133.999622850649
-21.2617265758871,49.4724778041461,133.971495306986
-21.2310281705711,49.4461043122863,133.943243576749
-21.2001785164915,49.4196008801903,133.914851905672
-21.1692121309712,49.3929971622433,133.886352065105
-21.1380677179492,49.3662404980171,133.857687644993
-21.1067295019417,49.3393173345411,133.828844127338
-21.0752297460247,49.3122553895406,133.799851209197
-21.0435487647568,49.2850377509375,133.770690774917
-21.0117643383782,49.2577312409824,133.741434422033
-20.9798082182457,49.2302772261725,133.712019336478
-20.9477038847836,49.2026958789163,133.682467136721
-20.9154598891227,49.1749945456276,133.652785700671
-20.8830445681837,49.1471460240473,133.622945887869
-20.8504987119746,49.1191853575252,133.59298525433
-20.8177828933213,49.091078673544,133.562867512087
-20.7848972579762,49.0628260973221,133.532592801965
-20.7518694122386,49.0344513458735,133.502186546392
-20.7187320360887,49.0059824950928,133.471678841391
-20.6854580280562,48.9773962616726,133.44104474672
-20.6519894292614,48.9486428522108,133.41023091055
-20.6183743452752,48.919763594974,133.379281631556
-20.5846126449832,48.8907583773199,133.348196799621
-20.5506536737948,48.8615836810779,133.316929786229
-20.5165458318876,48.8322810876161,133.285525165101
-20.4823335784963,48.8028887925756,133.254023884777
-20.4479278714884,48.7733302984334,133.222343971177
-20.4134199816353,48.7436840173718,133.190569476995
-20.3787304616169,48.713881694925,133.1586272616
-20.343928710913,48.6839829532982,133.126581242083
-20.308997639608,48.653973110271,133.094415697111
-20.2739295830188,48.6238455809913,133.062123584109
-20.2386986316255,48.5935781061756,133.029681059676
-20.2032851293891,48.5631537990056,132.997070038391
-20.167771575441,48.532643535807,132.964366507204
-20.1320922669662,48.501990870239,132.931509979296
-20.0962463604462,48.471195077621,132.898499694632
-20.0602045030085,48.44023094043,132.865308639259
-20.024048402309,48.4091686550224,132.832012076221
-19.9877810350837,48.3780107787598,132.798612766597
-19.9513608306389,48.3467215975932,132.765072446927
-19.9147597309852,48.3152770064542,132.731365297463
-19.8780241817331,48.2837169075111,132.697534111845
-19.8410979112027,48.251992956862,132.663527088204
-19.8039906759349,48.2201135365077,132.629353232942
-19.7667070021707,48.1880825350141,132.595016736473
-19.7293102993166,48.1559544284185,132.560576018858
-19.691721288236,48.1236611067442,132.525958091046
-19.6539612421237,48.0912208461339,132.49118256872
-19.6161005118883,48.0586940861803,132.456314267169
-19.5780740109175,48.0260249099319,132.421293269534
-19.5399138279446,47.9932408853336,132.386149154322
-19.5016219852145,47.9603437497285,132.350883810513
-19.4631578328112,47.9272985801223,132.315459828276
-19.4245242552031,47.8941078546082,132.279879892052
-19.3857409329699,47.8607884810874,132.244162155435
-19.3468306699293,47.8273600506852,132.208327648792
-19.307779369603,47.793810452891,132.17236341954
-19.2685314047504,47.7600918974513,132.136218268591
-19.2291281759881,47.7262399522992,132.099930355139
-19.1896015834208,47.6922820233256,132.063529088836
-19.1498869567799,47.6581625512667,132.026954945483
-19.11002781707,47.6239189257149,131.990248038203
-19.0700188410623,47.5895465733989,131.953403498617
-19.0298749818598,47.5550583407691,131.916435131548
-18.9895974166435,47.5204552391606,131.879344055879
-18.949199388216,47.4857486456773,131.842142501938
-18.90867095747,47.4509300214729,131.804821352799
-18.8680088928173,47.4159965902381,131.767377669215
-18.8272035559748,47.3809400715695,131.729802613276
-18.7862817370585,47.3457834812851,131.6921208921
-18.7451684200255,47.3104623719004,131.654263468815
-18.7038591913706,47.2749729517024,131.616226321687
-18.6623725496567,47.2393311131029,131.578026526883
-18.6207623147308,47.2035830935947,131.53971368213
-18.5789718864892,47.167680267122,131.501235715302
-18.5370147585649,47.1316342262809,131.462605095243
-18.4949027690231,47.0954551413431,131.423832766338
-18.4526055395848,47.0591169138422,131.384890805778
-18.4101769236146,47.0226658100667,131.345828841377
-18.367573083131,46.9860641681043,131.306606560579
-18.3248202074282,46.9493344875972,131.267248122369
-18.2819106874626,46.9124702314941,131.227746570411
-18.2388216480946,46.8754517473963,131.18808089698
-18.1955659216352,46.8382900597474,131.148262966833
-18.1521534411279,46.8009937021845,131.108301975528
-18.1085903609296,46.7635679620141,131.068203640277
-18.0649078994579,46.7260396594791,131.027996747877
-18.0210897247983,46.6883947635698,130.987666317235
-17.9770956119674,46.6505987163587,130.947175379973
-17.932960122285,46.6126812100294,130.906555801374
-17.8886474415151,46.5746114759978,130.865774677264
-17.8441794560357,46.536408317202,130.824852208453
-17.799581805506,46.4980937610839,130.783812047372
-17.7548154541328,46.4596342713683,130.742618330749
-17.7099000664851,46.4210467422013,130.701289214488
-17.6648689001607,46.3823597457182,130.666403457335
-17.6196968193623,46.3435516873527,130.666403457335
-17.5743846992308,46.3046233189525,130.666403457335
-17.5289383886454,46.2655796653832,130.666403457335
-17.4833295035564,46.2263963414532,130.666403457335
-17.437537188853,46.1870554302025,130.666403457335
-17.3915610538843,46.1475565960167,130.666403457335
-17.3454460015477,46.1079384156943,130.666403457335
-17.2991943771009,46.0682029040839,130.666403457335
-17.2528213453238,46.0283630894908,130.666403457335
-17.2063067762732,45.9884016779584,130.666403457335
-17.1596313045078,45.9483020323257,130.666403457335
-17.1128511388021,45.9081124424515,130.666403457335
-17.0659694745568,45.8678356535557,130.666403457335
-17.0189434473771,45.8274348401499,130.666403457335
-16.9717575804214,45.7868967058316,130.666403457335
-16.9244435015654,45.7462484226156,130.666403457335
-16.8770142831753,45.705501221181,130.666403457335
-16.829446735195,45.6646351785791,130.666403457335
-16.7816878517541,45.6236047566175,130.666403457335
-16.7337878676296,45.5824531127978,130.666403457335
-16.6857719996044,45.5412019112623,130.666403457335
-16.6376385473998,45.4998496912744,130.666403457335
-16.5893801723159,45.4583901480393,130.666403457335
-16.5409579404824,45.4167898328454,130.666403457335
-16.4923625216952,45.3750407299647,130.666403457335
-16.4436371652768,45.3331799955831,130.666403457335
-16.394768789919,45.2911963913393,130.666403457335
-16.3457454893255,45.2490796883432,130.666403457335
-16.2965697076461,45.2068319864031,130.666403457335
-16.2472343953328,45.1644472291395,130.666403457335
-16.1977590929635,45.1219422041758,130.666403457335
-16.1481519322957,45.0793238976353,130.666403457335
-16.0984390149641,45.0366147338504,130.666403457335
-16.0485892404155,44.9937879938376,130.666403457335
-15.9986360237559,44.95087238505,130.666403457335
-15.948504095275,44.9078032420733,130.666403457335
-15.8982490877007,44.8646283598754,130.666403457335
-15.8478651058096,44.8213426737757,130.666403457335
-15.7973416002481,44.7779371206552,130.666403457335
-15.7466800656532,44.7344129845805,130.666403457335
-15.6958708617004,44.6907619833946,130.666403457335
-15.644927827037,44.6469960061008,130.666403457335
-15.5938595457312,44.60312242741,130.666403457335
-15.5426752637632,44.5591491906916,130.666403457335
-15.4912976757579,44.5150098816594,130.666403457335
-15.4397284838319,44.470705962629,130.666403457335
-15.3879704981448,44.4262398478537,130.666403457335
-15.3360903111972,44.3816687480174,130.666403457335
-15.2840141673432,44.3369292984633,130.666403457335
-15.2317636885476,44.2920400749676,130.666403457335
-15.1793941304265,44.2470485485156,130.666403457335
-15.1269212246844,44.2019682344664,130.666403457335
-15.07425294669,44.156720072985,130.666403457335
-15.0214549023898,44.1113604271913,130.666403457335
-14.9685493972145,44.0659084600379,130.666403457335
-14.9154975443067,44.0203307632027,130.666403457335
-14.8623464485386,43.9746678052362,130.666403457335
-14.809034122571,43.9288663318221,130.666403457335
-14.7555259419525,43.8828965965394,130.666403457335
-14.7018340742344,43.8367690527263,130.666403457335
-14.6480022757519,43.7905212921515,130.666403457335
-14.5940388206767,43.7441604232885,130.666403457335
-14.5399677973408,43.6977071408094,130.666403457335
-14.4857653871187,43.6511409817512,130.666403457335
-14.4313819323131,43.6044192843905,130.666403457335
-14.3768878089458,43.5576025098954,130.666403457335
-14.3222775780951,43.5106859856011,130.666403457335
-14.2675359061805,43.4636565381827,130.666403457335
-14.2126404921662,43.4164950084632,130.666403457335
-14.1576442895123,43.3692468896086,130.666403457335
-14.1024792105088,43.3218536863763,130.666403457335
-14.0471649098983,43.2743322844706,130.666403457335
-13.9916746635163,43.2266597247336,130.666403457335
-13.9359951997036,43.1788246052702,130.666403457334
-13.8802065853938,43.1308957128659,130.666403457335
-13.8242354132092,43.0828099820665,130.666403457335
-13.7681013191863,43.0345842825054,130.666403457334
-13.7118015353551,42.9862162361752,130.666403457335
-13.6553274982671,42.9376984860803,130.666403457335
-13.5986560949913,42.8890111755312,130.666403457335
-13.5418748435486,42.8402294926619,130.666403457335
-13.4848956368648,42.7912777432734,130.666403457335
-13.4277354937906,42.7421705485328,130.666403457335
-13.3703897375842,42.6929038905765,130.666403457335
-13.3128529458761,42.6434731109599,130.666403457335
-13.2552006595461,42.5939431080631,130.666403457335
-13.1974378552551,42.5443181574153,130.666403457335
-13.1395178709302,42.494558170882,130.666403457335
-13.0814506445954,42.4446716863789,130.666403457335
-13.023240616606,42.3946625186864,130.666403457335
-12.9648972260321,42.3445387770607,130.666403457335
-12.9064225795515,42.2943022713827,130.666403457335
-12.8477620033659,42.243906030516,130.666403457335
-12.788949610827,42.1933793617878,130.666403457335
-12.7300266381916,42.142757691927,130.666403457335
-12.6709230580061,42.0919808592263,130.666403457335
-12.6116419134363,42.0410514781179,130.666403457335
-12.5522233259067,41.9900040175607,130.666403457335
-12.4926514318383,41.9388248488997,130.666403457335
-12.4329372826159,41.8875234665567,130.666403457335
-12.3730591748335,41.8360812247879,130.666403457335
-12.313012028711,41.7844937594727,130.666403457335
-12.2528246285943,41.7327857997039,130.666403457334
-12.192470344352,41.680934467109,130.666403457335
-12.1319422607508,41.6289338207002,130.666403457335
-12.0712440695698,41.5767870321442,130.666403457335
-12.0103573651758,41.5244782888665,130.666403457335
-11.9493115260702,41.4720328304084,130.666403457335
-11.8880993513858,41.4194444703895,130.666403457335
-11.8267294617935,41.3667206149662,130.666403457335
-11.7652006137348,41.3138601957777,130.666403457335
-11.7035695047776,41.2609119226128,130.666403457335
-11.6417820594468,41.2078293383645,130.666403457335
-11.5798151660834,41.1545925874362,130.666403457335
-11.5177175658173,41.1012435441137,130.666403457335
-11.4554668985022,41.047762998437,130.666403457335
-11.3930227703747,40.9941162474766,130.666403457335
-11.3304766591411,40.9403818811957,130.666403457335
-11.2678134544873,40.8865469180816,130.666403457335
-11.2049637235758,40.8325517072709,130.666403457335
-11.1419388160381,40.7784059994139,130.666403457335
-11.0787355906934,40.724107095872,130.666403457334
-11.0153788427236,40.6696762985829,130.666403457335
-10.9518904366677,40.6151323917228,130.666403457335
-10.8882355237896,40.5604454361838,130.666403457335
-10.8244476803146,40.5056442778393,130.666403457335
-10.7605460025038,40.450745322593,130.666403457335
-10.6965321337134,40.3957499822786,130.666403457335
-10.6324025876539,40.340655261769,130.666403457335
-10.5668085314915,40.2870356324733,130.642742065861
-10.5007515583226,40.2336794053845,130.613357255791
-10.4345179264346,40.1801804856731,130.583893429929
-10.3681755783685,40.126593752597,130.55438082512
-10.3016303911745,40.0728431801855,130.524777583265
-10.2348839310667,40.0189300335177,130.495084413293
-10.167991943872,39.9648993401939,130.465326127527
-10.100987283669,39.9107776374531,130.435517355689
-10.0338596945483,39.8565566412852,130.405653549442
-9.96660635018583,39.8022340687824,130.375733465746
-9.89921281096588,39.7477982566275,130.345750695014
-9.8316201764992,39.6932016291842,130.315679047102
-9.76387717144945,39.6384835428457,130.28554021366
-9.69593897822,39.5836077970756,130.255314269914
-9.62786241176201,39.5286202830387,130.225026507907
-9.55960677099688,39.4734881252353,130.194658834635
-9.49120943221629,39.4182415136336,130.164227894633
-9.42269320275977,39.3628988704154,130.133743851135
-9.35399900064056,39.3074124732627,130.103180433536
-9.28520249879364,39.2518434455072,130.072571326482
-9.21624690288553,39.1961459126379,130.041891277445
-9.14712544510115,39.1403144080846,130.011137291795
-9.07785447040118,39.0843621341694,129.980316658658
-9.00846651645298,39.0283153725562,129.949443872135
-8.93897163137126,38.9721822394129,129.918523420389
-8.86932024088446,38.915922692092,129.887533263846
-8.79949929162149,38.8595261869886,129.856467612341
-8.72948235129803,38.8029713739424,129.825314723205
-8.65930675438881,38.7462884091446,129.794091226015
-8.5889385952039,38.6894499059377,129.762782053485
-8.51838939532661,38.6324651706553,129.731392350742
-8.447696319204,38.5753642221519,129.699938672535
-8.37683319588808,38.5181259213566,129.668409393844
-8.30577174993158,38.4607274293302,129.636791953653
-8.23459247608093,38.4032337641288,129.605122186391
-8.16327919086069,38.3456318538667,129.57339291148
-8.09183431604839,38.2879236546872,129.54160522661
-8.02025608337976,38.2301077383097,129.509758365425
-7.94849961733803,38.1721478574137,129.477832382526
-7.87664010014697,38.114104738969,129.445860748998
-7.80460925509635,38.0559232337993,129.413813108393
-7.73241054498493,37.9976061389125,129.381691023038
-7.66006029322585,37.939166639226,129.349501777272
-7.58756677746152,37.8806114208435,129.317249075869
-7.51491844391245,37.8219311514258,129.284927800754
-7.4421291337847,37.7631370109361,129.252544132377
-7.36919195671334,37.704223433817,129.220095027942
-7.29611044278522,37.6451932714271,129.187582080925
-7.22290021544211,37.5860591432956,129.155012265049
-7.14954967747934,37.5268116820076,129.122380444218
-7.07609005723015,37.4674761116378,129.089700534467
-7.00251694700739,37.4080488719633,129.056970598255
-6.92883985858492,37.3485376459333,129.024194890458
-6.85505607798291,37.2889402413836,128.991372227311
-6.78114713191547,37.2292417368792,128.958494414967
-6.70707777672629,37.1694136650465,128.928865325231
-6.63289192379443,37.1094914944425,128.928865325231
-6.55858561939914,37.0494720315265,128.928865325231
-6.48410431974071,36.9893112196121,128.928865325231
-6.40944823722435,36.9290092302654,128.928865325231
-6.33462264581033,36.8685703234246,128.928865325231
-6.25968425306127,36.8080403035133,128.928865325231
-6.18459109894883,36.74738527814,128.928865325231
-6.10936983450006,36.6866267741502,128.928865325231
-6.03399351064962,36.6257430239638,128.928865325231
-5.95842409616398,36.5647033085963,128.928865325231
-5.88269371370762,36.5035335745012,128.928865325231
-5.80685656817366,36.44227760462,128.928865325231
-5.73087333876663,36.3809036383497,128.928865325231
-5.65471647645114,36.3193894234962,128.928865325231
-5.57838754335251,36.2577362218358,128.928865325231
-5.50193106054559,36.1959799943951,128.928865325231
-5.42532876180218,36.1341059869859,128.928865325231
-5.34860811901757,36.0721363894939,128.928865325231
-5.27172721445345,36.0100373436863,128.928865325231
-5.19466457460652,35.9477915047615,128.928865325231
-5.11749549697663,35.8854596928007,128.928865325231
-5.04016124500191,35.8229944644961,128.928865325231
-4.96272439677159,35.7604463660742,128.928865325231
-4.88512783749076,35.6977692641773,128.928865325231
-4.80735621788739,35.6349507607316,128.928865325231
-4.72939001941597,35.5719750900139,128.928865325231
-4.65124092663689,35.5088516899991,128.928865325231
-4.57293620867091,35.4456025867858,128.928865325231
-4.49451360280761,35.3822582619308,128.928865325231
-4.41593604424327,35.3187887770647,128.928865325231
-4.33721407328346,35.2552026459128,128.928865325231
-4.25833962260373,35.1914933522518,128.928865325231
-4.17931415047434,35.1276620739708,128.928865325231
-4.10013484290255,35.0637065381225,128.928865325231
-4.02076324875532,34.9995956865566,128.928865325232
-3.94126893269043,34.9353857087639,128.928865325231
-3.86164178924986,34.8710684422583,128.928865325231
-3.78189370248776,34.8066534861521,128.928865325231
-3.70203315993274,34.7421476960805,128.928865325231
-3.6219791415603,34.6774856297043,128.928865325231
-3.54178747628322,34.6127123817352,128.928865325231
-3.46140181455911,34.5477824369333,128.928865325231
-3.38082085892466,34.482694747298,128.928865325231
-3.30005778774967,34.4174599573994,128.928865325231
-3.21915462461794,34.352112010965,128.928865325231
-3.13811446688902,34.2866534098262,128.928865325231
-3.05690771801045,34.221060247947,128.928865325231
-2.97557960329357,34.1553690551876,128.928865325231
-2.8940954580803,34.0895518318488,128.928865325231
-2.81245380317921,34.0236073831428,128.928865325231
-2.73062018470461,33.9575078796177,128.928865325231
-2.64858523733989,33.8912457566224,128.928865325231
-2.56636761524356,33.8248360816883,128.928865325231
-2.48396253533639,33.7582749913768,128.928865325231
-2.40140066981189,33.6915872605518,128.928865325231
-2.31865072885734,33.6247476154794,128.928865325231
-2.23574668311528,33.5577834952815,128.928865325231
-2.15268582100708,33.4906927097332,128.928865325231
-2.06951249427141,33.4235110830834,128.928865325231
-1.98614211131564,33.3561702881291,128.928865325231
-1.90264087560001,33.2887237994192,128.928865325231
-1.81897391695657,33.2211434512583,128.928865325231
-1.73518717243724,33.1534663484007,128.928865325231
-1.65121635624223,33.0856405652502,128.928865325231
-1.56714069547866,33.0177300959515,128.928865325232
-1.48295841063128,32.9497335031363,128.928865325231
-1.39859905746681,32.8815938868538,128.928865325231
-1.31406728905756,32.8133150055322,128.928865325231
-1.22940797451412,32.7449331013171,128.928865325231
-1.14462771405806,32.6764535054087,128.928865325231
-1.05969918110463,32.6078541452927,128.928865325231
-0.974607716591606,32.5391231803986,128.928865325231
-0.889316153262769,32.4702305896027,128.928865325231
-0.803861664131489,32.4012063986791,128.928865325231
-0.718251988043335,32.3320568585286,128.928865325231
-0.632455954646332,32.2627567919096,128.928865325231
-0.546549622205532,32.193367633397,128.928865325231
-0.458787090009537,32.1261286780118,128.896463723968
-0.370445683917751,32.059299948037,128.856267943856
-0.281901672357833,31.9923179505661,128.815979149086
-0.193247153105403,31.9252523559569,128.775639280949
-0.104449384020768,31.8580783953528,128.735233477685
-0.0155232160270202,31.7908073032178,128.694768533731
0.0735601189639397,31.7234173169958,128.654231395476
0.162822781300974,31.6558916727701,128.613612015764
0.252283077092954,31.5882165222893,128.572902101219
0.34189129429825,31.5204294718443,128.532124311567
0.431642185447288,31.452534491054,128.491281073423
0.521511906753119,31.3845496173266,128.450383276754
0.611526666520547,31.3164550245375,128.409419034366
0.70164742818713,31.248280243164,128.368406151252
0.791893592306678,31.1800105970262,128.327335839019
0.882289861189406,31.1116273992581,128.286196896501
0.972845749343435,31.0431234523006,128.244985034577
1.06359300346179,30.974474740335,128.203685846538
1.15447758759245,30.905722140615,128.162323965933
1.24549067656301,30.8368723292292,128.120903451477
1.33670453282576,30.7678706408951,128.079391458794
1.42812074081985,30.6987158770123,128.037787309806
1.51966703140749,30.6294627079206,127.996123938298
1.6114067261766,30.5600632319454,127.954372570261
1.70332384385836,30.490529538637,127.91254052349
1.79537011773499,30.4208981409243,127.870649809485
1.88752375165586,30.3511855272141,127.828710393077
1.97988454806608,30.2813161987009,127.786676899766
2.07238307477945,30.2113426796201,127.744580974688
2.16505039959253,30.1412414677266,127.702408525752
2.25784274681519,30.0710456785649,127.660179522248
2.35083562364122,30.0006981922624,127.61785964934
2.44401601684967,29.9302088530934,127.575454877928
2.53733740295223,29.8596128552639,127.532986428901
2.63084763658509,29.7888739975777,127.490432574083
2.72447336929889,29.7180477668551,127.447826741891
2.8182487540472,29.6471083269835,127.405153440202
2.91214533550948,29.5760772039156,127.36242566801
3.00623375171068,29.50490096122,127.319611332456
3.10050783954756,29.4335842611765,127.27671329036
3.19471531058639,29.3623179555767,127.233846391336
3.2889855272544,29.2910041840049,127.190951820031
3.38320178584837,29.2197312307731,127.148082726756
3.47744643714236,29.1484367989599,127.106868588974
3.57173473778704,29.0771093471758,127.106868588973
3.66601679089075,29.0057866215471,127.106868588974
3.76024245527628,28.9345065529985,127.106868588973
3.85449045863118,28.8632095854098,127.106868588974
3.94873401676779,28.7919159805511,127.106868588973
4.04300667922371,28.7206003587834,127.106868588973
4.13728556777573,28.6492800270829,127.106868588973
4.23148469124629,28.5780200362726,127.106868588973
4.3257477998639,28.5067116418167,127.106868588973
4.42002207258525,28.4353948019113,127.106868588973
4.51426466534861,28.3641019273406,127.106868588973
4.60851785565023,28.2928010359174,127.106868588973
4.7028007242879,28.2214776933516,127.106868588973
4.79708245109714,28.150155214559,127.106868588973
4.89138359074178,28.0788180502957,127.106868588973
4.98566318236965,28.0074971867305,127.106868588974
5.07993818902162,27.9361797916195,127.106868588973
5.17417875508818,27.8648884502095,127.106868588974
5.26845090008555,27.7935732198902,127.106868588973
5.3627224309829,27.7222584541268,127.106868588974
5.45692331028988,27.6509971350569,127.106868588974
5.55120773052079,27.579672618738,127.106868588973
5.64540681388934,27.5084126582641,127.106868588973
5.73960632873479,27.4371523713855,127.106868588973
5.83385850766763,27.3658522450451,127.106868588973
5.9281486226742,27.2945234207278,127.106868588974
6.02241763281717,27.2232105618711,127.106868588974
6.11662884549372,27.1519414257878,127.106868588973
6.21089494276151,27.0806307704702,127.106868588973
6.30513270245234,27.0093415520344,127.106868588974
6.39943161878358,26.9380060696688,127.106868588973
6.49369074650798,26.8667006866891,127.106868588973
6.58791460077077,26.7954219874665,127.106868588974
6.68215209795335,26.7241329676136,127.106868588974
6.77645340884885,26.6527956738021,127.106868588973
6.87073021572729,26.5814769168512,127.106868588974
6.96493360994504,26.5102136952952,127.106868588973
7.05917004239421,26.4389254808946,127.106868588974
7.15346316882119,26.3675943784904,127.106868588973
7.24773206150462,26.2962816084897,127.106868588974
7.34199606488755,26.2249725371595,127.106868588973
7.43627829027014,26.1536496812049,127.106868588973
7.53053545285934,26.0823457848156,127.106868588973
7.6247412927591,26.0110807131439,127.106868588974
7.71894020741456,25.9398208802986,127.106868588973
7.81319761057694,25.8685168019198,127.106868588973
7.90740745653312,25.7972486997365,127.106868588973
8.0016880856349,25.7259270513405,127.106868588973
8.09590420736862,25.6546542016411,127.106868588973
8.19013789848668,25.5833680610095,127.106868588973
8.28433746852772,25.5121077323764,127.106868588974
8.37956514852544,25.4406638898739,127.101460912707
8.47609233296311,25.3690925140957,127.08827536289
8.57271644307804,25.2974492714739,127.075087318984
8.66932142199317,25.2258202139368,127.06191262263
8.76588729704599,25.154220150483,127.048753976226
8.86248995855055,25.082592811221,127.03560102642
8.95912121352148,25.0109442709499,127.022454887916
9.05573040015463,24.9393120935439,127.009322442377
9.15232087796841,24.8676937880429,126.996203214708
9.24887216279234,24.7961045427101,126.983099965911
9.34540533246843,24.7245287290966,126.970009814361
9.44197226108719,24.6529278844622,126.956925716786
9.53854431468676,24.581323239842,126.943851547713
9.63507891639574,24.5097463644285,126.930793054409
9.73169069905106,24.438112262167,126.917734725169
9.8282553524279,24.3665131045412,126.904693355529
9.92486236350459,24.2948825402307,126.891656847661
10.0214100699304,24.2232959481491,126.878638905961
10.1180208431888,24.1516625943186,126.865623019667
10.2146486806533,24.0800165880033,126.852615388122
10.3112685174329,24.0083765139034,126.839619375449
10.4083048376934,23.9374154240858,126.817663466625
10.5073727544071,23.8693062313451,126.756135372858
10.606471435426,23.8011758881446,126.694635796825
10.7055168691,23.7330821524938,126.633216945228
10.8046000547314,23.6649624623722,126.571822463131
10.9037137513855,23.5968217959224,126.510456971712
11.0027532302211,23.528732154223,126.449185365832
11.1018325854127,23.4606150975287,126.387937119156
11.2009294789988,23.3924859831882,126.326726165555
11.2999865473481,23.3243842486982,126.265588004388
11.3990215676756,23.2562976722231,126.204511700533
11.4981058015953,23.1881772614032,126.143453407421
11.5971614066872,23.1200765329025,126.082461189697
11.6962329475464,23.0519648485619,126.021507678467
11.7953267288382,22.9838378739237,125.960589102812
11.896535268917,22.9189178205344,125.856548110184
11.9988856381949,22.8557216193695,125.729347798892
12.1011887001863,22.7925546280729,125.602295440032
12.203539646765,22.7293580704538,125.475273969164
12.3058873781334,22.6661634980653,125.348348012894
12.4081542740346,22.6030188375088,125.221614862708
12.5104339814627,22.5398662664794,125.094959513318
12.6127661339416,22.4766813132709,124.979623327689
12.7150585497482,22.4135208954575,124.86516060695
12.8173897792527,22.3503365121393,124.750648538083
12.9197260960996,22.2871489876432,124.636125772598
13.0220638577147,22.2239605710755,124.521597301173
13.1243434129818,22.1608080939978,124.407130798186
13.2267003748134,22.0976078222629,124.292575406179
13.3291803518869,22.0346169754845,124.175299407103
13.432848763564,21.9738295886375,124.03011759568
13.5365309017547,21.913034153062,123.884909375426
13.6402321302394,21.8522275236323,123.739669096349
13.7439804351177,21.7913932903173,123.594359424814
13.8476948943245,21.7305789028734,123.449095567218
13.9514481455389,21.6697417692068,123.303777655094
14.055203508141,21.6089033974991,123.158458933252
14.1589696981379,21.548058677001,123.013129064379
14.2627394554008,21.4872118647878,122.867800087309
14.3665027778881,21.4263688256929,122.722487878874
14.4702732226502,21.3655216103551,122.577175322419
14.5740380841804,21.3046776688215,122.431882077996
14.6777977531862,21.2438367719954,122.28660946361
14.7815536148385,21.1829981076629,122.175554480576
14.8853167566132,21.1221551745313,122.078440513032
14.9890415955556,21.0613347007878,121.981364511215
15.0927900674939,21.000500369515,121.884269066529
15.1965100919864,20.9396827187898,121.787203476708
15.3002543280789,20.8788508712628,121.690119018249
15.4040066609603,20.8180142760733,121.593031330521
15.5076841698962,20.7572215549245,121.496018560016
15.6130832113275,20.6947318432743,121.405155572291
15.7186347331272,20.6320606272057,121.315280055048
15.8242441252619,20.5693550506257,121.225452353936
15.9298173333614,20.5066709583167,121.135752781655
16.0354359909115,20.4439598803963,121.046112272737
16.1410755780394,20.3812363755391,120.956552008457
16.2466550464549,20.3185485661674,120.878838470903
16.3522070269437,20.2558770777521,120.855463724792
16.457858104062,20.1931467507132,120.832090694448
16.5671546158908,20.1385041967484,120.710337855829
16.6773033285047,20.0860605107736,120.562718784773
16.7875048567391,20.0335916783785,120.415107757344
16.8977196938326,19.9811165094079,120.267559657284
17.0079022301426,19.9286567193928,120.120137410801
17.1181419648431,19.8761696962458,119.972723180543
17.2283705400831,19.8236879863086,119.825410305187
17.3386284057773,19.7711923306854,119.678146618419
17.4488152959737,19.7187304677105,119.53106785046
17.5590453263777,19.666248064945,119.384023499745
17.6692850239253,19.613761059487,119.237060133616
17.7795437316163,19.5612650029747,119.09016717589
17.8898100974193,19.5087653003042,118.962101135628
17.9999972721468,19.4563033018592,118.845975046482
18.1101895135913,19.4038388910637,118.729918478154
18.2203522405257,19.3513885326311,118.613968705946
18.330538849541,19.2989268035313,118.498070397586
18.4407201760909,19.2464675895037,118.382255120293
18.5508913518806,19.1940132084267,118.266528842685
18.6611264547907,19.1415283905542,118.150814673833
18.7713089514979,19.0890686193947,118.035235812023
18.8815301328133,19.0365904298316,117.919697337375
18.9917848997663,18.984096249572,117.80420552847
19.1019852928684,18.9316279576328,117.68885334933
19.2121489100897,18.8791771753194,117.573623121722
19.322402716663,18.826683452313,117.458382943725
19.4325508309353,18.7742400512188,117.343338375187
19.5427636694311,18.7217658338148,117.228312209961
19.6529334357656,18.6693121238034,117.113417806563
19.7631486221179,18.6168367885448,116.99856370606
19.8733859642154,18.5643509045569,116.883775054417
19.9836484153431,18.5118530657303,116.769049651716
20.0937989499888,18.4594085122549,116.654530777042
20.2040063215916,18.4069368977322,116.536304141958
20.3142659633661,18.3544403964867,116.41244614587
20.4244224199512,18.3019930234747,116.288683838076
20.5345800127624,18.249545109486,116.164901190729
20.6447376025083,18.1970971969567,116.041100635074
20.7549960042247,18.1446012861242,115.917169999857
20.8652271117334,18.0921183705306,115.793254415429
20.9754743384295,18.0396277803163,115.669306238148
21.0856963662442,17.9871491877204,115.545373079905
21.1959633795323,17.9346491767712,115.459918075841
21.3061465965952,17.882189062638,115.459918075841
21.4163013316334,17.8297425092839,115.459918075841
21.5264587905317,17.7772946590535,115.459918075841
21.6367009259396,17.7248064928885,115.459918075841
21.746897734746,17.6723399074938,115.459918075841
21.8570763649267,17.6198819772537,115.459918075841
21.9673376903241,17.5673846744065,115.459918075841
22.0775458806019,17.5149126700986,115.459918075841
22.1877266591516,17.4624537169832,115.459918075841
22.2978847741204,17.4100055543864,115.459918075841
22.4080812652913,17.3575391202234,115.459918075841
22.5182466114533,17.3050875147318,115.459918075841
22.628417999783,17.2526330324608,115.459918075841
22.7386715252114,17.2001394433123,115.459918075841
22.84892152284,17.1476475338096,115.459918075841
22.959100852187,17.0951892706844,115.459918075841
23.076399315391,17.0620340168006,115.233438912592
23.1944618301762,17.0310024796818,114.981945379974
23.3125225922693,16.9999714032404,114.730266606199
23.4305161523513,16.9689579901674,114.478551779878
23.5485713436212,16.9379283779606,114.226535620559
23.6665701588054,16.9069135836372,113.974479609685
23.7846081304111,16.8758884974448,113.722189335962
23.9026136710252,16.8448719354103,113.469827445708
24.0206088059148,16.8138581084152,113.217356593987
24.138602703281,16.7828446066905,112.964766892629
24.2566235159085,16.7518240305618,112.712007776552
24.3746180651215,16.7208103575059,112.459202900017
24.4926684380043,16.6897820117632,112.20618614837
24.6107245174991,16.6587521660954,111.953074686984
24.7288193133617,16.6277121442221,111.699807545635
24.8468101834173,16.5966994381955,111.446700549148
24.9649088192155,16.565658407034,111.193309464372
25.0830142361706,16.534615593514,110.939860781779
25.2010128709505,16.5036008466082,110.68660815087
25.3190620097271,16.4725728252379,110.43322392398
25.4371206823683,16.4415422979878,110.179805931909
25.5551577901904,16.4105174388321,109.926430842203
25.6731894431363,16.3794940134355,109.673073984454
25.7911856372715,16.3484799080284,109.419809660802
25.9091873525306,16.3174643514496,109.166559802575
26.0271770321573,16.2864519583151,108.913371974442
26.1452923711917,16.2554065368771,108.659960653661
26.2633647751666,16.2243724004849,108.406697489312
26.3813895521526,16.1933507823647,108.153602349615
26.4994250819606,16.1623263379741,107.90055986294
26.6174121648592,16.1313146273633,107.647706728981
26.7354813668239,16.1002813325871,107.394772988014
26.8535371064939,16.0692515762387,107.141973276539
26.9716067338957,16.0382181696407,106.88925880196
27.0896386101342,16.0071946855539,106.636749797696
27.2076954539044,15.976164639004,106.384321781302
27.3257285982591,15.9451408216056,106.132088493777
27.443785722693,15.9141107012861,105.879957694895
27.5618695624642,15.8830735591106,105.627933260396
27.6798668418751,15.8520591684497,105.376266398728
27.7978755989579,15.821041760999,105.124757374475
27.9159032006437,15.790019400435,104.873400043206
28.033998319569,15.7589792936481,104.726520665791
28.1520900309995,15.7279400824866,104.726520665791
28.2701533264389,15.6969083401807,104.726520665792
28.3882363835116,15.6658714037296,104.726520665792
28.5063318534012,15.6348312046952,104.726520665792
28.6243274822505,15.6038172478677,104.726520665791
28.7423696675122,15.5727910541585,104.726520665791
28.8604174955822,15.5417633772941,104.726520665792
28.9784363485995,15.5107433162291,104.726520665792
29.0964344103661,15.479728719934,104.726520665792
29.2144877762755,15.4486995875046,104.726520665792
29.3325415450111,15.4176703491965,104.726520665791
29.4506155018301,15.3866358046549,104.726520665792
29.5686577864171,15.355609584839,104.726520665791
29.6897793320716,15.3425820030093,104.525459986177
29.8115224940443,15.3335311265361,104.279972963628
29.9332272607523,15.3244831045213,104.034387013998
30.0549340998859,15.3154349284342,103.788629401613
30.1766544879697,15.3063857450635,103.542685802314
30.2984249117326,15.2973328418391,103.296491292697
30.4201266024295,15.2882850485074,103.050294984724
30.541790032456,15.2792400996279,102.804044394477
30.6634666984468,15.2701941667336,102.557644333198
30.7852155263579,15.2611428690317,102.310984382547
30.9070070690006,15.2520883957449,102.064133114789
31.0287505228275,15.2430374975741,101.817283675789
31.1504122673903,15.2339926739987,101.570513491239
31.2721287280667,15.2249437826073,101.323554997929
31.3938000536903,15.2158982467373,101.076619917397
31.5155227136868,15.2068488944635,100.829521614162
31.6373115636234,15.1977946213633,100.582239027036
31.7590717221177,15.1887424813003,100.334973976002
31.8807467826685,15.1796966677608,100.087850256998
32.0025371630597,15.1706422808804,99.8404700150454
32.1243295933009,15.1615877416059,99.5930725099644
32.2461194327192,15.1525333949436,99.3456763924894
32.3678892219117,15.1434805388958,99.0983263516182
32.4896629710647,15.1344273884486,98.8509828346073
32.6114492684297,15.1253733051167,98.6036376184448
32.7332173310259,15.116320577431,98.3563624322967
32.8549900595924,15.1072675028583,98.1091199697019
32.9766820326666,15.0982204319737,97.8620928103975
33.0984317289891,15.0891690697107,97.6150090110799
33.2202017478015,15.080116196592,97.3679536980229
33.341884270053,15.0710698283197,97.1211547047412
33.463666250055,15.062016065958,96.8742419900113
33.5854361242198,15.052963203593,96.6274509579919
33.7071225980405,15.0439165415451,96.3809350702756
33.8288834361898,15.0348643509538,96.134383775302
33.9505577554528,15.0258185925246,95.8881318549128
34.0723442907167,15.0167644915065,95.6417861505249
34.1941365191598,15.0077099672345,95.3955713165334
34.3158847744772,14.9986587121015,95.1495966468118
34.4376682029841,14.9896048420522,94.9037111459136
34.5594372837629,14.9805520386707,94.6580237281232
34.6811380116897,14.9715043169152,94.4126520269478
34.8029171674139,14.9624507645217,94.2517770419008
34.9246324230317,14.9534019627192,94.2517770419007
35.0464086729371,14.944348626356,94.2517770419008
35.1681597331055,14.9352971626992,94.2517770419008
35.2898459512083,14.9262505196623,94.2517770419008
35.4115748372649,14.9172007045182,94.2517770419008
35.5333562335067,14.9081469855556,94.2517770419008
35.6551015967872,14.8990959454283,94.2517770419008
35.7768297835626,14.8900461822716,94.2517770419008
35.8985166347114,14.8809994921716,94.2517770419014
36.0201895336186,14.8719538393374,94.2517770419008
36.1419745095026,14.8628998542498,94.2517770419007
36.2636382553541,14.8538548818906,94.2517770419008
36.3853805699846,14.8448040684122,94.2517770419007
36.5070167857727,14.8445930188539,94.1544427793684
36.6287032098462,14.8543955363487,93.9466268523401
36.7504279166755,14.8642011377322,93.7386367562202
36.8721442511485,14.8740060646758,93.5305575692853
36.993813896285,14.883807230534,93.3224602780345
37.1154177449453,14.8936030961206,93.1143831181215
37.2370213977879,14.9033989459329,92.9062193465028
37.3586359990101,14.913195677698,92.6979553198729
37.4803229222451,14.922998235403,92.4894913169864
37.6019960734927,14.932799683698,92.2809802501756
37.7236908749857,14.9426028760405,92.0723669012549
37.8454197787228,14.9524088155082,91.8636353852629
37.9671376038555,14.9622138625328,91.6548686736192
38.0887752625078,14.972012451702,91.4461908423748
38.2104888552337,14.9818171577827,91.2373396213131
38.3321777784253,14.9916198765953,91.0284931463258
38.4538888467444,15.0014243793211,90.8195766168259
38.5755521939429,15.0112250378454,90.6107155127047
38.6972173239167,15.0210258399821,90.4018304125293
38.8189499368252,15.0308320782443,90.1928140546589
38.9405923923962,15.0406310538319,89.9839426670355
39.0622040712555,15.0504275501845,89.7751198522621
39.1839262273809,15.0602329460946,89.5661086123549
39.3056062282378,15.0700349461636,89.3571765937606
39.4272551337372,15.0798344413288,89.1483103535254
39.5489479814923,15.0896374762869,88.9393866107097
39.6706302130964,15.099439656055,88.7305045903018
39.7922456576119,15.1092364557521,88.5217662360041
39.9138799112125,15.1190347706254,88.3130301513356
40.0354929388689,15.1288313756311,88.1043705679371
40.1571413748218,15.1386308329717,87.8956958464341
40.2788144885574,15.1484322782449,87.6870299482376
40.4005252115676,15.158236753154,87.4783562525333
40.522215679355,15.1680395963925,87.2697794885794
40.6438307852623,15.1778363688128,87.0613995273968
40.7654564327792,15.1876339904183,86.8530746034378
40.8870892559834,15.1974321900653,86.6448159650675
41.008772566438,15.2072344567408,86.4365549697642
41.1305026819663,15.217040493825,86.2283034722501
41.2521316939516,15.2268383864572,86.020319881197
41.373809495257,15.2366402093402,85.8123532388737
41.4954582599262,15.2464396931607,85.6045419865858
41.6170715029116,15.2562363155124,85.3969024986059
41.7387945631074,15.2660417842503,85.3944515742268
41.860414572467,15.2758389516709,85.3944515742269
41.9821405602566,15.2856446562429,85.3944515742268
42.1037526788181,15.2954411880159,85.3944515742268
42.2254105019287,15.3052414015443,85.3944515742269
42.347077765887,15.3150423755853,85.3944515742268
42.4687799910628,15.3248461659467,85.3944515742269
42.5903904096627,15.3346425607784,85.3944515742269
42.712012308572,15.3444398804128,85.3944515742268
42.8337025303016,15.3542427038299,85.3944515742268
42.9553894797501,15.3640452636466,85.3944515742269
43.0770113013559,15.3738425770537,85.3944515742269
43.1987071691053,15.383645855289,85.3944515742268
43.3203131247706,15.3934418906065,85.3944515742269
43.4419633660896,15.4032414933795,85.3944515742268
43.5636732136656,15.4130458977675,85.3944515742269
43.6839262707383,15.4250151878483,85.3693086556604
43.8005722191365,15.4422585019593,85.2827678749527
43.9172042726669,15.4594997620464,85.1960919330457
44.0338997440278,15.4767503969433,85.1092233124402
44.1505478922784,15.4939940362499,85.0222444524869
44.2672119132931,15.5112400219651,84.9351083261361
44.3838774948659,15.5284862383715,84.8478256295732
44.500598592021,15.5457406614292,84.760355931829
44.6173150729704,15.5629944020913,84.6727442447041
44.7340196391159,15.5802463814345,84.5849961253239
44.8507036756885,15.5974953259714,84.4971181620921
44.9674255921571,15.614749870145,84.4090663862399
45.0841611294198,15.6320064278273,84.3208590583596
45.2008986634968,15.6492632806908,84.2325049918868
45.3176139573407,15.6665168458678,84.1440226309224
45.4342849396456,15.6837638606432,84.055428897102
45.5509970464726,15.7010169546959,83.9666589889472
45.6676405905212,15.7182599133814,83.877796455609
45.7842835954381,15.7355027923691,83.7887896773912
45.9009704656565,15.7527521557927,83.699604767184
46.0180637482705,15.7716206399486,83.5927285651396
46.1355775737506,15.7916839760062,83.4728667045958
46.2530555294606,15.8117411879567,83.3529013170298
46.3705900661992,15.8318080600828,83.2327387657253
46.4881486498449,15.8518790377784,83.112412984794
46.605632116482,15.8719371906189,82.9920263847597
46.7231533858586,15.8920017975856,82.871464150045
46.8406215943228,15.9120573453721,82.7508203571485
46.9580606801844,15.9321079210071,82.6300714044302
47.0756218404726,15.9521793386173,82.5090625222799
47.1930894952081,15.9722347918648,82.3880164192266
47.3105891608623,15.9922957103911,82.2668047219907
47.4281096740049,16.0123601882447,82.1454397261064
47.5456386604284,16.0324261127561,82.0239350371181
47.6631325784589,16.0524860499808,81.9023365961321
47.780617253009,16.0725444090503,81.7806186379437
47.8981742379726,16.0926151138002,81.6586974618419
48.0157229138886,16.1126843999322,81.5366574780248
48.1332204841638,16.1327449607109,81.4145441233747
48.2506989736348,16.1528022637913,81.2923251426309
48.3681911732489,16.1728619076279,81.1699673510318
48.4856797048441,16.1929209252173,81.0474897576072
48.6031464624677,16.2129762252994,80.9249122105763
48.7206839189646,16.2330435959208,80.8773148775239
48.8382440022437,16.2531148296513,80.8472118519382
48.9557458145248,16.273176114675,80.8171386317723
49.0732511689483,16.2932380044546,80.7870793917976
49.1907337145577,16.3132960000464,80.7570408747167
49.3081896621282,16.3333494545097,80.7270240454262
49.4256358269183,16.3534012387422,80.6970246051328
49.5430769290862,16.3734521586245,80.6670413506991
49.6606048346467,16.3935178985982,80.6370508491897
49.7781601662327,16.4135883210641,80.6070682794289
49.8956466383883,16.4336469870419,80.5771181964545
50.0130995039307,16.4536999153053,80.5471915991824
50.1306095333638,16.4737626032572,80.5172653692569
50.2480784693726,16.4938182752587,80.4873645380304
50.3656045571973,16.5138837048873,80.4574641060832
50.4831576843274,16.5339537509827,80.427571755634
50.6005950704006,16.5540040364099,80.3977237821128
50.7181024798366,16.5740662770453,80.3678729677596
50.8356521366504,16.5941357306476,80.3380263949996
50.9531177469229,16.6141908348405,80.3112134396331
51.0706751361076,16.6342616086038,80.3112134396332
51.1881740011667,16.6543223904431,80.3112134396331
51.3057285599181,16.6743926809617,80.3112134396325
51.4232803340843,16.6944624960632,80.3112134396331
51.540811189845,16.7145287397296,80.3112134396331
51.6583524893528,16.7345967664749,80.3112134396331
51.7744771785844,16.7562103202932,80.2912727448806
51.8900927415706,16.7783957831399,80.2639682822924
52.0057865969982,16.8005962695181,80.2366295904394
52.1214053310417,16.8227823408589,80.2092929195193
52.2370866918759,16.8449804296503,80.1819257020449
52.3527643605399,16.8671778099516,80.1545436142376
52.468435497709,16.8893739369246,80.1271473292122
52.5840489782119,16.9115590001638,80.0997489678392
52.6996772752547,16.9337469065478,80.0723313629714
52.8152677116054,16.9559275478461,80.044907009071
52.9309499138475,16.9781257980953,80.0174451396811
53.0465781963679,17.0003137016926,79.9899803305424
53.1622815564554,17.0225160119194,79.9624819361246
53.2778815885261,17.0446984945398,79.9349923617042
53.3934791309151,17.0668804994153,79.9074876487844
53.5091328243811,17.0890732791173,79.8799538328942
53.6247772033662,17.1112642714642,79.8524064891443
53.740401238133,17.1334513599604,79.8248482501926
53.8561000182829,17.1556527913432,79.7972564402033
53.9717144563584,17.1778380383309,79.7696689995567
54.0874068199565,17.2000382384421,79.7420472092623
54.203015227683,17.2222223282665,79.7144297194165
54.3186137693107,17.2444045248859,79.6867988493859
54.4342565848996,17.2665952172327,79.6591416507577
54.5499585728996,17.2887972641697,79.6314545387126
54.6656406091358,17.3109954825641,79.6037564388597
54.781248318589,17.3331794383969,79.5760603891312
54.8969218866834,17.3553760318401,79.5483328066679
55.0126143851609,17.3775762578332,79.5205849226527
55.128284913987,17.3997722680714,79.4928265468202
55.2438879757444,17.4219553320581,79.4650686154323
55.3595653072032,17.444152647653,79.4372770937336
55.4752472920763,17.4663508561914,79.4094686906012
55.5908785352743,17.4885393279129,79.3816567313922
55.7065620433566,17.5107378287397,79.3538164400873
55.8221593475407,17.5329197879061,79.3259811471534
55.937846560407,17.5551189996436,79.2981084445279
56.0534677620011,17.5773055444825,79.2702358931832
56.1691585693241,17.5995054459601,79.2423307993352
56.2847571020991,17.6216876408807,79.2144322136723
56.4003873772479,17.6438759268434,79.1865102181854
56.515989806957,17.6660588695464,79.1585792010716
56.6315931746371,17.6882419922367,79.1375568444091
56.7472013567049,17.7104260387595,79.1375568444093
56.8628345017828,17.7326148754326,79.1375568444093
56.9784514276927,17.7548005998107,79.1375568444086
57.094078014048,17.776988177931,79.1375568444093
57.2096807491038,17.799171179227,79.1375568444093
57.3253054076574,17.8213583874216,79.1375568444093
57.4410203693706,17.8435629238836,79.1375568444086
57.5566616815565,17.8657533277426,79.1375568444085
57.6722604744828,17.8879355725836,79.1375568444086
57.7879171074649,17.9101289163492,79.1375568444085
57.9035379837443,17.9323153987634,79.1375568444093
58.0191871568927,17.9545073110619,79.1375568444093
58.1347914597874,17.9766906132105,79.1375568444091
58.2504743667377,17.9988889986861,79.1375568444093
58.3661558513909,18.0210871112373,79.1375568444085
58.4818052600049,18.0432790687193,79.1375568444086
58.5974593894891,18.0654719320888,79.1375568444085
58.7130667672984,18.0876558242825,79.1375568444086
58.8286581187853,18.1098366411862,79.1375568444091
58.9442774700647,18.1320228309683,79.1375568444093
59.0599555783393,18.1542202956263,79.1375568444091
59.1755960901458,18.1764105459005,79.1375568444093
59.2912863287635,18.1986103382494,79.1375568444086
59.4069037174237,18.2207961514246,79.1375568444093
59.5225721037727,18.2429917505429,79.1375568444093
59.6382284890477,18.265185046776,79.1375568444085
59.7538576609994,18.2873731210462,79.1375568444091
59.8694496819373,18.3095540664109,79.1375568444086
59.9850675494355,18.3317399714703,79.1375568444091
