5.09293031728478,16.9595017812457,33.2051477735029,0,1128.08,1460.49611015491,90.0069331745188,35.4924561583894
5.08570301830957,13.7594490122222,31.187162765055,0.0698350303828949,1128.1006983503,1463.69610414501,90.0069331745188,34.0754528070954
5.08709496444569,13.7594488437874,31.1860506995231,0.139189460483508,1128.10209024491,1463.69609216657,90.0069331745188,34.2153381102144
5.08918246839251,13.7594485911854,31.1843829751107,0.208742666528412,1128.10417767157,1463.69607420248,90.0069331745188,34.337772304703
5.09195972065285,13.7594482551192,31.182164283354,0.277714944397958,1128.10695482102,1463.69605030275,90.0069331745188,34.4430214371822
5.09543095309873,13.7594478350767,31.1793913104287,0.347110393748455,1128.11042592496,1463.69602043094,90.0069331745188,34.531322716625
5.09959870169171,13.7594473307511,31.1760621145779,0.416759429889953,1128.11459351925,1463.69598456524,90.0069331745188,34.6028738683864
5.10444983512137,13.7594467437314,31.1721872851888,0.485095383584326,1128.11944447309,1463.69594281865,90.0069331745188,34.6578259301032
5.10997547584097,13.7594460750917,31.1677740279525,0.55254361551155,1128.12496990925,1463.69589526756,90.0069331745188,34.6963043819098
5.11619897060572,13.759445322007,31.1628038286008,0.622326436494731,1128.13119317361,1463.69584171107,90.0069331745188,34.7184254234376
5.12312069779467,13.7594444844314,31.1572765366448,0.692147093991987,1128.13811464455,1463.69578214592,90.0069331745188,34.7242570475753
5.13073253770581,13.7594435633477,31.1511988038591,0.761155811343511,1128.14572620266,1463.69571664197,90.0069331745188,34.7138350638154
5.13903349019581,13.7594425588765,31.1445716124237,0.830064518082554,1128.15402684784,1463.69564520785,90.0069331745188,34.6724855808639
5.14801333535867,13.7594414722549,31.137403320291,0.897951272029443,1128.16300636056,1463.69556793149,90.0069331745188,34.6240106244476
5.15766004192851,13.7594403049386,31.1297037433213,0.9646349439494,1128.17265271,1463.69548491644,90.0069331745188,34.5856168456544
5.16798844084369,13.7594390551328,31.1214612725256,1.03280165478138,1128.18298072655,1463.69539603506,90.0069331745188,34.5683558698551
5.17897719709252,13.7594377254195,31.1126931774854,1.09883494344619,1128.19396907599,1463.69530147095,90.0069331745188,34.5772708634413
5.19061461873119,13.7594363172132,31.1034090404234,1.16369908100751,1128.2056060668,1463.69520132473,90.0069331745188,34.5862818275305
5.20292060011461,13.7594348281066,31.0935932602554,1.2305525804012,1128.2179115926,1463.69509542519,90.0069331745188,34.5953976426856
5.21587043815633,13.7594332610893,31.0832658260923,1.29493586262308,1128.23086095123,1463.69498398493,90.0069331745188,34.6046183943695
5.22950574694368,13.7594316111252,31.07239385553,1.36348039951605,1128.24449575522,1463.69486664582,90.0069331745188,34.6139562884598
5.24383011911215,13.7594298777798,31.0609748158476,1.43238418663123,1128.25881959709,1463.69474337696,90.0069331745188,34.6234159635943
5.25879611591014,13.7594280667937,31.049046861817,1.49654427421939,1128.27378503983,1463.69461458658,90.0069331745188,34.6329915695042
5.27438626259788,13.7594261802811,31.0366242575545,1.55895695254432,1128.28937460936,1463.69448042505,90.0069331745188,34.6426824187947
5.29061050186102,13.7594242170391,31.0236994300418,1.62236386262238,1128.30559824798,1463.69434080682,90.0069331745188,34.6524927321664
5.3075235331693,13.7594221704485,31.0102291870618,1.69124051714557,1128.32251065315,1463.69419526116,90.0069331745188,34.6624352193943
5.3250599274534,13.7594200484268,30.9962660353967,1.75357450699201,1128.34004639822,1463.69404435113,90.0069331745188,34.6724983080834
5.34324304553461,13.7594178481474,30.9817917737656,1.81824449244855,1128.35822884315,1463.6938878757,90.0069331745188,34.6826875384718
5.36211273338233,13.7594155647882,30.9667751193917,1.88689892736357,1128.37709783242,1463.69372549198,90.0069331745188,34.6930112883312
5.3816333714202,13.7594132026597,30.9512448726589,1.95199153650053,1128.39661774779,1463.69355750647,90.0069331745188,34.7034623783925
5.40177415522464,13.7594107654896,30.9352259888132,2.01400381733375,1128.41675778596,1463.69338418429,90.0069331745188,34.714034109656
5.42257863139205,13.7594082480081,30.9186843016571,2.08037059655912,1128.43756149193,1463.69320515067,90.0069331745188,34.7247340796734
5.44405569984036,13.7594056491384,30.9016132391413,2.14762733463299,1128.45903776527,1463.69302032904,90.0069331745188,34.7355624236733
5.46619356255679,13.7594029703081,30.8840226996473,2.2137043151367,1128.48117480842,1463.69282982093,90.0069331745188,34.7465146466924
5.48896415683831,13.7594002149132,30.8659355038535,2.27697512922533,1128.50394455972,1463.69263386782,90.0069331745188,34.7575826139655
5.51235217292579,13.7593973848059,30.8473643338272,2.33871502403299,1128.52733170996,1463.69243260146,90.0069331745188,34.7687602940115
5.5364120361767,13.7593944734006,30.8282665272048,2.40589725315366,1128.55139068249,1463.69222555351,90.0069331745188,34.7800545170136
5.56114417630226,13.7593914806455,30.8086423377532,2.47312245180255,1128.57612190701,1463.69201272025,90.0069331745188,34.7914609726564
5.58654463729881,13.7593884070188,30.788495516215,2.53995206467465,1128.60152142765,1463.69179413573,90.0069331745188,34.8029739397703
5.61258627326247,13.7593852558059,30.7678482096947,2.60406718771834,1128.62756209953,1463.69157003357,90.0069331745188,34.8145829140485
5.63924900388843,13.7593820294362,30.746716950284,2.66617435460274,1128.65422384308,1463.69134058655,90.0069331745188,34.826278390133
5.66647696085654,13.7593787346702,30.725146606767,2.72269489626628,1128.68145079204,1463.69110627546,90.0069331745188,34.838044280298
5.69428863890558,13.7593753692702,30.7031231149864,2.78106484338901,1128.70926144047,1463.69086694113,90.0069331745188,34.8498775456239
5.7226778652959,13.7593719339829,30.6806519713923,2.83881753937146,1128.73764961587,1463.6906226367,90.0069331745188,34.8617702379635
5.75162552822036,13.7593684311212,30.6577489137445,2.89465912541656,1128.76659620712,1463.69037352662,90.0069331745188,34.873711878887
5.78117298284264,13.7593648556804,30.6343818588776,2.95463607468791,1128.79614256787,1463.69011925501,90.0069331745188,34.8857014503173
5.81123546172837,13.7610431246709,30.6116492370749,3.01352343014374,1128.82618925659,1463.68817870863,89.9876603718363,34.8982208680953
5.84188534254858,13.7642206392087,30.5893850869787,3.07884635960588,1128.85681024166,1463.68473384781,89.9512055025461,34.9111977999841
5.87319614464514,13.7674666723477,30.5666561725755,3.14523732136807,1128.88809152492,1463.68121470345,89.9139624727618,34.9241959854729
5.90517877816785,13.7707823551581,30.5434555991421,3.21272423114222,1128.92004400622,1463.6776200493,89.8759182044596,34.9372025891416
5.9377433733125,13.7741583707158,30.5198495490604,3.27118352601608,1128.95257790048,1463.6739599862,89.8371795087488,34.9501877281223
5.9708917453379,13.7775949072109,30.49583765063,3.32982516755332,1128.98569502126,1463.67023431011,89.7977441449747,34.9631371573793
6.00462483895101,13.7810920625828,30.4714201865075,3.38856170692373,1129.01939631237,1463.66644291486,89.7576109095366,34.9760357267554
6.03897463745332,13.7846531525835,30.4465750206402,3.45051103762211,1129.05371372696,1463.66258220572,89.7167416699468,34.9888716369584
6.07391993668264,13.7882759789487,30.4213185358132,3.51033036470567,1129.08862608086,1463.6586545659,89.6751615748652,35.0016245895241
6.10940058073287,13.7919543052347,30.3956952087284,3.56410690181451,1129.12407327487,1463.65466675658,89.6329421320468,35.0142697455119
6.14540369621321,13.7956867968393,30.3697152930599,3.61659027915563,1129.16004244774,1463.65062022463,89.5900986001915,35.0267887241792
6.1820634474315,13.7994873627577,30.3432830577817,3.68255074935796,1129.19666763729,1463.6464998908,89.5464712553369,35.0391769538151
6.21931896168337,13.8033496922342,30.3164435627696,3.74239642571902,1129.23388802821,1463.64231259683,89.502132466276,35.0514070424093
6.25721214553814,13.8072781297799,30.2891677956473,3.8064517069387,1129.27174548756,1463.63805363265,89.4570322904721,35.0634608028906
6.29574984327283,13.8112733849496,30.261452077784,3.87119451048805,1129.31024685316,1463.63372222902,89.411162512145,35.0753150494047
6.33498248146983,13.8153406855358,30.2332614725094,3.9410027725533,1129.34944250406,1463.62931271829,89.3644630390265,35.0869474630204
6.37483783008894,13.8194725433524,30.2046492177048,4.0035553719254,1129.3892602783,1463.62483321869,89.3170197825467,35.0983273891023
6.41531077743756,13.8236684284634,30.1756202724912,4.06559449083802,1129.42969506903,1463.62028430473,89.2688387736459,35.1094283217866
6.45630793875952,13.8279186595448,30.1462428326475,4.11825291037933,1129.47065357951,1463.61567647231,89.2200311418233,35.1202217200795
6.49785569625505,13.8322259716753,30.1164991644496,4.17356147860325,1129.51216216708,1463.6110067562,89.1705654489757,35.1306829546406
6.53993866295235,13.8365887696664,30.0864014866445,4.22732439247343,1129.55420545928,1463.60627688583,89.1204599880181,35.140785600861
6.58257111411656,13.8410085334545,30.055940813475,4.28252128740192,1129.5967977179,1463.60148525674,89.0696977405824,35.150502285124
6.62578617288827,13.84548869696,30.0250947752507,4.34104547290348,1129.63997203487,1463.59662814608,89.0182392459766,35.1598030055861
6.66966890895805,13.8500380794725,29.9938041004339,4.40811509155156,1129.68381339967,1463.59169599254,88.965983180947,35.1686516974204
6.71420293420165,13.8546549820134,29.9620820284624,4.47353848795767,1129.72830543963,1463.58669063804,88.912949034362,35.1770132114051
6.75922306114693,13.8593222793743,29.9300476036847,4.52236844794179,1129.77328312301,1463.58163064866,88.8593335176877,35.1848653145095
6.80487059459461,13.8640546208145,29.8976016575004,4.58539277871256,1129.8188876214,1463.57650014259,88.8049683506818,35.1921627529887
6.85105948140959,13.8688430850894,29.8648068217921,4.63977288716042,1129.86503296278,1463.57130879169,88.7499560250947,35.1988776122291
6.89791778625018,13.873700948835,29.8315737117054,4.70701736566379,1129.91184709108,1463.56604220225,88.6941440199586,35.2049563427148
6.94535988442115,13.8786193352237,29.7979646765201,4.76566065959401,1129.95924446233,1463.56070999799,88.6376343326238,35.2103688564987
6.9934748286246,13.8836074764692,29.7639182868535,4.8332494887436,1130.00731404527,1463.55530216991,88.5803209085007,35.2150586095048
7.04204917265204,13.8886432443149,29.7295871111916,4.87939718775984,1130.05584259493,1463.54984270807,88.5224580345957,35.2190205225572
7.09116873046629,13.8937355352103,29.6949118976708,4.93416508367317,1130.10491584436,1463.54432196751,88.463943537977,35.2221994993742
7.14088344443053,13.8988895267475,29.6598589855939,4.99394979726931,1130.15458368885,1463.538734335,88.4047179728144,35.224540748855
7.19114266825482,13.904099968357,29.6244657064654,5.04864698221336,1130.20479552985,1463.53308550289,88.3448417310866,35.2260098502748
7.24187101821737,13.9093590449072,29.5887866300845,5.09577171043387,1130.25547605472,1463.52738394384,88.2844046927874,35.2265819968668
7.29319806735349,13.9146801894089,29.5527322032339,5.15591232830301,1130.30675471432,1463.52161509464,88.2232525629108,35.2261751747504
7.34517147332607,13.920068342597,29.5162707953011,5.22084026083361,1130.3586791214,1463.51577359884,88.1613286367752,35.3369543572901
7.3976623353151,13.9255101411492,29.4794946023703,5.27281982908824,1130.41112049665,1463.50987394413,88.098786582584,35.4434681017802
7.45071964150228,13.9310106637363,29.4423709887066,5.32972036542007,1130.46412778207,1463.50391062452,88.0355681332093,35.5457824462991
7.50428708010575,13.9365640724401,29.4049410583311,5.38096426231994,1130.51764471897,1463.49788996912,87.9717404954533,35.6439836940213
7.55850127246206,13.9421845309787,29.3671111950722,5.445932065923,1130.57180779988,1463.49179662251,87.9071409969286,35.738132484462
7.61318614497579,13.9478537855648,29.3290060803063,5.49321289868755,1130.62644111721,1463.48565037431,87.8419795679843,35.8283219618374
7.66841803804588,13.9535797505109,29.2905742224773,5.5481622885081,1130.68162093939,1463.47944264432,87.7761653835653,35.9146166582879
7.72424719671897,13.9593676347887,29.2517825792541,5.60815890112934,1130.73739746408,1463.47316778529,87.7096387190929,35.997092467293
7.7807719192766,13.9652276291138,29.2125650282085,5.67802978732673,1130.7938688969,1463.4668147491,87.6422825967956,36.0758387839341
7.83797829616925,13.9711582914642,29.1729335672787,5.74650342934733,1130.85102134141,1463.46038509909,87.5741137584877,36.1509447436977
7.89585109280409,13.9771580424495,29.1329010961764,5.8134467238191,1130.90883957739,1463.45388054754,87.5051505388298,36.2224959895454
7.9541857493946,13.9832056750802,29.0926111525692,5.85984154838972,1130.96711923789,1463.44732408574,87.4356368927849,36.2905287265899
8.01317848805335,13.9893215319675,29.0519302705112,5.92594730557157,1131.02605636005,1463.44069365949,87.365339201793,36.3551575176079
8.07259019330703,13.9954808236876,29.011025361985,5.96803339992366,1131.08541205381,1463.43401614395,87.2945426214419,36.4163866887487
8.13243720010642,14.0016852437066,28.9698868639176,6.01176037516805,1131.14520263873,1463.42728970314,87.2232279130509,36.4742739011383
8.19281831555913,14.0079450354912,28.9284487570707,6.06541273655776,1131.20552682876,1463.42050323177,87.1512775748017,36.528914397639
8.25105174978039,14.0266988416674,28.89692057646,6.12325431063336,1131.26359438987,1463.40124196355,86.9345595677927,36.5847541367393
8.30962065979423,14.0466259715382,28.8660097142244,6.18144771738571,1131.32198717495,1463.38080448877,86.7040588766445,36.6383270213394
8.36857112172209,14.0666829183127,28.8349980548547,6.221717259835,1131.38076036457,1463.3602338724,86.4718609847614,36.6892658892367
8.42796781494199,14.0868916881088,28.8038540287021,6.26881315765952,1131.4399784436,1463.33950754474,86.2377144687365,36.7376673249582
8.4877510497875,14.1072319724777,28.7726114307686,6.30960932151465,1131.49958190187,1463.31864633435,86.0018582659707,36.783546206962
8.54804175610977,14.1277449158569,28.741209752961,6.36316859724084,1131.55969130558,1463.29760804305,85.7638189845246,36.8270509651587
8.60885602586728,14.1484359932759,28.709643702259,6.41842624164026,1131.62032269829,1463.2763870556,85.5235365506961,36.8682638238618
8.67026919462047,14.1693308364485,28.6778775530403,6.48163491035642,1131.68155118903,1463.25495708384,85.2807168023671,36.9073230093505
8.73211154641914,14.190371702251,28.6460022576365,6.52693151149985,1131.7432075722,1463.23337734973,85.0360350939224,36.944150872237
8.79438336576202,14.2115586874799,28.6140204102946,6.57225813907384,1131.80529213144,1463.211647754,84.7894957074808,36.9788060594728
8.85720675556847,14.23293333569,28.5818724171786,6.63047168585051,1131.8679266025,1463.18972568912,84.5406205766707,37.0114730929095
8.92045894845779,14.2544538772541,28.5496242541817,6.6757281851957,1131.93098858717,1463.16765399449,84.2899018209417,37.0420956297431
8.98429295781432,14.2761723725159,28.5172011918757,6.73713393906942,1131.9946306387,1463.14537927645,84.0367390608128,37.0709046819847
9.04874939221006,14.2981026378889,28.4845864890631,6.80282558053754,1132.05889324356,1463.12288736476,83.780977251303,37.0980283937598
9.11366466042493,14.3201890140911,28.4518665021715,6.85125156736037,1132.12361330245,1463.10023534414,83.523272419904,37.1233546468544
9.17897121895187,14.34240852053,28.4190782200322,6.89254891443874,1132.18872347499,1463.07744678375,83.2639007297134,37.1468627238632
9.2448250192336,14.3648142171768,28.3861465885739,6.95030560305437,1132.25437924366,1463.05446726472,83.0022510515837,37.1688119368014
9.31129709895426,14.3874302734608,28.3530400545698,7.01555971183909,1132.32065143251,1463.03127199862,82.7380493641316,37.1893758163348
9.37833026579499,14.4102372306156,28.3197911711122,7.0747776603522,1132.38748302121,1463.00788094258,82.4715317613438,37.2085619999577
9.44574083387263,14.4331725924728,28.286494425382,7.11460913430063,1132.45469087625,1462.98435819331,82.2034383368292,37.2261854094762
9.51380840043116,14.4563314874988,28.2530154356253,7.18394970696747,1132.52255375408,1462.96060618607,81.932667285163,37.2427179949661
9.58242562667443,14.4796773953943,28.2194113106372,7.24196158739251,1132.5909646387,1462.93666237646,81.6596560839539,37.2580891319725
9.65146435756417,14.503166713468,28.1857484315178,7.28644779914969,1132.65979576044,1462.91257148385,81.3849259797219,37.2721761579312
9.72104413712665,14.5268401146529,28.1519721467535,7.3435508608781,1132.72916630384,1462.88829179366,81.108013167135,37.2852363445557
9.7909665078348,14.5506300769666,28.1181822153184,7.37970842733259,1132.79887840817,1462.86389255714,80.8297199145339,37.2970176078435
9.86128275301471,14.5750533066534,28.0847048108458,7.43752439735552,1132.86897884574,1462.83885664021,80.54386291976,37.3081389753593
9.9321004817932,14.5997455277642,28.0512141595681,7.49365266035406,1132.93957840045,1462.81354736588,80.2548293802125,37.3184868184145
10.0033751787418,14.6245970812809,28.0176696897651,7.54200722922084,1133.01063351551,1462.78807477746,79.9639448059618,37.3279673766578
10.0751310034293,14.6496163909895,27.9840638371833,7.59291826833018,1133.08216827606,1462.76243024066,79.6711260212916,37.3366953884454
10.1474007759854,14.6748149003792,27.9503852802342,7.6473022041165,1133.15421540112,1462.73660202601,79.3762551632664,37.3448068235599
10.2201047035906,14.7001647878582,27.9166751352249,7.69324277851709,1133.22669534369,1462.71061865037,79.0796744308263,37.352224363932
10.2933741340616,14.7257118508474,27.8828766636934,7.75308206066817,1133.29973904693,1462.68443317185,78.780865354777,37.3592777776474
10.3671431011576,14.7514330887078,27.8490247417773,7.80594105552512,1133.37328074784,1462.65806916587,78.4801150550437,37.3659183260533
10.4412593431589,14.7772754119081,27.8151929491786,7.84268831586561,1133.44716865377,1462.63158104865,78.1780625714418,37.3719061656361
10.516030352146,14.803346034596,27.7812452457489,7.91197317504303,1133.52170930949,1462.60485892679,77.8734740271746,37.377952357554
10.5912700298326,14.8295800693468,27.7472709429506,7.96156584777033,1133.59671719005,1462.57796930923,77.5671277728438,37.3837511429498
10.6669792307439,14.8559778141104,27.7132738415896,8.01124894299756,1133.67219314733,1462.55091189058,77.2848935133919,37.3893781089259
10.7433335377996,14.8826004898881,27.6791800000819,8.07951153003706,1133.74831222332,1462.52362391994,77.0690177670128,37.3953032164344
10.8201856358941,14.9093967318985,27.6450602688743,8.13218581381116,1133.82492755676,1462.49615804569,76.8517449683101,37.4012843674092
10.8975040022939,14.9363555490196,27.6109330867195,8.18152448628775,1133.90200772204,1462.46852553361,76.6331707358305,37.4073252498602
10.9753048341987,14.9634825887756,27.5767957388818,8.23257708256927,1133.97956886646,1462.44072059504,76.413256009925,37.4135378299313
11.0535859814493,14.9907771014641,27.5426537080717,8.28340215744663,1134.05760884647,1462.41274399844,76.1920138387637,37.4199921898033
11.1322916480805,15.0182196325458,27.5085356882175,8.32832312344553,1134.136072038,1462.38461568449,75.9696090833661,37.4266256686963
11.2115198774633,15.0458443670844,27.4744037552105,8.38361865211723,1134.21505618239,1462.35630061386,75.7457721292087,37.4337515515772
11.2913497592157,15.0736788814849,27.4402291839732,8.44728313217035,1134.29464012559,1462.32777052101,75.5202873774828,37.4416503638489
11.3716537833004,15.1016787164553,27.4060717723066,8.49745500311235,1134.37469675039,1462.29907097628,75.2935230654094,37.450080728866
11.4553666177894,15.1170609751773,27.3605476838386,8.55047449594925,1134.45827216352,1462.28295878024,75.2163700106977,37.4493429342837
11.5407970615698,15.1266281916829,27.3097663023394,8.58928260122871,1134.54361586572,1462.27264641623,75.2083240289948,37.6224249991139
11.626819173275,15.1362616681172,27.2588115599052,8.64876962703981,1134.62955063509,1462.26226263159,75.2002226698487,37.791649037931
11.713240214841,15.1459398200581,27.2078017243862,8.688878529195,1134.71588392927,1462.25183069188,75.1920840911827,37.9564617605619
11.8001150287406,15.1556687892248,27.1567081456498,8.73450136151959,1134.80267053505,1462.24134397701,75.183903133797,38.1168656012398
11.887453796525,15.1654497158329,27.1055288126759,8.781147859555,1134.88992062364,1462.23080125798,75.1756788448471,38.2727538337101
11.9753386244468,15.1752917948279,27.0542199427337,8.83604942193467,1134.97771621793,1462.22019262367,75.1674034993295,38.424146432428
12.0637109744993,15.1851884706337,27.0028201786647,8.88506550063009,1135.06599883934,1462.20952514025,75.159082616004,38.5707782692899
12.15246313039,15.1951276802779,26.9513961481556,8.92325164991061,1135.15466088095,1462.19881181022,75.1507263428849,38.712310965062
12.2418266440357,15.205135354883,26.8998181341366,8.98471831558485,1135.24393365958,1462.1880246828,75.1423128852628,38.8489926146673
12.3315856316264,15.2151873179725,26.8482152962402,9.0244797557113,1135.33360151061,1462.17718981747,75.1338625750321,38.9802893389384
12.4218991043749,15.2253013769531,26.7965006462665,9.08022838005194,1135.42382328381,1462.16628801987,75.1253604485827,39.1062864832212
12.5127290439816,15.2354732742176,26.7447008605588,9.13215459750712,1135.51456099946,1462.15532387923,75.1168100921919,39.2267331773164
12.6039156469273,15.2456851136295,26.6929113537557,9.16801397124169,1135.60565501632,1462.14431668553,75.1082265550974,39.3412217820308
12.6955874025069,15.255951284496,26.6410633756266,9.21679181778318,1135.69723369322,1462.13325092874,75.09959774824,39.4497461128401
12.7878025996611,15.266278314501,26.5891289076767,9.27143010660171,1135.78935525991,1462.12211957276,75.0909181921265,39.552166731361
12.8806328483069,15.2766742231227,26.5370731096162,9.3332681451666,1135.8820912536,1462.11091397352,75.0821811546353,39.6483279541728
12.9741414218658,15.2871460962485,26.4848665666482,9.40146777184427,1135.97550488346,1462.09962649325,75.0733806895271,39.7380291803551
13.0682525405325,15.2976854474213,26.4325576998073,9.46204840309898,1136.06952044664,1462.08826627936,75.2237060952918,39.8209118360679
13.1629040080996,15.308285311389,26.3801867644876,9.51637575061739,1136.16407581008,1462.07684083961,75.4604006184776,39.8966422405633
13.2580525984227,15.3189408473257,26.3277830429055,9.56635708804571,1136.25912779153,1462.06535539186,75.6984053954052,39.9649093038776
13.3536923659046,15.329651389394,26.2753550587472,9.61574064781404,1136.35467045141,1462.05381065379,75.9376983501403,40.0254262720218
13.4499152085153,15.3404272290981,26.2228580911306,9.67436374322258,1136.45079559441,1462.04219553234,76.1785020123813,40.0779414604431
13.5467652576423,15.3512733086402,26.1702743350179,9.73742386303124,1136.54754730708,1462.03050470039,76.4209192277525,40.1221306104399
13.6441521052536,15.3621795033717,26.1176590544331,9.79139424732983,1136.64483527321,1462.01874907115,76.6647157591423,40.1575941602052
13.7419090899163,15.3731271491499,26.0651075170615,9.82860828477637,1136.74249300056,1462.00694876243,76.9094660218919,40.1839375512454
13.8405645103059,15.3798033946968,26.0089165816663,9.89634185522309,1136.84108640396,1461.99941185107,77.2053277292655,40.2015911350528
13.940133077431,15.3803597203885,25.9476085199207,9.95599210632945,1136.94064632503,1461.99798665792,77.5731853463368,40.2112335698701
14.0403786638532,15.3809198288326,25.8861238168733,10.023688157118,1137.0408832066,1461.99655177414,77.9437944489212,40.2117227628473
14.1412541909187,15.3814834569834,25.8244977984925,10.0866767513436,1137.14174997411,1461.99510787358,78.3169548240635,40.202605495076
14.2427453723387,15.3820505250183,25.7627455253774,10.1482368407478,1137.24323234252,1461.99365516074,78.6925859850092,40.225721802412
14.344864450794,15.3826211013416,25.7008659781119,10.2110210919192,1137.34534255344,1461.99219346038,79.070704345285,40.2459440529347
14.4474721759969,15.3831944079118,25.6389495882167,10.2598815235086,1137.44794136867,1461.99072476568,79.4507639158353,40.2631129160249
14.5504458929549,15.3837697594104,25.5770755113083,10.2964775208952,1137.55090614388,1461.9892508323,79.8322784762245,40.2770847459227
14.6538888860397,15.3843477329248,25.5151868270411,10.3434010586222,1137.65434015447,1461.98777018184,80.2155978580068,40.2876158603056
14.7577019273332,15.3849277740329,25.453348127281,10.3804026661602,1137.75814418113,1461.98628423463,80.6055841814382,40.2945489373533
14.8620899528008,15.3855110277861,25.3914430559014,10.4378960906933,1137.86252314204,1461.98479005727,81.0013861665819,40.2975374413759
14.9670820193884,15.386097656536,25.3294611208691,10.4982949574721,1137.96750609161,1461.98328723386,81.3994161338052,40.2962970029207
15.0726507788948,15.3866875074784,25.2674253198937,10.5559592416368,1138.07306568403,1461.98177615585,81.7995306467436,40.4111756074015
15.1787752277404,15.3872804632588,25.205354757222,10.6115233502116,1138.17918091753,1461.98025712388,82.2016091866608,40.5227434692264
15.2853689624213,15.3878760411093,25.1433063863866,10.6584478586887,1138.28576539612,1461.9787313747,82.605282576527,40.6311984031476
15.3924423169868,15.3884742987698,25.0812803838671,10.7064056823564,1138.39282945294,1461.97719876039,83.0105473108197,40.736665298698
15.4999538673515,15.3890750047893,25.0193068928749,10.750221457196,1138.50033166751,1461.97565987388,83.4172031359472,40.8392953871341
15.6081550476053,15.3896795640211,24.9572481226843,10.8191784576639,1138.60852345209,1461.97411111623,83.8261557811277,40.9390927151798
15.7169415242281,15.3902873935157,24.8951718092583,10.8777030121405,1138.71730048221,1461.97255398083,84.236963807853,41.0362548392887
15.8261180247267,15.3908974022154,24.8331960713206,10.9167020129562,1138.82646750234,1461.97099126275,84.6488430937901,41.130993038841
15.9359856752956,15.3915112726213,24.7711572379437,10.9858110183592,1138.93632561252,1461.96941865176,85.0628813350605,41.2233132573006
16.0463721946429,15.3921280421349,24.7091605486155,11.0376933905771,1139.04670254643,1461.96783861385,85.4783791447148,41.3134114274065
16.1573094521772,15.3927478888226,24.6471955414781,11.0927624269422,1139.1576301707,1461.96625069285,85.8954062041513,41.4013990217482
16.2688294964165,15.393370991751,24.5852521607096,11.151036036785,1139.26914053107,1461.96465443003,86.3140312617514,41.4873896386306
16.3807074466276,15.3939960944298,24.5234623647226,11.1868235260759,1139.38100876633,1461.96305304424,86.7333591315617,41.5715470927025
16.4931335750125,15.3946242599789,24.4617280527802,11.241636583359,1139.49342513216,1461.96144381201,86.8789377968295,41.6539362730606
16.6060048209579,15.3952549125612,24.400113315404,11.2861444742079,1139.6062865769,1461.95982820851,87.0160794045089,41.7346812164132
16.719265235147,15.3958877395676,24.3386555211955,11.325057919215,1139.71953715609,1461.95820703458,87.1536941387226,41.8138848453327
16.8330908391627,15.3965237244945,24.277266668503,11.3815719940383,1139.83335287603,1461.95657777069,87.2919942739195,41.8916280961412
16.9473763924257,15.3971622793248,24.2160114818711,11.4275629248014,1139.94762850528,1461.95494192324,87.4308503022225,41.9680172785204
17.0623466118363,15.3978046596328,24.1547782048356,11.4960235942398,1140.06258874122,1461.95329627569,87.57053356169,42.0431452976727
17.1779998419318,15.3984508561695,24.0935776792295,11.5643187317716,1140.17823192854,1461.95164085174,87.7110402831942,42.1171188173364
17.2940209408426,15.3990991081226,24.0325851350776,11.6011024189389,1140.29424295273,1461.94998016223,87.8519858191233,42.1900190138912
17.4106023443649,15.3997504907007,23.9717073529307,11.657128014633,1140.41081423288,1461.9483114527,87.9936021298336,42.2619349109261
17.5275457339685,15.4004038958263,23.9110559058167,11.6933234794657,1140.52774746767,1461.94663756181,88.1356464556861,42.33292679855
17.6451508577607,15.4010609983009,23.8504840031368,11.7594911521439,1140.64534237919,1461.94495419907,88.2784809684957,42.403099765775
17.7634165978587,15.4017217918782,23.7900026362075,11.825547046227,1140.76359784966,1461.94326138048,88.4221022927394,42.4725335498246
17.8823754606257,15.4023864581831,23.7296059315426,11.8948532943891,1140.8825463826,1461.94155864074,88.5665478186229,42.5413072037067
18.0020298937516,15.4030550108921,23.6693037592558,11.9644042902799,1141.0021904255,1461.93984594483,88.7118183618518,42.6094894333446
18.1222987008849,15.4037269963314,23.6091478772916,12.0258363560923,1141.12244878906,1461.93812445496,88.8578131435647,42.6771245156565
18.2432138254737,15.4044025929807,23.5491330271407,12.0904624893293,1141.24335341396,1461.93639371391,89.0045686925579,42.7442694083975
18.3646216829654,15.4050809427075,23.489345603038,12.1397315009588,1141.36475072897,1461.93465592004,89.1518963348823,42.8109331560331
18.486648516602,15.4057627508783,23.4297335841745,12.2016237405371,1141.48676696637,1461.93290926633,89.2999469524044,42.8771776197063
18.6093411963454,15.4064482793727,23.3702853932079,12.2682025693483,1141.60944899207,1461.93115308191,89.4487749801839,42.9430422929213
18.7324079738708,15.4071358980872,23.3111523874365,12.3056090990522,1141.73250508306,1461.92939154278,89.5980241296235,43.008476536654
18.8560781409164,15.4078268881578,23.2522341442361,12.3659428115106,1141.85616451117,1461.92762136692,89.6798710336362,43.0735468327837
18.9801226311879,15.4085199697079,23.1936496605779,12.4033718836678,1141.98019823001,1461.92584583311,89.6798710336388,43.1382012460797
19.1048180039114,15.4092166879744,23.1352786139391,12.4684544769021,1142.10488277478,1461.92406098277,89.6798710336388,43.2025040627251
19.2300481695894,15.4099163943231,23.0771867794284,12.5219291284679,1142.23010206606,1461.92226847758,89.6798710336362,43.2664147877046
19.3557917410288,15.410618969256,23.0193947828457,12.5732652464414,1142.35583471853,1461.92046862366,89.6798710336362,43.3299080770342
19.4821244061449,15.4113248356687,22.9618790292737,12.6321694987137,1142.48215641351,1461.91866033764,89.6798710336388,43.3929718463561
19.6090676939119,15.4120341138517,22.90464168798,12.693226461422,1142.60908867813,1461.91684331136,89.6798710336362,43.4555701840163
19.7366959685521,15.4127472193047,22.8476619959497,12.761719200647,1142.73670587013,1461.91501648039,89.6798710336388,43.5176654210615
19.864760430159,15.4134627618924,22.7910627893751,12.8053341096987,1142.86475921123,1461.91318340597,89.6798710336388,43.579148911039
19.993445650136,15.4141817728824,22.7347739688141,12.8674045563161,1142.99343325679,1461.91134144622,89.6798710336388,43.6399847625183
20.1227285376879,15.4149041232579,22.6788183533008,12.9271661239488,1143.12270491803,1461.90949093164,89.6798710336388,43.7000849503088
20.2524383889998,15.4156288592346,22.6232813508178,12.9698587923903,1143.25240350596,1461.90763430564,89.6798710336388,43.7593384546864
20.382821610855,15.4163573575767,22.5680696542907,13.0371899995125,1143.38277540595,1461.90576804122,89.6798710336388,43.8176689857899
20.5136362674553,15.4170882665015,22.5132980735443,13.080329727613,1143.51357870323,1461.90389560139,89.6798710336362,43.8749445487403
20.6448998480345,15.417821683727,22.4589701714432,13.1252182273076,1143.6448308855,1461.90201673579,89.6798710336388,43.9310526718619
20.7766882416878,15.4185580332737,22.4050662116671,13.1776949774495,1143.77660783528,1461.90013035819,89.6798710336362,43.9858653107922
20.909119329047,15.4192979737831,22.3515512015531,13.2419587671965,1143.90902742295,1461.89823478127,89.6798710336362,44.0392266806095
21.0419600656179,15.4200402031511,22.2985318208238,13.2829201311977,1144.04185662426,1461.89633334076,89.6798710336361,44.0909977584786
21.1754022156089,15.4207857928339,22.2459438651878,13.3430562507965,1144.17528718677,1461.8944232918,89.6798710336388,44.1409889240468
21.3094916117013,15.4215349989156,22.1937835386179,13.4077752405473,1144.30936493917,1461.89250397838,89.6798710336388,44.1889950722136
21.4439923302655,15.422286503205,22.142155569491,13.448903916017,1144.44385397833,1461.89057877741,89.6798710336388,44.234874063691
21.5790327235023,15.4230410228526,22.0910229390349,13.5028666970027,1144.5788826453,1461.8886458517,89.6798710336388,44.2783903982185
21.7145165084101,15.4237980198903,22.0404347109281,13.5472020138752,1144.71435466544,1461.88670657943,89.6798710336362,44.3193631179793
21.8505477016834,15.4245580754969,21.9903648296677,13.6019380970158,1144.85037404641,1461.88475947173,89.6798710336362,44.3575214963793
21.9869996902863,15.4253204822395,21.9408726072065,13.6440139759784,1144.98681418617,1461.88280634089,89.6798710336388,44.3926876636803
22.1240148158814,15.426086035433,21.891919361887,13.7003227851748,1145.12381741402,1461.88084514949,89.6798710336388,44.4245289555696
22.261420763725,15.4268537722919,21.8435794601229,13.7394016163177,1145.26121143019,1461.87887836398,89.6798710336388,44.4528900789933
22.3992657111061,15.4276239620006,21.7958478262092,13.7832977580033,1145.39904440777,1461.87690529478,89.6798710336362,44.4774747798263
22.5378098759396,15.4283980584906,21.7486488932937,13.8532134315882,1145.53757654208,1461.87492221719,89.6798710336388,44.4977589963089
22.6769379334248,15.4291754174007,21.7020378367065,13.9115976264803,1145.67669251835,1461.87293078195,89.6798710336362,44.5134909021471
22.8167302920371,15.429956488002,21.6560034586022,13.9780219707322,1145.81647273806,1461.87092983811,89.6798710336362,44.5242220659388
22.9571836529424,15.4307412518627,21.6105633938347,14.0441164602,1145.95691390266,1461.86891943289,89.6798710336388,44.5295540515681
23.0982230697018,15.4315292902303,21.5657579030539,14.1027169565843,1146.09794107222,1461.86690063905,89.6798710336362,44.5291645792455
23.2397280613201,15.4323199299332,21.5216396774049,14.1492703996515,1146.23943377622,1461.86487518112,89.6798710336388,44.5824623904782
23.381725656122,15.4331133219888,21.4782139695104,14.1985264404431,1146.38141904062,1461.86284267222,89.6798710336388,44.6332213554072
23.5242013254906,15.4339093852205,21.4354990899718,14.2463297457654,1146.52388233808,1461.86080332031,89.6798710336362,44.6814217239414
23.6671632427841,15.4337004758073,21.3925439470987,14.3016530265681,1146.66684063488,1461.85976465953,89.6914171090521,44.7276292426491
23.8104363319196,15.4328384448418,21.3497443852198,14.3371233527826,1146.81011579116,1461.85937637997,89.7104672835079,44.7718226299625
23.954215641379,15.4319733681014,21.3076757114836,14.3877800621009,1146.95389717507,1461.85898672852,89.7295856786272,44.813254388349
24.0985394127045,15.431105015498,21.266341698038,14.4422635452133,1147.09822302869,1461.85859560155,89.748777385201,44.851788583821
24.2433148331493,15.4302339454583,21.2257834525935,14.487459395849,1147.24300053796,1461.85820325057,89.7680300665056,44.8874787178173
24.3887062559933,15.4293591691176,21.1859702053585,14.5491018329512,1147.38839405851,1461.85780923019,89.7873655845893,44.9199677221242
24.5346816157556,15.4284808794048,21.1469273437388,14.6075355253833,1147.5343715244,1461.85741362731,89.8067796821178,44.9491847118029
24.681325075332,15.4275985699369,21.1086495609923,14.67439127275,1147.68101709975,1461.85701621382,89.8262835598595,44.9748530165864
24.8284326944415,15.4267134677611,21.0712062182006,14.720839021711,1147.82812684133,1461.85661754244,89.845850099609,44.9971749056541
24.9761284317224,15.4258248270556,21.0345811795745,14.7796911259005,1147.97582470956,1461.85621727721,89.8654957943527,45.0157869578511
25.1244400646482,15.4249324806918,20.9987845249201,14.8413228802533,1148.12413848233,1461.85581534287,89.8852243457142,45.0304667600587
25.2734222167733,15.4240361000162,20.9638209340677,14.9084207318384,1148.27312278397,1461.85541159137,89.9050430272998,45.0409189406899
25.4230968928402,15.4231355526327,20.9297039600072,14.9777205650344,1148.42279961954,1461.85500596309,89.9249547745205,45.0468851948301
25.5727596670283,15.4222350768596,20.896606004335,14.9765295618435,1148.57246455306,1461.85460036706,89.9448658768242,45.0496256160739
25.7224369998698,15.4213345134911,20.8645260797361,14.9779864244838,1148.72214404545,1461.85419473158,89.9647798498004,45.0490074844584
25.8720295260153,15.4204344603791,20.833489476915,14.9694999454834,1148.87173872991,1461.85378932594,89.9846834678817,45.1953113216369
26.0216906746914,15.4195339943861,20.8034687885393,14.9763668993232,1149.0214020379,1461.85338373431,90.0045971402759,45.331806043878
26.1713366447849,15.4186336197179,20.7744858416242,14.9748480012652,1149.17105016708,1461.85297818383,90.0245097122934,45.4589402064715
26.3209534477858,15.4177334205395,20.7465472203346,14.9719292940409,1149.32066912876,1461.85257271239,90.0444193174002,45.576982412794
26.4707539383317,15.4168321161684,20.7196189980319,14.9903106314328,1149.47047178062,1461.85216674314,90.0643542769645,45.6858483018676
26.6204032707435,15.4159317212703,20.69376577861,14.9751844634314,1149.62012327218,1461.85176118354,90.0842700263586,45.7862731905674
26.7701637591191,15.4150306575801,20.6689457615245,14.9863076741854,1149.76988592129,1461.85135532271,90.1042014699562,45.878092406625
26.9200207521283,15.4141290132508,20.6451673651963,14.9959647482552,1149.91974507644,1461.85094920033,90.1241466549293,45.961558100028
27.069721507861,15.413228308954,20.6224737127962,14.9803303181101,1150.06944799205,1461.85054350138,90.1440719373506,46.0371072892824
27.2193165921476,15.4123282404505,20.6008578561816,14.9697559348331,1150.2190452347,1461.85013808879,90.1639840404717,46.1047989020479
27.369172108761,15.4117049975428,20.5805480077678,14.9956886046927,1150.36890048402,1461.84945358849,90.1807398620997,46.1644225753732
27.5187245873265,15.4112261527095,20.561490236133,14.9652982815856,1150.51845144675,1461.84862734007,90.1958213929114,46.2165388488632
27.6684630462375,15.4107467123948,20.5434818354702,14.9839088146656,1150.66818838793,1461.84780006416,90.2109223379661,46.2610424757898
27.818077740428,15.4102676683565,20.5265635467989,14.9715240252053,1150.81780156564,1461.84697347201,90.2260114582021,46.2981771273505
27.9678229457338,15.4097882064409,20.5107093541804,14.9845839074987,1150.96754525315,1461.84614615882,90.2411143961423,46.327980460809
28.1176318139615,15.4093085406861,20.4959309399874,14.9909544780571,1151.11735260294,1461.84531849391,90.2562244088584,46.3505880041757
28.2675128311598,15.408828643921,20.4822312848754,14.9981742237776,1151.26723210096,1461.84449043038,90.2713423510998,46.3661048198112
28.4170722644921,15.4083497768195,20.4696458403376,14.9659942256543,1151.41679001838,1461.84366414354,90.2864285048117,46.3744824808286
28.5667950146841,15.407870386802,20.458134085357,14.9823368870642,1151.566511251,1461.84283695441,90.3015317791451,46.3758885813398
28.7166679594107,15.4073905158837,20.4477022864228,14.9973664340959,1151.71638267664,1461.84200893549,90.2980422941377,46.3704263290785
28.8662444090046,15.4069115942988,20.4383816031906,14.9676969953754,1151.86595761015,1461.84118255464,90.293214452403,46.3772551074414
29.0158241234617,15.4064326622604,20.4301516429842,14.9680237011216,1152.01553580848,1461.84035615575,90.2883865048765,46.3824881216731
29.165403829111,15.40595373025,20.423013940395,14.9680228197179,1152.16511399801,1461.83952975692,90.2835585572918,46.3861215430591
29.3152732106207,15.4054738707407,20.4169589965199,14.9970098729432,1152.31498186047,1461.83870175768,90.2787212596315,46.3883632780453
29.4650641642108,15.4049942623459,20.4120049773358,14.9891618103918,1152.4647712958,1461.83787419174,90.2738864931609,46.3889507592897
29.6149014351131,15.4045145056499,20.4081482039884,14.993796654261,1152.61460704797,1461.8370463699,90.2690502315772,46.3879686289562
29.7646662988632,15.404034980791,20.4053920679862,14.9865510730632,1152.76437039372,1461.8362189481,90.2642163069907,46.406765064245
29.9145604250978,15.4035550420527,20.4037339297255,14.9994860083575,1152.91426300065,1461.83539081215,90.2593782102317,46.4223606140797
30.0642137689773,15.4030758742636,20.4031769227021,14.9753915914882,1153.06391482766,1461.83456400648,90.2545478852121,46.4345230367909
30.2137852718316,15.4025969685174,20.4037169947588,14.9672019889776,1153.21348481448,1461.83373765296,90.2497202018915,46.4433734056263
30.3633646014997,15.402118037711,20.4053535685691,14.9679851963383,1153.36306262803,1461.8329112562,90.244892266151,46.4489582917757
30.5131872429556,15.4016383278565,20.408091718899,14.9923327265051,1153.51288375091,1461.83208351519,90.2400564773681,46.4513271044015
30.6628796417209,15.4011590350196,20.4119254209781,14.979299704663,1153.66257463241,1461.83125649374,90.2352248927365,46.4503773605143
30.8125198055282,15.4006799094312,20.4168540476109,14.9740726985293,1153.81221327948,1461.83042976089,90.2303949944921,46.4466256687638
30.96228794393,15.4044120264094,20.4270905473715,14.9978505360079,1153.96194314672,1461.82539082904,90.177263313196,46.4354677955611
31.1117853254713,15.4126805862219,20.4429350956523,14.9825722854678,1154.11136267998,1461.81581798986,90.072120251566,46.424313406013
31.2612040612038,15.4209447962087,20.4598539108617,14.9746904315811,1154.26070360839,1461.80625018665,89.9670225212221,46.4114564496354
31.410557773832,15.4292054098286,20.4778442935356,14.9681738401146,1154.40997954754,1461.79668654709,89.8619612601282,46.3958522502871
31.5600215899692,15.4374721131701,20.4969249824889,14.9792083730851,1154.55936553288,1461.78711585723,89.7568139795836,46.3806355263088
31.7093960493024,15.445733874271,20.5170677366646,14.970253067218,1154.70866220794,1461.77755088919,89.6517217037614,46.3589104248191
31.858787843959,15.453996594172,20.5382830081594,14.9719904069183,1154.85797620929,1461.7679848111,89.5466100818046,46.3355914579599
32.0084152946293,15.462272347986,20.5606011983807,14.9956077654613,1155.00752574395,1461.75840364315,89.4413261946289,46.3174523755211
32.158032623841,15.4705475419916,20.5839845869186,14.9945933966199,1155.15706516242,1461.7488231233,89.3360436765344,46.3010613012812
32.3074472017286,15.478811522012,20.6083971706403,14.9742737338995,1155.30640193514,1461.73925558633,89.2322770477751,46.2725270612735
32.457003075581,15.4870833169793,20.6338907370924,14.9884343632392,1155.45587993025,1461.72967900168,89.1318637440122,46.2362025277664
32.6065275912851,15.495353377557,20.6604331066671,14.9852916612115,1155.60532658354,1461.72010442501,89.0314676682365,46.2059670211272
32.7560474125475,15.5036231784895,20.6880245742725,14.9848211859993,1155.75476854484,1461.71053014894,88.9310715351982,46.1856084664257
32.9053872387663,15.5118830240651,20.7166266607312,14.9667821492988,1155.90403060482,1461.70096739858,88.8307936726823,46.1689295439384
33.0548921390381,15.5201519997317,20.7463009732639,14.9833258098643,1156.05345765289,1461.69139407795,88.7304029917665,46.1399278193304
33.2042460406145,15.5284126238021,20.7769804721926,14.9681927764404,1156.2027337809,1461.68183042629,88.6301123460857,46.0983471991312
33.3537048194365,15.5366790485345,20.8087126550017,14.9787035351899,1156.35211473154,1461.67226005898,88.5297505319747,46.0603181298657
33.5030767345222,15.5449406689154,20.8414522933792,14.9699980836757,1156.50140886368,1461.66269525386,88.4294469187436,46.0316137619945
33.6524207787328,15.553200747784,20.8752063109237,14.9672048748902,1156.65067513945,1461.65313223341,88.3291625073977,46.0073389716366
33.8017615083392,15.5614606433254,20.9099749964774,14.9668726864888,1156.79993810235,1461.6435694252,88.2288814227119,45.9722373910071
33.9511743282533,15.5697245261137,20.9457715458861,14.974097550438,1156.94927311801,1461.6340020008,88.1285536465711,45.9253452249529
34.1005168037775,15.5779845182199,20.9825566814475,14.9670476617117,1157.09853782592,1461.62443908079,88.0282754356574,45.8817835956243
34.2500087983974,15.586252780087,21.0203800705909,14.9820324101869,1157.24795197506,1461.61486658656,87.9278997766911,45.8467279835956
34.3995160777065,15.5945218873357,21.0592040088401,14.9835642360803,1157.39738140094,1461.60529311359,87.8275174214572,45.8154465763358
34.5483583673139,15.6098663347941,21.1057848509738,14.9939568712283,1157.54608411922,1461.58865037288,87.6456830259601,45.7716088983966
34.6959764047947,15.633894760297,21.1615171330744,14.9660600654664,1157.69348685095,1461.56333466826,87.3638134621328,45.7161060814218
34.8438797698484,15.6579696298014,21.218267611908,14.9949876251817,1157.84117449409,1461.53797003149,87.0813070485724,45.6647738168521
34.9918010891333,15.6820474217935,21.2759292081636,14.9968078912294,1157.98888006528,1461.51260231566,86.7986878965703,45.6203763766732
35.1394396850021,15.7060791936741,21.3343749814818,14.9681443505117,1158.13630332541,1461.48728308539,86.5165443692315,45.5751210851936
35.2872119985296,15.7301327313554,21.3937610946979,14.9817011390126,1158.28386010817,1461.46194092325,86.2340944247536,45.5104303076027
35.4350095545357,15.7541903778641,21.4540380138221,14.9842603144294,1158.43144209659,1461.43659443216,85.9515590364779,45.4347191332962
35.5827500141273,15.7782387305429,21.515164476798,14.9784716697352,1158.57896707188,1461.41125773281,85.6691093432801,45.3660937795661
35.7304760310349,15.8022847323236,21.577150081207,14.9770074172469,1158.72647762554,1461.38592351029,85.3866775423927,45.3128365938341
35.8781081648944,15.8263154523549,21.6399531173058,14.9674892082217,1158.87389443309,1461.36060538822,85.1144724310345,45.2734896988345
36.0257549168395,15.8503485518354,21.7036116130666,14.9689712435752,1159.02132583741,1461.33528475923,84.9323792539894,45.2371233262821
36.1733698024636,15.874376464297,21.7680979300252,14.9657405186398,1159.16872542188,1461.30996959513,84.7503023933684,45.1835183981418
36.3213173920895,15.8984585324259,21.8335664196909,14.999471275087,1159.31645722509,1461.28459737408,84.5677957856316,45.1098035103521
36.4691513040656,15.922522096753,21.8998139143695,14.9879462165188,1159.46407551646,1461.25924464814,84.38541373253,45.0370954098236
36.6168591157357,15.9465651351884,21.9668253400482,14.9751617032429,1159.61156789144,1461.23391354773,84.2031752875158,44.9757899913854
36.764595397275,15.9706128077876,22.0346625211955,14.978048083398,1159.75908869476,1461.20857756489,84.0208934461039,44.9255080044784
36.9122034076329,15.9946396011324,22.1032451900152,14.9650434788386,1159.90648141399,1461.18326357987,83.8387652923091,44.8756980424177
37.0600288417592,16.0187017854831,22.1727272114537,14.9870867008762,1160.05409123988,1461.15791230783,83.6563679730399,44.8053951813949
37.2078186322406,16.0427581679638,22.2429836296905,14.9834730169433,1160.2016654741,1461.13256714849,83.4740174322731,44.7182996831711
37.3556451927818,16.0668205356659,22.3140414018628,14.9872009009519,1160.34927642475,1461.10721568328,83.291628018174,44.6348094974324
37.5033718008928,16.0908666336793,22.3858268496404,14.9770673556556,1160.49678756876,1461.08188135938,83.1093721066483,44.565705823324
37.6511645146617,16.1149234919962,22.4584129560232,14.9837693905784,1160.644364722,1461.05653569871,82.9270485129969,44.51220174071
37.7988944803199,16.1389701365321,22.5317290403635,14.97740775613,1160.79187921866,1461.03120079901,82.7448198843076,44.4661567759774
37.9466879371918,16.1630271158071,22.6058303513827,14.9838447291043,1160.93945711393,1461.0058550109,82.5625341882854,44.4103175122299
38.0945521273246,16.1870956086401,22.680714152593,14.9910159274668,1161.08710563929,1460.98049709242,82.380186210086,44.3183483632834
38.2404689847058,16.2204092512359,22.7642504352293,14.9677805288043,1161.23272622792,1460.94591136967,82.0899004382805,44.2025371485955
38.3865066557602,16.2539444348143,22.8487121721396,14.9837066133588,1161.37846569234,1460.91110306009,81.7971405561291,44.0921826989396
38.5324043413048,16.2874474729897,22.9337599132548,14.9693438685383,1161.52406545709,1460.87632811628,81.5046811381128,44.0034035094519
38.6785563300924,16.3210089077822,23.0196168695379,14.9954358018993,1161.66991900581,1460.84149255888,81.2117471245937,43.940820479421
38.8247122069555,16.354571235408,23.1061303160807,14.995834724881,1161.81577643466,1460.80665607476,80.9188558147909,43.8994036742675
38.9708458218412,16.3881284509317,23.1932773318649,14.9935506091593,1161.96161164699,1460.77182489681,80.6260748882553,43.8638617994204
39.1167290090194,16.4216281597923,23.2809128008397,14.9678563121473,1162.10719694299,1460.73705340871,80.3338765094979,43.8094393141757
39.2626433820033,16.4551350299679,23.3691972813857,14.9710560274008,1162.25281336111,1460.70227448741,80.0417116086063,43.722534038095
39.4085248633403,16.4886343471096,23.4580848793731,14.9676812900265,1162.39839695474,1460.6675034059,79.7624320454499,43.6275620059294
39.5546112752628,16.5221807232381,23.547714532521,14.9887075070711,1162.5441850605,1460.63268347885,79.6518371276929,43.5395812890402
39.7007065537433,16.555729135428,23.6379602800618,14.9896172305674,1162.68998201471,1460.59786143845,79.5412344660784,43.4644325151396
39.846898707539,16.5892997934632,23.7288701738739,14.9995567981771,1162.83587564642,1460.56301630766,79.430558256994,43.3986877608464
39.9930251421839,16.6228553601611,23.8203363834091,14.9928139045869,1162.98170369317,1460.52818684114,79.3199324191812,43.3300485819823
40.1389963040328,16.6563752709785,23.9122946605013,14.9768826588825,1163.12737678419,1460.49339438413,79.2094255716393,43.2374992077018
40.2850048619798,16.6899037692038,24.0048588941545,14.9807195603929,1163.27308719495,1460.45859301371,79.0988926762321,43.1284788391829
40.4308984730106,16.7234058717334,24.0979253385497,14.9689258166763,1163.41868289352,1460.42381904106,78.9884498808086,43.0250410416271
40.5770790407949,16.7569738692289,24.1917447279342,14.9983680542267,1163.56456496287,1460.38897667181,78.8777937698102,42.9385201929615
40.7232215712889,16.7905331320776,24.2861033318877,14.9944653653272,1163.71040907261,1460.35414336882,78.7671711922862,42.8708496685909
40.8692796999453,16.8240730134125,24.3809639696711,14.9858055971877,1163.85616895285,1460.31933018314,78.656618061494,42.8137952825933
41.0153042715502,16.8576051889145,24.476352522165,14.9823625881958,1164.00189534457,1460.28452499583,78.5460967081915,42.7494980785597
41.1614493573137,16.8911650385395,24.5723637141495,14.9947275402059,1164.14774200435,1460.24969108378,78.4354913496288,42.6639310318572
41.3074511375352,16.9246919803698,24.6688177597111,14.9800241545541,1164.29344565123,1460.21489132884,78.3250024697074,42.5746267801117
41.4535801157216,16.9582481311507,24.7658869911101,14.9930748761736,1164.43927623633,1460.18006125606,78.2144261821686,42.4898720137823
41.5997559238924,16.9918150356784,24.8635127457358,14.9978797099891,1164.58515355579,1460.14522002127,78.1038241403196,42.4092101469013
41.7456511741959,17.0253175146402,24.9614689697262,14.9690940087661,1164.73075089028,1460.1104456579,77.9934448546751,42.3235844481764
41.8918439894525,17.0588883245693,25.0601378205567,14.9996246651525,1164.87664518209,1460.07560036946,77.8828517606768,42.2147522336618
42.0380359458089,17.092458937266,25.1593134112871,14.9995365405607,1165.02253861677,1460.04075528573,77.7722714684593,42.0989007346893
42.1841240718647,17.1260057070174,25.2589193740659,14.9888833799877,1165.16832843316,1460.00593495012,77.6617826736118,41.9946133333753
42.3303081978785,17.1595745216028,25.3590860094195,14.9987331344688,1165.31421405347,1459.97109173276,77.5512350607657,41.9102605611456
42.4764134221504,17.1931252176822,25.4596877201614,14.990637685234,1165.46002093317,1459.93626732177,77.4407617161379,41.8448125281089
42.6212231512108,17.2305861663321,25.5635333068685,14.9748884112935,1165.60449824402,1459.89754411227,77.283427810615,41.7867216704183
42.7626480917357,17.2802581487854,25.6767421899665,14.9892814308475,1165.7454843352,1459.84663987141,76.9808960463695,41.7106951133218
42.9038982141329,17.3298687307322,25.7901846959737,14.9707528876641,1165.88629615072,1459.79579855428,76.678679200881,41.6078081897618
43.0451310759257,17.3794732503224,25.9039816968353,14.9689234786911,1166.02709075919,1459.74496344989,76.4441603265342,41.4996689377816
43.1866472249501,17.4291772674859,26.0183715464975,14.9989483952592,1166.16816777585,1459.69402637961,76.2517447987605,41.3991224251061
43.3280289918896,17.4788340862942,26.1330124304068,14.9847055687755,1166.30911082741,1459.64313767857,76.0594580063783,41.31051809184
43.4693625412617,17.528473969885,26.2479688105524,14.979595107442,1166.45000581103,1459.59226633288,75.8671871746873,41.2293334888353
43.61057810879,17.5780724152961,26.3631786863009,14.967090502152,1166.59078317891,1459.54143745336,75.6750316054712,41.14270808982
43.7518327425329,17.6276845817405,26.4787653282652,14.9712310340954,1166.73159949177,1459.49059451242,75.4827819488414,41.0293314374129
43.8930595778771,17.677286984691,26.5946695678002,14.9682847502222,1166.8723880925,1459.43976157719,75.2905335188242,40.8594608223899
44.0343530472896,17.7269127911954,26.7109646114581,14.9753471311671,1167.01324312053,1459.3889046578,75.0981620754114,40.6680204732658
44.1758442550833,17.776608048374,26.8277549290587,14.9963049355987,1167.15429527335,1459.33797656482,74.9054933694549,40.4861773903587
44.317302891961,17.8262918658306,26.944846676948,14.9928528243536,1167.29531495632,1459.28706019536,74.7128453124028,40.3358596188614
44.4586863653457,17.8759492839852,27.0621999670185,14.9848864306766,1167.43625970903,1459.2361708801,74.520280285146,40.2287639234661
44.6000850765328,17.9256120540379,27.179885435635,14.9865014478762,1167.57721965226,1459.18527608019,74.3276795224913,40.166462535517
44.7415538448521,17.9752994299107,27.2979448613761,14.9939266309165,1167.71824943523,1459.13435606403,74.1349726960174,40.1411531613178
44.8827688926401,18.024897692776,27.4161033641642,14.9670354161737,1167.85902628498,1459.08352737158,73.9426052161887,40.1367746344511
45.0240035364607,18.0745028382591,27.534584861523,14.9691123514238,1167.99982266996,1459.03269162578,73.7502091187704,40.1283437769999
45.1653397547739,18.1241436592487,27.6534545735482,14.9798779819428,1168.14072031424,1458.98181931943,73.5576770708967,40.0833940762572
45.3067705318068,18.1738176916296,27.7727033347183,14.9899000279536,1168.28171222381,1458.93091297779,73.3650229867911,39.9808422895528
45.4481940666136,18.2234891803597,27.8922417462283,14.9891324422508,1168.42269691363,1458.8800092429,73.1723898981126,39.8531367845809
45.5896650387891,18.2731773302817,28.0121123635541,14.9941602121911,1168.56372889362,1458.82908843349,72.9797076867161,39.7243172356763
45.7309563707791,18.3228023860702,28.1321186454031,14.9751205910172,1168.70458179086,1458.77823228345,72.7872899536125,39.6100116770532
45.8723065616671,18.3724481145782,28.2524591222816,14.9813589007675,1168.84549336435,1458.72735494784,72.5948162148379,39.5170924943763
46.0136253797713,18.4220828241785,28.373053442066,14.9780337766174,1168.98637366242,1458.6764889045,72.4024136803825,39.4440524238961
46.1550507482424,18.4717549569372,28.4940159583866,14.989326787811,1169.12736018021,1458.6255845096,72.2098989317803,39.3810793487516
46.2964028402853,18.5214013531783,28.6151894480913,14.9815603994858,1169.26827364896,1458.57470648969,72.0175211012085,39.3105921988462
46.4376015478001,18.5709938769303,28.7365011264511,14.9653035508085,1169.40903420914,1458.52388367874,71.8253934427101,39.2072910335905
46.5791253323861,18.6207005758945,28.8583591439816,14.999757669653,1169.55011883766,1458.47294386012,71.6328693195985,39.0373331909436
46.7204036030333,18.6703210442119,28.980269063354,14.9737362514145,1169.69095871409,1458.42209241136,71.4407292954356,38.8316256204221
46.8616182066365,18.7199191510683,29.1023836322661,14.9669883380935,1169.83173512103,1458.3712638788,71.2487301911201,38.6254563100629
47.0029744042096,18.7695669892747,29.224877304239,14.9819955345418,1169.97265268257,1458.32038438115,71.056597268936,38.4448086951225
47.1444805346618,18.8192674876647,29.3477548792461,14.9978865514451,1170.11371971174,1458.26945091693,70.8643236752092,38.3064073663872
47.2858350290245,18.8689147276606,29.4707513125639,14.9818150154804,1170.25463557536,1458.21857203234,70.672323457468,38.217891996073
47.4273157367956,18.9186062969681,29.5941051728098,14.9951920640201,1170.39567726073,1458.16764771871,70.647447208206,38.1768098435808
47.5685606664288,18.9682150550862,29.7174974857717,14.9702025194094,1170.5364838996,1458.11680827065,70.6474472082076,38.1729170227753
47.7100070868448,19.0178945818154,29.8413071288657,14.991558031633,1170.67749140402,1458.06589629836,70.647447208206,38.1869196882883
47.8512404630548,19.0674992820815,29.9651682418571,14.9689780004928,1170.81828652532,1458.01506100882,70.6474472082085,38.1735530465248
47.9858522178294,19.1326595648469,30.0977762911879,14.99534088913,1170.95232453097,1457.9487285129,70.4540709337866,38.1148381057744
48.1174048848117,19.2042211402746,30.2338333786425,14.9755468199193,1171.0832477042,1457.8760216633,70.1796773694337,38.0282298486747
48.2490793574623,19.2758489751383,30.3701455521484,14.9894127986801,1171.21429210025,1457.80324749384,69.9048396462997,37.9272364135729
48.3807050332135,19.3474502656295,30.5065345779442,14.9838579112722,1171.34528793289,1457.73050029358,69.6299261471302,37.8170822882171
48.5123828759763,19.4190799337553,30.6431033767448,14.9897964417841,1171.47633568292,1457.65772426152,69.3547385000933,37.6947109733452
48.6439118720877,19.4906286327825,30.7796416600817,14.9728522014897,1171.60723529855,1457.5850304944,69.0797095069328,37.5493096236883
48.7754176362546,19.5621646941751,30.9162779434971,14.9702075491636,1171.7381117934,1457.51234956716,68.8045893626999,37.3615671812303
48.9071569438209,19.6338277977172,31.0532776960156,14.9967934039957,1171.86922071412,1457.43953956458,68.5288531694541,37.1806211698293
49.0386714585147,19.7053686191916,31.1901627042149,14.971203681929,1172.00010591763,1457.36685380108,68.2534728773197,37.0265415802321
49.1704312434111,19.7770428619227,31.3274206892286,14.9991244796442,1172.13123521769,1457.29403248105,67.977476896394,36.9093068806553
49.3021633550034,19.8487020510232,31.4647660694269,14.995974236693,1172.26233697687,1457.22122645556,67.7014494511009,36.8310108871598
49.4336821059652,19.9202451769285,31.6020034155105,14.9716859255347,1172.39322639638,1457.14853835075,67.4257926081747,36.785146549091
49.5654457615796,19.9919215252395,31.7396094710229,14.9995651101333,1172.52435954864,1457.07571489144,67.1495586231201,36.7564161480196
49.6971099920257,20.0635437885834,31.8772233621468,14.9882468579453,1172.65539375149,1457.00294638267,66.8734820529471,36.6890083207072
49.8288258188151,20.1351941191317,32.0150014330679,14.9941204253386,1172.78647930379,1456.93014935751,66.5972590809159,36.596838261295
49.9605245219826,20.20683513483,32.1528704271822,14.9921711254097,1172.91754781441,1456.85736179627,66.321046634931,36.4863134442222
50.0921806060019,20.2784529667081,32.2908021872216,14.9873194940458,1173.04857390981,1456.78459778989,66.0449110332955,36.35593848948
50.223941142032,20.3501276180381,32.4289494983601,14.9992099863547,1173.17970395742,1456.71177605472,65.7685566472466,36.1960683186961
50.3556179028239,20.4217566975972,32.5671136853973,14.9896732735808,1173.31075063066,1456.63900062065,65.4923911037629,35.9892373958653
50.4871809934977,20.4933239432695,32.7052618203373,14.9767334205576,1173.4416841777,1456.56628801005,65.216489883767,35.7998797400282
50.6188222322684,20.5649336996793,32.8435939768303,14.9856295570603,1173.5726954989,1456.49353220838,64.9404635211244,35.6454571352619
50.7503701110284,20.6364926704259,32.9819286304707,14.9750017435418,1173.70361390682,1456.42082800515,64.664684410603,35.5350272285313
50.8820796358788,20.7081395728669,33.1205327586557,14.9934030321939,1173.83469318733,1456.34803446296,64.3886307847504,35.4684313943451
51.0135916243597,20.7796790201405,33.2590270954644,14.9709161057067,1173.96557587672,1456.27535009565,64.113068186114,35.4380582636206
51.1451570986732,20.8512475624569,33.3976746086161,14.9770047666633,1174.09651179599,1456.20263616766,63.8374832366196,35.427760325209
51.2768291892969,20.9228741015537,33.5365302623202,14.9891416361486,1174.22755382141,1456.12986331471,63.5617775275221,35.3727357090558
51.4084653661859,20.9944811044182,33.6754426433141,14.9850533281802,1174.35856010495,1456.05711031065,63.2862622756604,35.2881686553887
51.5400320324136,21.0660502951081,33.81437501928,14.9771404504811,1174.48949721044,1455.98439572391,63.0110203107478,35.181553629566
51.671592947622,21.1376163573778,33.9533934936243,14.9764857723459,1174.62042859242,1455.91168431566,62.7359307423292,35.0525808585018
51.8032856601933,21.2092541143318,34.0926424145974,14.9914891745453,1174.75149114111,1455.83890006532,62.4607187512303,34.8930053210987
51.9349353243099,21.2808684539331,34.2319358841213,14.9865886722726,1174.88251084734,1455.76613960711,62.1857624345445,34.6868422206323
52.0666233004579,21.3525036343836,34.3713588862081,14.9909499948611,1175.01356868226,1455.69335797451,61.9109043687975,34.4092830984497
52.1981277887151,21.4240390017112,34.5106753699211,14.9700623035501,1175.14444390731,1455.62067775244,61.6366196296832,34.1490084073257
52.3296132739741,21.4955640318517,34.6500583308483,14.9678990612773,1175.27530022029,1455.548008033,61.4548428554159,33.930613508921
52.4613423964353,21.5672215949349,34.7897853618599,14.9956339633116,1175.40639900464,1455.47520365956,61.4548428554136,33.7694009492117
52.5930983740165,21.6388937665751,34.9296257530031,14.9986910666828,1175.53752451561,1455.40238444376,61.4548428554171,33.6722993536141
52.7246668451417,21.710463939087,35.0693508218209,14.9773459144158,1175.66846341736,1455.32966885949,61.4548428554171,33.637526191949
52.8561336503497,21.7819788077168,35.2090504600684,14.9657725823391,1175.79930113967,1455.25700946418,61.4548428554159,33.6547444711545
52.987654920491,21.8535233039967,35.3488895523164,14.9719727010618,1175.9301930663,1455.18431996706,61.4548428554171,33.6601013010733
53.1158868766811,21.9308226670103,35.4910331720207,14.9955715475767,1176.05774558418,1455.10590452665,61.3788968670662,33.6535846296508
53.2385392582009,22.0168034396224,35.6361807009412,14.9785969805333,1176.17964298121,1455.01885669757,61.1849522017445,33.5966487542761
53.3611617749117,22.1027632766495,35.781331119785,14.9749498198845,1176.30151069726,1454.93183006388,60.9909865707156,33.4985087260234
53.4837082603328,22.1886698148419,35.9264292681157,14.9656647001579,1176.42330285003,1454.84485739049,60.7970774964376,33.3622863813068
53.6063884962842,22.2746701137407,36.0717231034349,14.9819986291602,1176.54522793003,1454.75778979279,60.6028974121168,33.1829657159101
53.7289553463171,22.3605909277671,36.2169194955082,14.968151674401,1176.66704032206,1454.67080266639,60.4088419003866,32.9479344004622
53.8515459120964,22.4465283668125,36.362180377242,14.9710478970467,1176.78887628385,1454.58379870866,60.2146983870648,32.7528582295225
53.974260902669,22.5325530291127,36.5076247122453,14.986242945157,1176.91083590455,1454.49670644519,60.0203117384184,32.6097672578012
54.096854962875,22.6184929177927,36.6529612739817,14.9714746446535,1177.03267533926,1454.40970000742,59.8260750576909,32.5225328720887
54.2195380355189,22.7044952052465,36.7984385162125,14.9823450526956,1177.15460323849,1454.32263039648,59.6316601899806,32.4861077143293
54.3421759179483,22.7904658138245,36.9438969055742,14.976826317556,1177.27648622568,1454.23559285757,59.4372842485165,32.397132153875
54.464916509376,22.8765084226271,37.0895114776069,14.9893693817011,1177.39847128964,1454.14848242488,59.2427172705583,32.258927380385
54.5877380557249,22.9626077817886,37.2352560976165,14.9992557868641,1177.52053681021,1454.06131453753,59.0479981632536,32.0671877737235
54.7104410494009,23.048624034122,37.3808936097499,14.9847778559464,1177.64248450785,1453.9742307884,58.8534477186644,31.9278303528393
54.833224931987,23.1346969905397,37.5266603266551,14.9946561996802,1177.76451259649,1453.88708963147,58.6587542139582,31.8436089485292
54.9558617208452,23.2206668325112,37.6722851802428,14.9766927680618,1177.88639449684,1453.80005286867,58.4642836480851,31.7057182788674
55.078666863241,23.3067546923073,37.8181423770111,14.9972524975939,1178.00844371443,1453.7128966234,58.2695402929343,31.5095872164832
55.2014496131395,23.3928268546973,37.9640050495786,14.9945178731752,1178.13047067735,1453.62575627035,58.0748311174374,31.3707547718782
55.3240483276764,23.4787700061188,38.1096807224083,14.9720430425112,1178.25231473775,1453.53874652935,57.880416943652,31.2920373092478
55.4467666917901,23.5647970333111,38.2555298567496,14.9866549298959,1178.37427771121,1453.45165187164,57.6858206793989,31.2673249245109
55.5693973261032,23.6507625608737,38.4013056410807,14.9759411605552,1178.4961534949,1453.3646194768,57.4913756533436,31.1861487751383
55.6921418735095,23.736807942864,38.5472474347209,14.9898524950899,1178.61814249049,1453.2775062365,57.2967666272742,31.0524725596332
55.8147649607226,23.8227681798202,38.6930750332021,14.9750194909831,1178.74001077353,1453.19047919793,57.1023712572423,30.8630063113392
55.9374709280902,23.9087865167465,38.8390310900819,14.9851410101389,1178.86196142656,1453.10339333833,56.9078700691673,30.6055296213141
56.0600558976018,23.994720032742,38.9848727478136,14.9703644677042,1178.98379182654,1453.01639335234,56.7135906858045,30.4039279550156
56.1826893967638,24.0806875685977,39.1308013399904,14.9762910226325,1179.10567045744,1452.92935892428,56.519268868165,30.2684530142864
56.3053689479022,24.1666873874343,39.2768136263824,14.9819149981707,1179.22759485684,1452.84229181259,56.3249130446572,30.2007996069483
56.428191422356,24.2527873972084,39.4230246475707,14.9993691292172,1179.3496612998,1452.75512326656,56.1303743049248,30.1942020696028
56.5510181822295,24.3388904111127,39.5692690994964,14.9998924747482,1179.4717320018,1452.66795167911,55.9358767837787,30.1233512144188
56.6735613990369,24.424794657968,39.7152038691956,14.9652655293874,1179.59352090608,1452.5809813255,55.7418805413134,29.993381679903
56.7961358293754,24.5107207858784,39.8612034024114,14.9690773991391,1179.71534083175,1452.49398881927,55.5478915603648,29.8007251258615
56.9188967593701,24.5967776522576,40.0074524325007,14.991853175296,1179.83734610909,1452.40686395206,55.3536686653636,29.5335598394382
57.0416771542969,24.6828481637846,40.153751735442,14.9942302785197,1179.95937073154,1452.31972527036,55.1594807114125,29.3299430470068
57.1642575691271,24.7687784868947,40.2998394771454,14.9698082393291,1180.08119660487,1452.23272851687,54.9690891596325,29.1999410927389
57.286998170856,24.8548211029186,40.4461445908454,14.9893706396897,1180.20318167907,1452.14561807687,54.9690891596318,29.1438222312775
57.4096611736267,24.9408093211535,40.5923833798742,14.979894072637,1180.32508963197,1452.05856270976,54.9690891596318,29.1543481580913
57.5323813017347,25.0268375849267,40.7387161738766,14.9868703530321,1180.44705435857,1451.97146680012,54.9690891596318,29.1565510300014
57.6551494664117,25.1128995229038,40.8851318902858,14.9927366916847,1180.56906682606,1451.88433679837,54.9690891596318,29.1504317976171
57.7777045426577,25.1988120833661,41.0313187809708,14.9667138318997,1180.69086751677,1451.79735802797,54.9690891596303,29.0835148707778
57.9004189233049,25.284836318101,41.1777207590474,14.9861684596189,1180.81282653129,1451.71026619738,54.9690891596303,28.9609130565212
58.0231935642436,25.3709027960145,41.3242194624898,14.9935275879886,1180.93484543518,1451.62313159935,54.9690891596303,28.7804591001778
58.1458723616013,25.4569020864418,41.4706283494554,14.9818229446991,1181.05676908544,1451.53606502263,54.9690891596303,28.531612596858
58.2685643114515,25.5429105969224,41.6170772155166,14.9834291579993,1181.17870580724,1451.44898911144,54.9690891596303,28.1942548883729
58.3913344086059,25.6289738895889,41.763643411829,14.992972690349,1181.3007201953,1451.36185773819,54.969089159634,27.7378149730316
58.5140261238635,25.7149822356174,41.9101398175509,14.983400509014,1181.42265668395,1451.27478199348,54.9690891596303,27.3342264190051
58.6367624547939,25.8010218577609,42.0567130357872,14.9888490797509,1181.54463751364,1451.18767458452,54.9690891596303,27.0116907428042
58.7593425036322,25.8869519243064,42.2031228751575,14.9697635435406,1181.66646302323,1451.10067809078,54.9690891596325,26.7886395533522
58.8820738199686,25.97298803116,42.3497364303545,14.9882366857515,1181.78843886919,1451.01357424073,54.969089159634,26.6724041731124
59.0048105077032,26.0590279034277,42.4963792209838,14.9888926535263,1181.91042005349,1450.92646657853,54.9690891596318,26.6613555839396
59.1274732351961,26.1450159286895,42.6429562092661,14.9798604550806,1182.03232773281,1450.83941140678,54.9690891596303,26.7448905090033
59.2502254268187,26.2310666693664,42.7896624528182,14.9907860247651,1182.15432432556,1450.7522927413,54.9690891596303,26.8178069415723
59.3728957833872,26.3170600427004,42.9362929981132,14.9807921356824,1182.27623958699,1450.66523215511,54.969089159634,26.880406200999
59.4955162082283,26.4030184133023,43.0828857187638,14.9746943558403,1182.39810522405,1450.57820700604,54.9690891596318,26.9326446929156
59.6180942294956,26.4889470584964,43.229449367764,14.969515931796,1182.51992871855,1450.4912119513,54.9690891596318,26.974503554247
59.7409027130105,26.5750372604565,43.3763100342108,14.9976605229022,1182.64198125669,1450.4040533348,54.9690891596303,27.0055835003796
59.8634518742338,26.660945674418,43.5228817846788,14.9659914754238,1182.7637760688,1450.31707876236,54.9690891596303,27.0265371795795
59.9862283463323,26.7470134359958,43.6697464217928,14.9937512135087,1182.88579679257,1450.22994286474,54.9690891596318,27.0366532773768
