5.00177340071148,15.6227030729682,32.4069007334115,4,655.823149978513,252.746458960034,90.0018593078368,35.3693238936361
5.04193425510109,15.6227017697066,32.3759304732537,4.01507085153367,655.783102795675,252.743439461113,90.0018593078371,35.3969450309572
5.08228625646953,15.6227004602421,32.3448331650883,4.03418072045548,655.742865006882,252.740405590782,90.0018593078368,35.4241245855229
5.12274458125962,15.6226991473272,32.3136744628403,4.04481037655845,655.702521195606,252.737363726511,90.0018593078366,35.4507949282061
5.16338634796596,15.6226978284594,32.2823952553764,4.06314993388252,655.661994461628,252.734308070136,90.0018593078371,35.4769963828665
5.20413900443047,15.6226965059932,32.2510516679675,4.07423610828118,655.621357151756,252.7312440765,90.0018593078368,35.5026713909532
5.24499977682807,15.6226951800185,32.2196460647413,4.08504497023299,655.580612031962,252.728171954155,90.0018593078371,35.5278089074149
5.28601965773677,15.6226938488806,32.1881395228496,4.10095180177828,655.539708254,252.725087869216,90.0018593078368,35.5524297660774
5.32715877024037,15.6226925138734,32.156562951763,4.1128719491139,655.498685581916,252.721994819834,90.0018593078371,35.5764990674808
5.36849752016888,15.6226911723878,32.1248549507326,4.13283064813818,655.457463837462,252.718886760688,90.0018593078371,35.6000517627318
5.40999344956165,15.6226898258017,32.0930484342299,4.1485446237307,655.416085358426,252.715766883983,90.0018593078368,35.6230504778987
5.45159773750241,15.6226884756991,32.0611811012497,4.1593777410523,655.374598827541,252.712638860327,90.0018593078371,35.6454568770175
5.49333615582741,15.6226871212438,32.0292334730632,4.17278739093104,655.332978545915,252.709500752062,90.0018593078371,35.6672739085499
5.53527361615969,15.6226857603295,31.9971562018481,4.1926865632506,655.291159785652,252.706347678798,90.0018593078368,35.6885221970683
5.57736537469779,15.622684394408,31.9649838678572,4.20811248576733,655.249187163909,252.703183004603,90.0018593078371,35.7091650363609
5.61964870674637,15.6226830222698,31.9326883337352,4.22726499708834,655.207023510887,252.70000392693,90.0018593078368,35.729206585811
5.66212280134084,15.6226816439411,31.9002706058171,4.24633643241598,655.164669635255,252.696810506751,90.0018593078368,35.7486311643792
5.70473192637656,15.6226802612305,31.8677735639968,4.25983606525696,655.122181111372,252.693606934291,90.0018593078371,35.7673991242416
5.74747872376186,15.6226788740523,31.8351954948712,4.2735998221836,655.079555304809,252.690393010918,90.0018593078368,35.7854985554993
5.79039011077946,15.622677481533,31.8025162132743,4.29005462737055,655.036765374469,252.687166712853,90.0018593078368,35.8029267718203
5.83348170442574,15.6226760831658,31.7697241939792,4.30807073767063,654.993795747558,252.68392686593,90.0018593078371,35.8196746500744
5.87671331033315,15.6226746802551,31.7368503742809,4.32206842662765,654.950686504678,252.680676492167,90.0018593078368,35.8357114560607
5.92012205777054,15.6226732715959,31.7038668710879,4.33977810449664,654.907400621651,252.677412799995,90.0018593078371,35.8510356330012
5.96372267313856,15.6226718567105,31.6707628932956,4.35896005037472,654.863923413757,252.674134682209,90.0018593078368,35.8656353375677
6.00743923955749,15.6226704380623,31.6375964295718,4.37055222617461,654.820330583,252.670847846629,90.0018593078368,35.879469456742
6.05126877926732,15.622669015748,31.6043700208687,4.38184670122339,654.776625098714,252.667552517137,90.0018593078371,35.8925232438674
6.09520010366729,15.6226675901307,31.5710924203888,4.39202259883516,654.732818117829,252.66424953495,90.0018593078368,35.9047796980906
6.13925745090061,15.6226661604237,31.5377455528877,4.40462169844656,654.688885470807,252.660937077721,90.0018593078371,35.9162312746774
6.18341816557574,15.6226647273625,31.5043468545696,4.41495583124923,654.644849748914,252.657616848798,90.0018593078371,35.9268574566696
6.22774841119009,15.6226632887998,31.4708466159537,4.4319046422839,654.600644975924,252.654283873669,90.0018593078368,35.9366579666059
6.27224347127163,15.6226618448886,31.4372487895368,4.44838192529276,654.556275854959,252.650938506944,90.0018593078371,35.9456134157266
6.31692081847668,15.6226603950621,31.4035405852328,4.46660603249444,654.511724962817,252.647579434939,90.0018593078371,35.9537082021977
6.36172487520817,15.6226589411237,31.3697643070084,4.47927378407212,654.467047719788,252.644210836262,90.0018593078368,35.9609138992353
6.40664004496897,15.6226574835796,31.3359320214463,4.4903822799376,654.422259678225,252.640833883537,90.0018593078368,35.9672114514874
6.45170173593561,15.6226560212807,31.3020173871494,4.50503069894852,654.377325530171,252.637445914597,90.0018593078368,35.9725883100595
6.49694820242787,15.6226545529856,31.2679920143769,4.52350358351132,654.332207129581,252.634044053286,90.0018593078368,35.9770288181409
6.54236097499797,15.6226530792937,31.2338702157802,4.54012998988384,654.286922893627,252.630629688231,90.0018593078371,35.9805098658138
6.58790381405531,15.6226516013811,31.199679595981,4.55313335272714,654.241508959326,252.627205544111,90.0018593078368,35.9830086921111
6.63361220677775,15.622650118096,31.1653938912482,4.56968453684121,654.195929939945,252.623768952818,90.0018593078368,35.9845068396653
6.67947469472,15.6226486298104,31.1310221005162,4.58509016589259,654.150197261496,252.620320775856,90.0018593078371,35.9849822727087
6.72547071705164,15.6226471371915,31.0965800095112,4.59844023135489,654.104331426615,252.616862559094,90.0018593078368,35.9844137202807
6.77158559851667,15.6226456407155,31.0620789521493,4.610323141932,654.058347069019,252.613395405893,90.0018593078371,36.0579693548034
6.81782617002739,15.6226441401607,31.0275141578369,4.6228889711783,654.012237377132,252.60991880267,90.001859307837,36.1279039222018
6.86421503383503,15.6226426347937,30.9928691031184,4.63771445456424,653.965979812676,252.606431050073,90.0018593078368,36.1942341921488
6.91079387622493,15.6226411232616,30.9581130937435,4.65670751333234,653.919532807354,252.602929013911,90.0018593078368,36.2569822566349
6.95755699485509,15.6226396057496,30.9232508632903,4.67513048196908,653.872902047368,252.599413122917,90.0018593078371,36.3161674765844
7.00446877122001,15.6226380834135,30.8883094068493,4.68999249989397,653.826123050409,252.595886055072,90.0018593078368,36.3718006847079
7.05154595578822,15.6226365557098,30.8532766740941,4.70652914149917,653.77917911342,252.59234655099,90.0018593078368,36.4238996482846
7.09876101806169,15.6226350235317,30.818173570503,4.72031342881031,653.732097688976,252.588796680556,90.0018593078368,36.4724704938419
7.14608729588868,15.6226334877446,30.7830202848419,4.73143217451169,653.684905363763,252.585238448366,90.0018593078368,36.5175141619547
7.19357381272306,15.6226319467576,30.747780795484,4.74745202712479,653.637553253084,252.581668168587,90.0018593078368,36.5590554696484
7.2412569141667,15.6226303993912,30.7124286150877,4.76710552170172,653.59000511421,252.578083108568,90.0018593078371,36.5971210096763
7.28909684226435,15.6226288469356,30.6769937053569,4.78278422519096,653.542300592566,252.574486257518,90.0018593078368,36.6317067800144
7.33710681455092,15.6226272889619,30.64146673765,4.79978434822752,653.494426508027,252.570876621674,90.0018593078371,36.6628283511172
7.38526988478345,15.62262572602,30.6058607135886,4.81509027509947,653.446399758871,252.567255475141,90.0018593078368,36.6904859064522
7.43356188713144,15.6226241588941,30.5701939199104,4.82798022942615,653.39824444253,252.563624634831,90.0018593078368,36.7146715607489
7.48204540569078,15.6226225855533,30.5344206006524,4.84712701226582,653.349898152047,252.55997939535,90.0018593078368,36.7354278506658
7.53067210398834,15.6226210075662,30.4985769064755,4.86144136892396,653.301409087082,252.556323390883,90.0018593078368,36.7527314470438
7.57944050593304,15.6226194249807,30.4626643610599,4.87560815376227,653.25277871955,252.552656732409,90.0018593078368,36.7665838061619
7.6283933308615,15.6226178364104,30.4266519910633,4.8940457930532,653.203964451025,252.54897620807,90.0018593078371,36.7770191771621
7.67754359101316,15.6226162414332,30.3905307747749,4.91378432754657,653.154953306099,252.545280839538,90.0018593078368,36.7840542065278
7.72682631246503,15.6226146421575,30.3543489601412,4.92702711117218,653.105810074793,252.541575511887,90.0018593078368,36.7876401336409
7.77621000638307,15.622613039605,30.3181300587895,4.93712180692932,653.056566156813,252.537862592608,90.0018593078368,36.7877459619428
7.82574083513257,15.622611432278,30.2818406276341,4.95183157298478,653.007175520453,252.534138610978,90.0018593078371,36.7844075260883
7.87541134986868,15.6226098204179,30.2454865846579,4.96579664274814,652.957645593475,252.530404127039,90.0018593078368,36.8053891438397
7.92520688219717,15.622608204501,30.2090791046358,4.97829524365018,652.907991002755,252.526660243637,90.0018593078368,36.8264117166364
7.97518331804456,15.6226065827135,30.1725778172684,4.99638102536785,652.858156020547,252.522902758981,90.0018593078368,36.8475361060758
8.02532815348061,15.6226049554612,30.1359923996411,5.01321672993243,652.808153115389,252.519132613181,90.0018593078371,36.8687579108993
8.07559395404107,15.6226033242835,30.0993579389799,5.02531018641774,652.758029587488,252.515353372602,90.0018593078371,36.8900373961237
8.12603881681109,15.6226016872951,30.0626325892541,5.04321188370927,652.707727504196,252.511560669209,90.0018593078368,36.9114391225218
8.1765975498632,15.6226000466114,30.0258643036822,5.05459603520573,652.657311872921,252.507759404464,90.0018593078371,36.9329046441449
8.22733851314636,15.6225984000142,29.9890038679078,5.07281445461089,652.6067145272,252.503944438716,90.0018593078371,36.9545099201058
8.27824617020485,15.6225967480076,29.952063135503,5.08947962094794,652.555950959515,252.500116940075,90.0018593078368,36.9762466673257
8.32930905523717,15.6225950909637,29.915050966182,5.10499849679178,652.505032603215,252.4962777706,90.0018593078371,36.9981102165999
8.38054177396684,15.6225934284085,29.8779573214206,5.12197757598941,652.453944893916,252.492425832157,90.0018593078368,37.0201228983013
8.43195829212475,15.6225917598889,29.8407726777924,5.14035287548784,652.402673905416,252.48856007473,90.0018593078368,37.0423068601746
8.48351798812137,15.6225900867229,29.8035269733718,5.15466704222603,652.351260144329,252.484683552459,90.0018593078371,37.0646261797371
8.53524708824304,15.6225884080596,29.7662018102917,5.17160317507336,652.299677458599,252.480794293518,90.0018593078371,37.0871156768613
8.58709726639846,15.6225867254673,29.7288325826646,5.18370791963065,652.247974037535,252.476895931309,90.0018593078366,37.1097297907263
8.63908106634889,15.6225850385387,29.6914107337757,5.19706672344586,652.196137372881,252.472987522729,90.0018593078371,37.1324880833981
8.69121487096024,15.6225833467423,29.6539249943228,5.2120633999514,652.14415112814,252.469067836029,90.0018593078368,37.1554147725581
8.74351357467968,15.6225816495948,29.6163652233699,5.22854914489664,652.092000451022,252.46513575137,90.0018593078371,37.1785329351007
8.79597881382775,15.622579947043,29.5787308405182,5.24519848055901,652.039683709839,252.461191145722,90.0018593078371,37.2018511813163
8.84860082362106,15.6225782394039,29.5410294397277,5.2608715845714,651.987210641735,252.457234753254,90.0018593078371,37.2253651801667
8.90141607614398,15.6225765254939,29.5032355198857,5.28019097562177,651.934544877857,252.453263831807,90.0018593078368,37.2491229906009
8.95433957446835,15.6225748080711,29.4654104750176,5.29101282114159,651.881771174557,252.449284771886,90.0018593078371,37.2730341036259
9.00738328842224,15.6225730867472,29.4275462299772,5.3030313470773,651.828877595886,252.445296673537,90.0018593078371,37.2971174521012
9.06057117915347,15.6225713607447,29.3896262118507,5.3174453824665,651.775840248518,252.441297735239,90.0018593078368,37.3214062845299
9.11388445178713,15.6225696306733,29.3516643627797,5.32998040516624,651.722677874128,252.437289370087,90.0018593078371,37.3458843496379
9.16736112808068,15.6225678952994,29.313634182135,5.34631664307086,651.669352558578,252.43326871941,90.0018593078371,37.37060187503
9.22100984094573,15.6225661543427,29.2755301714643,5.3635159540502,651.61585569339,252.429235134142,90.0018593078368,37.3955752244867
9.27477246716295,15.6225644096893,29.2373941916795,5.37490441147001,651.56224523727,252.425192984284,90.0018593078371,37.4207410220657
9.32870082946562,15.6225626596577,29.1991900581034,5.39147383300351,651.508469514166,252.421138373537,90.0018593078371,37.4461664637658
9.38276764566598,15.6225609051331,29.1609377119207,5.40531572499076,651.454555729044,252.417073353116,90.0018593078371,37.4718243431829
9.43701949646564,15.6225591446039,29.1226048433416,5.4238145103864,651.400457433047,252.412994420846,90.0018593078368,37.4977765646065
9.49139546383135,15.622557380047,29.0842351268568,5.43622303141044,651.346235371784,252.408906156856,90.0018593078368,37.5239544961643
9.54594630747658,15.6225556098152,29.0457933673114,5.45370624145256,651.291838929212,252.40480474477,90.0018593078371,37.5504253165258
9.60066065056475,15.6225538342777,29.0072882659014,5.47005205524848,651.237279449968,252.400691039959,90.0018593078368,37.5771804811436
9.655558783735,15.622552052776,28.9687062460773,5.48842642034632,651.182536700842,252.396563516867,90.0018593078368,37.604250438509
9.71055718791912,15.6225502680204,28.9301066223705,5.49845098857996,651.127693964509,252.392428454885,90.0018593078371,37.631536094401
9.76568004647167,15.6225484792261,28.8914729593315,5.51089328132332,651.072727126065,252.388284035787,90.0018593078371,37.6590715895332
9.82091891439773,15.6225466866672,28.8528117399861,5.52249128791033,651.017644606601,252.384130894509,90.0018593078371,37.6868503251551
9.87627338468451,15.6225448903569,28.8141238048763,5.53404860351929,650.962446811979,252.379969061653,90.0018593078368,37.7148755933836
9.93174617713895,15.6225430902068,28.7754078165057,5.54587783109625,650.907131030088,252.37579833273,90.0018593078371,37.7431545526763
9.98734117023349,15.6225412860913,28.7366616455908,5.55809480793071,650.851693393435,252.371618416136,90.0018593078371,37.771695790805
10.0430786354221,15.6225394773524,28.6978717825365,5.5723384180618,650.796113687941,252.367427787759,90.0018593078368,37.8005289401447
10.098947534013,15.6225376643483,28.6590465467963,5.58547843787814,650.740402921055,252.363227277546,90.0018593078371,37.8296434960838
10.1549326550193,15.6225358475727,28.620197111677,5.59709774326994,650.684576260711,252.359018029136,90.0018593078366,37.8590231696964
10.2110977273219,15.6225340249575,28.5812799357925,5.6150883267866,650.628570158406,252.354795251065,90.0018593078368,37.8887539393022
10.2674200251953,15.6225321972402,28.5423115162082,5.63080691186008,650.572407275542,252.350560651969,90.0018593078368,37.918809943478
10.3239405134205,15.6225303630913,28.5032642954459,5.65062094013202,650.516046763285,252.346311151906,90.0018593078371,37.9492481457231
10.380638122868,15.6225285231947,28.4641536525476,5.66832858773642,650.459509631132,252.342048334963,90.0018593078371,37.9800444715784
10.4374684183598,15.6225266789924,28.4250109676043,5.68159384009889,650.402840188489,252.337775542002,90.0018593078371,38.0111434611783
10.4944963261299,15.6225248283772,28.3857922888969,5.70135007563508,650.345973692892,252.333487891536,90.0018593078371,38.0426333249784
10.5516856580931,15.6225229725237,28.3465233228679,5.71748841687799,650.288946229997,252.329188104373,90.0018593078368,38.0744689868178
10.6090454092488,15.6225211111399,28.3071986766616,5.7345260308077,650.231748830266,252.324875504221,90.0018593078371,38.1066646568067
10.6665732705613,15.6225192443008,28.2678207346115,5.75133279951051,650.174383796198,252.320550264685,90.0018593078371,38.1392193702044
10.7242176280928,15.6225173736813,28.228425547255,5.76297947833775,650.116902595642,252.316216266367,90.0018593078368,38.172066096831
10.7820289942605,15.6225154976421,28.1889793186616,5.779676122826,650.059254859153,252.311869711483,90.0018593078371,38.205273562556
10.8400258948255,15.6225136155821,28.1494702532006,5.79822487537045,650.001422113404,252.307509207172,90.0018593078371,38.2388679352644
10.8981968555227,15.6225117278738,28.1099070318038,5.81562649129186,649.943415800184,252.303135616128,90.0018593078371,38.2728350312854
10.9565343101645,15.6225098347625,28.0702956408517,5.83227167960484,649.885243464265,252.298749507215,90.0018593078368,38.3071655336789
11.0150619708042,15.6225079354788,28.0306208550809,5.85128747419681,649.826881460709,252.294349097641,90.0018593078368,38.3418918392978
11.0737038122455,15.6225060324899,27.9909350048671,5.86270266979694,649.768405599529,252.289940103368,90.0018593078366,38.3769119708961
11.1325319030528,15.6225041234569,27.9511901126109,5.88132290116971,649.709744016144,252.285517105913,90.0018593078371,38.4123227427164
11.1915156563118,15.6225022093726,27.9114077158846,5.89688521381229,649.650927210896,252.281082404958,90.001859307837,38.4480826521801
11.2506055259452,15.6225002918446,27.8716219734491,5.90749417043984,649.592004589626,252.276639725629,90.0018593078371,38.4841242645962
11.3098177992594,15.6224983703446,27.8318226088725,5.91973144621815,649.532959911127,252.272187843364,90.0018593078371,38.5204685445912
11.3691777364299,15.6224964440527,27.7919934118031,5.9344941013981,649.47376798672,252.267724858973,90.0018593078368,38.5571483166268
11.4287264775526,15.6224945116339,27.7521076700118,5.95336972685059,649.414387792754,252.263247679333,90.0018593078368,38.5942174984107
11.4884034848228,15.6224925750527,27.7122067968039,5.96619310120813,649.354879695685,252.258760855987,90.0018593078368,38.6315926973438
11.5482288739586,15.6224906336564,27.6722781429911,5.98102753916982,649.295223636732,252.254262876531,90.0018593078368,38.6692988882793
11.6081692881223,15.6224886885274,27.6323447547039,5.9925271360692,649.235452878318,252.249756248904,90.0018593078368,38.7072887979822
11.6682205482569,15.6224867398014,27.5924101375837,6.0036089328606,649.175571587673,252.245241287308,90.0018593078371,38.7455542108127
11.7284429221704,15.6224847855225,27.5524350426145,6.0207159878732,649.115519667571,252.240713460502,90.0018593078368,38.7841730492133
11.7887963564469,15.6224828269906,27.5124469303711,6.03381871318438,649.055337058059,252.236175779905,90.0018593078371,38.8230881945255
11.8492908014275,15.6224808638827,27.4724400334654,6.0479162212414,648.995013836961,252.231627497401,90.0018593078368,38.8623093298994
11.9099017180463,15.6224788969952,27.4324313852738,6.05956044262502,648.934574473887,252.227070457962,90.0018593078368,38.9017997480953
11.9706520946678,15.6224769255821,27.3924066200411,6.07350291968783,648.873996045539,252.222502933205,90.0018593078368,38.9415858916331
12.0315441313237,15.6224749495719,27.3523651509388,6.08766534436953,648.813276358112,252.217924757721,90.0018593078371,38.9816660145851
12.0925757652979,15.6224729690317,27.3123092044602,6.1016215495392,648.752417468484,252.213336086594,90.0018593078371,39.022032348004
12.1537364189694,15.6224709843047,27.2722465759994,6.11452025982545,648.691429924336,252.208737715105,90.0018593078368,39.0626655735761
12.215090543377,15.6224689932993,27.2321360117027,6.13386244577116,648.630249457054,252.204124797494,90.0018593078368,39.1036447063618
12.2766330956099,15.6224669961793,27.1919818960688,6.15270046803628,648.568881095274,252.199497712914,90.0018593078371,39.1449562267743
12.3383139367113,15.6224649945716,27.1518179327002,6.16652586128556,648.507374836038,252.194860231067,90.0018593078368,39.1865274833781
12.4001931001906,15.6224629865282,27.1116060487257,6.18635308882681,648.445670815758,252.190207838327,90.0018593078371,39.2284293368074
12.4622659695095,15.6224609721988,27.0713503814288,6.20571877918199,648.383773637905,252.185540881789,90.0018593078371,39.270647333654
12.5245291627213,15.6224589516932,27.0310542561486,6.22474636029445,648.321686674853,252.180859615726,90.0018593078371,39.313168176793
12.5869506850026,15.6224569260497,26.9907394510285,6.24057526737678,648.259441830867,252.176166445671,90.0018593078368,39.3559415907548
12.6495140685513,15.6224548958026,26.9504175846462,6.25475781025591,648.197055527138,252.171462609758,90.0018593078371,39.3989374158456
12.7122352825907,15.6224528604337,26.91007935524,6.27053687203436,648.134511839644,252.166746907341,90.0018593078368,39.4421664388479
12.7750927215509,15.6224508206442,26.8697396452042,6.28415592265541,648.0718323128,252.162020962835,90.0018593078368,39.4855913960315
12.8380643413777,15.6224487771495,26.8294135067624,6.29557112475385,648.009038928268,252.157286433626,90.0018593078371,39.5291747394734
12.9012254699713,15.6224467275049,26.7890537245633,6.3145172138558,647.946056571357,252.152537656177,90.0018593078371,39.5729995098477
12.9644954726593,15.6224446743273,26.7487128446723,6.32540187280618,647.882965648508,252.147780693015,90.0018593078371,39.6169543759737
13.0279251232349,15.622442615969,26.7083594605033,6.34136262835695,647.819715529641,252.143011726707,90.0018593078368,39.6610903134238
13.0915093189671,15.6224405525954,26.6679978899037,6.35681323973222,647.756311303043,252.138231140902,90.0018593078371,39.7053884559133
13.1552333776914,15.6224384846832,26.6276384911352,6.37079600556048,647.692767609322,252.133440039479,90.0018593078371,39.7498181811794
13.2191230232797,15.6224364113976,26.5872660431635,6.38735050874056,647.629058797414,252.128636488388,90.0018593078371,39.7943967590034
13.2831331446766,15.6224343342023,26.5469100900104,6.3993950459989,647.565229850694,252.123823879307,90.001859307837,39.8390568354392
13.3472794195799,15.6224322525888,26.5065617299219,6.41300695698003,647.501265135838,252.119001033508,90.0018593078368,39.8838030770523
13.4115801918928,15.6224301659616,26.4662104896029,6.42845279485446,647.437146360862,252.114166571801,90.0018593078371,39.9286419215569
13.4760040982767,15.6224280753386,26.4258770958068,6.44076309121905,647.372904800335,252.109322852244,90.0018593078368,39.9735220546887
13.5405786624115,15.6224259798266,26.3855453622185,6.45582506021943,647.308513008479,252.104467805465,90.0018593078368,40.0184591238315
13.6052901766924,15.6224238798705,26.3452249349196,6.46951661505263,647.243984654102,252.099602462071,90.0018593078368,40.0634211979251
13.670118408764,15.6224217761267,26.3049294372035,6.48118544546414,647.179339912293,252.094728343236,90.0018593078371,40.1083694585194
13.7351242737769,15.6224196666185,26.2646221236022,6.49894425204016,647.114518040317,252.089840869046,90.0018593078371,40.1533528395035
13.8002728174035,15.6224175524803,26.2243258540501,6.51320850890122,647.049553893565,252.084942667546,90.0018593078371,40.1983145345196
13.8655890358526,15.6224154329008,26.1840263414003,6.52997175517252,646.984422546578,252.080031859393,90.0018593078371,40.2432617071897
13.931007194449,15.6224133100133,26.1437652321517,6.54016319457201,646.919189547976,252.075113386857,90.0018593078368,40.28810632558
13.9965869934685,15.6224111818804,26.1035068680851,6.55632315334391,646.85379536646,252.070182761366,90.0018593078368,40.3328904597435
14.0622774465536,15.6224090501566,26.0632836615538,6.56738576445022,646.788290844074,252.065243816335,90.0018593078368,40.3775419924892
14.1281272186605,15.6224069132628,26.0230669307677,6.58331364172736,646.722627453603,252.060292892883,90.0018593078371,40.422088490313
14.1941691811066,15.6224047701322,25.982837920032,6.60252782033981,646.65677241677,252.055327519576,90.0018593078368,40.4665382103433
14.260354678645,15.6224026223438,25.9426275608332,6.61687770340584,646.590774251108,252.050351354564,90.0018593078368,40.5108202274656
14.3266814336981,15.6224004699713,25.9024384185091,6.63099988630499,646.524635227747,252.045364569089,90.0018593078371,40.5549089212919
14.3931252081208,15.6223983138015,25.8622863061733,6.64269886697169,646.458379516229,252.040368985498,90.0018593078371,40.5987586428225
14.4597251809342,15.6223961525629,25.8221487201459,6.65831475998965,646.391968048425,252.03536165811,90.0018593078371,40.6423801021257
14.5265119058552,15.622393985264,25.7820086006326,6.67698525281149,646.325370357098,252.030340289742,90.0018593078366,40.6857725861952
14.5934591092187,15.6223918127574,25.7418831148422,6.69302904289441,646.258612641548,252.025306855782,90.0018593078368,40.7288850902879
14.6605641863023,15.6223896351276,25.7017751399698,6.70881242650553,646.191697499125,252.020261552067,90.0018593078366,40.7716870418037
14.7278255799036,15.6223874524252,25.6616869234232,6.72444012924555,646.124626482623,252.015204495674,90.0018593078371,40.8141480798195
14.7952563043264,15.6223852642278,25.6216120655466,6.74136893358073,646.057386614575,252.010134708122,90.0018593078368,40.8562480410272
14.8628829695945,15.6223830696719,25.5815362217456,6.76095806803779,645.989951360273,252.005050188732,90.0018593078371,40.8979743663047
14.9306514735139,15.6223808705132,25.5414928651639,6.7751383498869,645.922374668782,251.999955005186,90.0018593078371,40.939254568844
14.998583413345,15.6223786660509,25.5014705743092,6.79147781214436,645.854635003969,251.99484753369,90.0018593078368,40.9800715811217
15.0666200894578,15.6223764581898,25.4615051859839,6.8019487943709,645.78679089932,251.989732187583,90.0018593078368,41.0203536189833
15.1348279308816,15.6223742447742,25.4215589635259,6.81906100129467,645.718776113828,251.984603972391,90.0018593078368,41.0601112031048
15.2032060554861,15.6223720258326,25.3816338916203,6.83608501748406,645.650591527126,251.979462954436,90.0018593078368,41.0993070835057
15.2717792308017,15.6223698005615,25.3417170534547,6.85558516101205,645.582212441785,251.974307271569,90.0018593078371,41.1379172055846
15.3404876142796,15.6223675709028,25.3018447473008,6.86910256146678,645.513698530977,251.969141423059,90.0018593078371,41.1758692726465
15.4093229608687,15.6223653371239,25.2620230495905,6.8817956651141,645.445058016414,251.963966028812,90.0018593078371,41.2131226151576
15.4783463363231,15.6223630972434,25.2222180793507,6.90059380143872,645.376230005185,251.95877649759,90.0018593078371,41.2496682900372
15.5475500464369,15.6223608515108,25.1824358780117,6.91862271158016,645.307222169716,251.953573407885,90.0018593078368,41.2854591343388
15.6168899404501,15.6223586013589,25.1427033007226,6.93223766108035,645.238078535804,251.948360079175,90.0018593078371,41.3204335936939
15.6863629458024,15.6223563468873,25.1030234636647,6.94554543219032,645.168802167311,251.943136742473,90.0018593078368,41.3545495541047
15.7559711242156,15.6223540880293,25.0633965524675,6.95905932338667,645.099391008353,251.937903242767,90.0018593078371,41.3877658781154
15.8257776871109,15.6223518227335,25.023788140004,6.97889275980872,645.029782026422,251.932654827498,90.0018593078368,41.4200571253816
15.8957539680152,15.6223495519302,24.9842161608635,6.99586027309988,644.960003806852,251.92739365196,90.0018593078368,41.4513648862871
15.9659217049039,15.6223472749139,24.9446699861921,7.01500103475517,644.890034673196,251.922118081779,90.0018593078371,41.4816438972869
16.036223885488,15.6223449935347,24.9051833241312,7.0284420078503,644.819931476375,251.916832403432,90.0018593078368,41.5108311801027
16.1066316479248,15.6223427087294,24.8657737253987,7.03899752577758,644.749722996542,251.9115387869,90.0018593078368,41.5388749287468
16.1771539921906,15.6223404202057,24.8264374440326,7.05045281399265,644.679400259192,251.906236555519,90.0018593078371,41.5657298962655
16.2478528494149,15.622338125954,24.7871414453648,7.06809965059385,644.608901508487,251.900921052988,90.0018593078368,41.5913500931477
16.3186774044478,15.6223358276233,24.7479155273902,7.08066625591824,644.53827741575,251.895596099852,90.0018593078371,41.6156781507161
16.3896664856031,15.6223335239535,24.7087397158636,7.0971147117204,644.467489262566,251.890258776798,90.0018593078368,41.6386595150588
16.4607768965246,15.6223312163465,24.6696393780367,7.10924462318644,644.396580123028,251.884912331551,90.0018593078371,41.660239070673
16.5320223782153,15.6223289043562,24.6306084102756,7.12274828779735,644.325536295026,251.879555730991,90.0018593078371,41.68035987363
16.6034419091338,15.6223265867179,24.591627081818,7.14014881355446,644.254318910427,251.874186044517,90.0018593078368,41.6989559611954
16.6749870516385,15.6223242650034,24.5527234368196,7.15270679883417,644.182976269773,251.868806913921,90.0018593078368,41.7159732100824
16.7466467426758,15.6223219395716,24.5139049264446,7.16415875825323,644.111519404806,251.863419170978,90.0018593078371,41.7313543649612
16.8184308800316,15.6223196101015,24.4751676310027,7.17660024619884,644.039938445754,251.858022071524,90.0018593078368,41.7450355272522
16.8903726492669,15.622317275516,24.4364952292086,7.19235945187267,643.968200300985,251.852613120496,90.0018593078368,41.7569397488735
16.9624240468953,15.6223149373729,24.3979150770956,7.20331952164406,643.896352838115,251.847195927044,90.0018593078371,41.7670177393459
17.0345895606961,15.6223125955267,24.3594261970029,7.21472825594935,643.824391582069,251.841770153754,90.0018593078368,41.7752020712637
17.1068772367574,15.6223102497162,24.321025772438,7.22694139580233,643.75230850953,251.836335195678,90.0018593078368,41.7814204176794
17.1793199882016,15.6223078988733,24.2826979357908,7.24244501641709,643.680070800535,251.830888578239,90.0018593078371,41.7855811169066
17.2518859314394,15.6223055440327,24.2444611871758,7.25476108355671,643.60771024843,251.825432698611,90.0018593078371,41.7876267154314
17.3245826785247,15.6223031849474,24.2063130799684,7.26783816380649,643.535219262705,251.819966984478,90.0018593078371,41.787475681919
17.3974404634919,15.6223008206362,24.1682394478383,7.28393788366802,643.462567694901,251.814489162692,90.0018593078371,41.8894121104915
17.4704791255356,15.6222984504555,24.1302318000324,7.30202102181725,643.389735761976,251.80899774164,90.0018593078368,41.9865691529387
17.5436402485894,15.6222960763007,24.0923222980926,7.31426402908507,643.316781714655,251.803497113341,90.0018593078368,42.0790755154169
17.6169369753908,15.6222936977454,24.0545057572903,7.32782097806911,643.243692447401,251.797986289658,90.0018593078368,42.1670086073618
17.6904006577625,15.6222913137722,24.016767788287,7.34451231728764,643.170436697128,251.792462913398,90.0018593078368,42.2504417677212
17.7640085013721,15.6222889251209,23.979121928579,7.35892479911437,643.097037193653,251.786928698358,90.0018593078371,42.3294699257575
17.8377500184346,15.6222865321317,23.9415752703833,7.3722887673973,643.023504395075,251.781384433062,90.0018593078371,42.4041764426811
17.9116778240193,15.6222841330973,23.9041029092602,7.39091291339359,642.949785835247,251.775826161641,90.0018593078371,42.4746337274296
17.9857496046147,15.6222817293907,23.8667282275845,7.4053067772136,642.875923707916,251.77025706544,90.0018593078368,42.5409301824927
18.059946230109,15.6222793216328,23.8294626134819,7.41778811314366,642.801937089048,251.764678582759,90.0018593078368,42.6031405281661
18.1342584177613,15.6222769101247,23.7923123772014,7.42934140946939,642.72783523511,251.759091411523,90.0018593078371,42.6613332459602
18.2087536631487,15.6222744926763,23.7552456402285,7.44764255838924,642.653550841564,251.753490477068,90.0018593078368,42.7155902142272
18.2834294812413,15.622272069368,23.7182657465524,7.46569526706579,642.579086386408,251.747875966231,90.0018593078366,42.7659917186935
18.3582098134522,15.6222696426682,23.6814122037204,7.47614403855744,642.504517712951,251.742253597487,90.0018593078371,42.8125870104461
18.4331144516227,15.6222672119345,23.6446769115099,7.48857149417036,642.42982508537,251.736621882783,90.0018593078371,42.8554450746808
18.5081351750702,15.6222647774338,23.6080656070133,7.50017708918535,642.355016701082,251.730981440194,90.0018593078368,42.8946245916342
18.5833520903841,15.6222623365664,23.5715411751184,7.51979131941906,642.280012680229,251.725326246894,90.0018593078371,42.9302365973513
18.6587136551577,15.622259891005,23.5351307404029,7.5342526111029,642.204864419334,251.719660178106,90.0018593078368,42.9623227744392
18.7342488682216,15.6222574398085,23.4988223210633,7.55161305322534,642.129543001643,251.713981053549,90.0018593078368,42.9909714002726
18.8099816879832,15.6222549821994,23.4626066406552,7.57136873085507,642.054024536563,251.708287071908,90.0018593078368,43.0162748659418
18.8858178279757,15.6222525212375,23.4265307803488,7.58169814373821,641.978403043689,251.702585322122,90.0018593078368,43.0382192389202
18.9617849485713,15.6222500560252,23.3905833380619,7.59479289507948,641.902650940941,251.696873724543,90.0018593078368,43.0568860433666
19.0378854882801,15.6222475864833,23.3547650402712,7.60813143582305,641.82676579671,251.691152095831,90.0018593078368,43.072336813577
19.1141740395265,15.6222451108402,23.319052301783,7.62692783982016,641.750693173091,251.685416331448,90.0018593078366,43.0846960069673
19.190606637146,15.6222426305226,23.283467868534,7.64132883809263,641.674476910808,251.67966973692,90.0018593078368,43.0939787226178
19.2671798415099,15.6222401456422,23.2480153384978,7.65538596035902,641.598120439755,251.673912570856,90.0018593078371,43.1002405537406
19.3439053051353,15.6222376558209,23.2126913579421,7.67060803996388,641.521612140397,251.66814395716,90.0018593078368,43.1035573770113
19.4207728375169,15.6222351613892,23.1775026783961,7.68481132649806,641.444962174394,251.662364662007,90.0018593078371,43.1039749983894
19.4977498172867,15.6222326634059,23.14246613747,7.69575330033422,641.368203070784,251.656577138038,90.0018593078368,43.1014991643002
19.5748640846578,15.6222301609675,23.1075709598667,7.70947859215073,641.291307068152,251.650779292084,90.0018593078368,43.1406585315989
19.6521528523243,15.6222276528663,23.0728024730049,7.72692421328032,641.214237059132,251.644968326302,90.0018593078366,43.1802207789936
19.7295738426089,15.6222251404744,23.0381818553209,7.74014313473821,641.137035201737,251.639147419347,90.0018593078368,43.2201135802801
19.8071723049727,15.6222226223233,23.0036910582884,7.75788585916616,641.059656374582,251.63331316913,90.0018593078368,43.2604050923456
19.8849523086303,15.622220098281,22.9693306733267,7.77603540223546,640.982096519968,251.627465269709,90.0018593078368,43.301095547259
19.9628379582756,15.6222175708103,22.9351363499255,7.78659733207885,640.904431318388,251.62160942728,90.0018593078371,43.3420552691141
20.0408260149774,15.6222150400165,22.901111318463,7.79683545060677,640.826663999604,251.615745885364,90.0018593078368,43.3832712299717
20.1190136244301,15.622212502747,22.8672154024633,7.81678568436986,640.748697692886,251.60986734005,90.0018593078371,43.4248899246236
20.1973123415706,15.6222099618719,22.8334891998629,7.82789364622429,640.670620592959,251.603980441089,90.0018593078368,43.4667591577876
20.275804762164,15.622207414711,22.7998993787015,7.84725909796765,640.592350337839,251.59807897851,90.0018593078371,43.5089987284682
20.3544010746201,15.6222048641786,22.7664865995929,7.85764565961191,640.513976484913,251.592169704808,90.0018593078368,43.5514532449234
20.4331828572409,15.6222023076276,22.7332183876306,7.87618799054285,640.435417686778,251.586246486508,90.0018593078368,43.5942374387324
20.5121606872261,15.6221997447146,22.7000928882664,7.89578777419625,640.356663396172,251.580308528363,90.0018593078368,43.6373513021375
20.5912392373964,15.6221971785331,22.6671523477962,7.90585724822933,640.277808670461,251.574362997557,90.0018593078371,43.6806296949459
20.6704344372999,15.6221946085662,22.6343920630154,7.91751927459601,640.198837625182,251.568408696427,90.0018593078368,43.7240809268543
20.7497827972245,15.6221920336291,22.6017991003017,7.93283140740113,640.119713853387,251.562442879941,90.0018593078371,43.7677426497137
20.8292516322738,15.6221894547825,22.5693890819644,7.94487587631436,640.040469947462,251.556468005517,90.0018593078368,43.8115455771585
20.9088229916765,15.6221868726088,22.5371713133097,7.95512572157651,639.961123807368,251.550485422787,90.0018593078368,43.8554431168545
20.9885867322759,15.6221842841922,22.5051117245149,7.97435898109095,639.881585830595,251.544488375853,90.0018593078371,43.8995468648828
21.0685411152354,15.622181689589,22.4732137321003,7.99341840088356,639.801857751057,251.538476995448,90.0018593078371,43.94382832886
21.1486427017763,15.622179090209,22.441497197145,8.00813504022069,639.721982884584,251.532454547524,90.0018593078371,43.9881980698622
21.2288931750842,15.6221764859974,22.4099638097366,8.02301995557255,639.641959552754,251.526420905529,90.0018593078368,44.0326321913995
21.3093377219808,15.6221738754879,22.3785983962678,8.04242241153249,639.561742696642,251.520372672086,90.0018593078368,44.0771656561315
21.3899767267859,15.622171258668,22.3474036117649,8.06186328978033,639.481331933017,251.514309818302,90.0018593078368,44.1217669702908
21.4707452278073,15.6221686376459,22.3164071097584,8.07480963994504,639.400792039702,251.508237228327,90.0018593078368,44.166315624823
21.5516541553695,15.6221660120667,22.2856069816311,8.08884874641418,639.320112117311,251.502154080366,90.0018593078368,44.2107957154183
21.6326987996964,15.6221633820834,22.2550073451784,8.10241699424095,639.239296862289,251.496060728522,90.001859307837,44.2551689392818
21.7139357094285,15.6221607458609,22.2245894282799,8.12163867756247,639.158289886051,251.48995292118,90.0018593078368,44.2994733202456
21.7953697020163,15.6221581032429,22.1943543082861,8.14134198420436,639.077086384782,251.483830296138,90.0018593078371,44.3436755811659
21.8769430766886,15.6221554561018,22.1643260541571,8.15527667142206,638.995743895936,251.477697191637,90.0018593078368,44.3876654133749
21.9586896698357,15.6221528033395,22.1344947552523,8.1725941428797,638.914228678894,251.471551063682,90.0018593078371,44.431444890864
22.0406058358249,15.6221501450744,22.1048644435269,8.18954714315466,638.832544368971,251.465392186372,90.0018593078368,44.4749679721318
22.1226457000962,15.6221474827952,22.0754541871367,8.20191384635388,638.750736710881,251.459224008791,90.0018593078368,44.5181413044864
22.2048457625608,15.6221448153174,22.0462533408602,8.21792961858666,638.668769308024,251.453043786689,90.0018593078368,44.5609641435978
22.2872448849372,15.6221421413799,22.0172509175011,8.2378305808989,638.586603408677,251.446848598241,90.0018593078368,44.6034317003287
22.3698191580705,15.6221394617586,21.9884582374656,8.25534123174368,638.50426285432,251.440640241062,90.0018593078371,44.6454699283505
22.4525327588134,15.6221367776159,21.9598904148332,8.26927047284773,638.421783366707,251.434421408519,90.001859307837,44.6869956298571
22.5353488097434,15.6221340901486,21.9315624574327,8.27951290335028,638.339201718883,251.428194873246,90.0018593078368,44.7279290501479
22.6183440811276,15.6221313968654,21.9034505832804,8.29743042112083,638.256441357871,251.42195486326,90.0018593078371,44.7682936605824
22.7015073783241,15.6221286981297,21.8755614005877,8.31422875747538,638.173513446629,251.415702220233,90.0018593078371,44.8080264972439
22.7847775136615,15.6221259959269,21.8479178897955,8.324909872515,638.090478999641,251.409441544566,90.0018593078371,44.8470263344408
22.8682469512247,15.6221232872565,21.8204919839935,8.34483506010833,638.007245814533,251.403165884336,90.0018593078371,44.8853139031331
22.9518813447025,15.6221205732332,21.7932979036244,8.36132648427027,637.923848140403,251.396877821874,90.0018593078368,44.9228049656509
23.0356743085642,15.6221178540641,21.7663404623584,8.37717951667715,637.840292344708,251.390577837279,90.0018593078368,44.9594380314952
23.1195724523636,15.6221151314818,21.7396392733266,8.38769485328334,637.756631666778,251.384269944716,90.0018593078368,44.9951241498931
23.2035149750784,15.6247292156237,21.7157008616297,8.4045420248619,637.672730075167,251.380568123434,89.9718797287501,45.0291752072285
23.2873618136989,15.6328079017188,21.6972872343391,8.42089228632615,637.5885132171,251.38232264131,89.8792855034345,45.0606408067178
23.3713439305477,15.6408996219407,21.6791563140755,8.43447852771484,637.504160483816,251.38407998992,89.7865282871608,45.0907654998914
23.4555047378472,15.6490085590797,21.6613012699904,8.45242473847919,637.419628271514,251.385841077677,89.6935605402725,45.1195056701052
23.5398626857688,15.6571364908192,21.643721078388,8.47222393390477,637.3348980486,251.387606290654,89.6003622821601,45.1467993613628
23.6243601402191,15.6652778640846,21.6264304225513,8.48623483129531,637.250027703509,251.389374422844,89.5069976021226,45.1725639464966
23.7090261056363,15.6734354734684,21.6094258788897,8.50315869775588,637.164988103806,251.391146081171,89.4134348797054,45.1967418545722
23.7938198706336,15.6816053964077,21.5927180681558,8.51599384475487,637.079820140538,251.392920413739,89.3197195399003,45.2192627092687
23.8787190906739,15.6897854799946,21.5763134751764,8.52658488877105,636.99454625685,251.394696952982,89.2258767315368,45.24006616232
23.9638174282849,15.6979847486621,21.5601964901744,8.5465826327725,636.909072376878,251.396477658815,89.1318033701453,45.2590880083985
24.0490431406234,15.7061962899502,21.5443833130612,8.55937511104379,636.823470560068,251.398261029999,89.0375792113201,45.2762618494197
24.1344207883093,15.7144224702873,21.5288717253404,8.57463425754324,636.737716137414,251.400047580471,88.9431775616384,45.2915191765747
24.2199663667356,15.7226648308377,21.5136613920761,8.59149985081503,636.651793042934,251.401837644939,88.8485811942677,45.3047859497619
24.3056863770913,15.7309239979943,21.4987538579951,8.60901837045081,636.56569474675,251.403631359443,88.753783381954,45.3159858525055
24.3915539128866,15.7391973793031,21.4841563820819,8.62383462179439,636.479448274091,251.405428160956,88.6588143515465,45.3250546387684
24.4775618819909,15.7474842914336,21.469872547142,8.63793859744664,636.393060748385,251.407227901075,88.5636824284072,45.3319247797971
24.5637657651165,15.7557900799809,21.4558957981426,8.65761460308205,636.306476444081,251.409031740748,88.4683267273848,45.3364914915827
24.6501591870836,15.7641141306932,21.4422301161983,8.67665033770014,636.219701764494,251.410839546573,88.3727547821605,45.3386739551979
24.7367029367025,15.7724526655523,21.4288843787801,8.69174802038806,636.132776093852,251.412650498045,88.2770104633875,45.3384176967751
24.8233823740819,15.7808042739969,21.4158631934166,8.70537539185245,636.045714136655,251.41446428882,88.181110472615,45.3696512907228
24.9102080184328,15.7891699695586,21.4031672992299,8.72005922702594,635.958505327269,251.416281139015,88.0850436827755,45.400007945056
24.9971770554401,15.7975494810766,21.390799466884,8.73446041534874,635.871152492429,251.418100989741,87.9888137236006,45.4295073629529
25.084272778859,15.8059411988956,21.3787643067734,8.74718376479331,635.783672412105,251.419923491414,87.89243960302,45.4581780917127
25.1715494329353,15.8143503494767,21.3670567778847,8.76535496362937,635.696010602669,251.421749779111,87.7958618238969,45.4859979425772
25.2590243782387,15.8227786055196,21.3556774348327,8.78526971644243,635.60814962694,251.423580216105,87.6990617035555,45.5129724407903
25.346652905905,15.8312216593024,21.344634805897,8.80069427575903,635.520134391082,251.425413866852,87.6020892532311,45.5391480481552
25.43443773367,15.8396797726801,21.3339309981913,8.8163917822599,635.431962165367,251.427250788222,87.5049420097643,45.5645371849788
25.5223613612982,15.8481512594962,21.323570496463,8.83033170793658,635.34365052726,251.429090614015,87.4076398904228,45.589164387022
25.6104033812434,15.856634153473,21.3135578139178,8.84222206615829,635.255219974365,251.430932917201,87.3102060362795,45.6130543210303
25.6985562875929,15.865127731412,21.3038957296346,8.8533585917925,635.16667804572,251.432777540714,87.2126493157159,45.6362222173219
25.7868161960116,15.8736316190555,21.2945865124032,8.8641050065028,635.078028642802,251.434624403275,87.1149745935529,45.658680265838
25.8752497070594,15.8821522334017,21.2856253579282,8.88154023797936,634.989204871139,251.436474898518,87.0171087363578,45.6803991654043
25.963877863562,15.8906916019378,21.2770128896779,8.90108883915455,634.900185595043,251.43832946677,86.9190290359974,45.7013778329526
26.0526478326002,15.8992446341847,21.268756790489,8.9153313330513,634.811023880587,251.440187002488,86.8207945445623,45.7216565568423
26.1415338292457,15.9078088457514,21.2608615046835,8.92698419915498,634.721745626489,251.442046966115,86.7224343839996,45.7412580560148
26.2305797129263,15.9163884625162,21.253325283717,8.9430419482918,634.632306779769,251.443910275422,86.62390061399,45.7601658555094
26.3197539544011,15.9249804466207,21.2461530081943,8.95593315775958,634.542739008806,251.44577627065,86.525228723181,45.7784046744884
26.4091004038336,15.9335890230506,21.2393434290171,8.97322831981103,634.452998269924,251.447645869377,86.4263707976816,45.7959579283877
26.4986398073352,15.9422161907044,21.2328976396765,8.99260705202338,634.36306372546,251.44951950572,86.3273045007319,45.8128216651246
26.5881578332662,15.9508412986183,21.2268325025331,8.99046006327262,634.273150652906,251.451392694731,86.22826757455,45.8291134349016
26.6777295851521,15.9594715830557,21.2211434600092,8.99585585978115,634.183183617303,251.453267007973,86.1291775245253,45.8447975920714
26.7673337516581,15.9681049906584,21.2158327192793,8.99911131973844,634.093184024033,251.455141999499,86.030058528108,45.8598888270609
26.8568734328196,15.9767321850649,21.210906104673,8.99263493791223,634.003249200683,251.457015641652,85.9310183627354,45.8744392563682
26.9464835320459,15.9853661642883,21.2063564967988,8.9997071537422,633.913243648511,251.458890757323,85.8319084039367,45.888383636831
27.0352190177872,15.9989812021575,21.2072425789175,8.99519745496567,633.823735896104,251.465798574988,85.6751449477617,45.899283270778
27.122793088128,16.01983557505,21.2158385932741,8.99948904878926,633.734842218591,251.480012538652,85.4345231494282,45.9058849366836
27.2103650704673,16.0406894507181,21.2248127341946,8.99927447676193,633.645950660542,251.494226163416,85.1938323724436,45.9118048378398
27.2979213672888,16.0615395911295,21.2341630135513,8.99766256531933,633.557075024368,251.508437242296,84.9531184733349,45.9170523110817
27.3854854952798,16.0823915964094,21.243891393051,8.99846733006416,633.468191439021,251.522649592238,84.7123252830314,45.9216158501973
27.4729975717798,16.1032312064541,21.2539904165144,8.9931182944146,633.379360689501,251.536853493811,84.4716259953252,45.9255297328406
27.5605586239069,16.1240824792659,21.264471185953,8.99815124103334,633.290480226367,251.551065344515,84.2307512343063,45.9287402489386
27.6480924780339,16.1449272753063,21.2753241683851,8.99535625725985,633.201627371064,251.565272780769,83.989919033028,45.9312900966233
27.7356190238089,16.1657703309788,21.286551033671,8.99460521951783,633.11278193424,251.57947903082,83.7490831925882,45.9331695907651
27.8231722009855,16.1866197284964,21.2981556663124,8.99734197714832,633.023909464719,251.593689603357,83.5081588301442,45.9343622649214
27.9107140991619,16.2074664400993,21.3101325285268,8.99618289847393,632.935048444156,251.607898345224,83.2672587775286,45.934888946388
27.9982479448677,16.2283112341343,21.3224813083163,8.99535539187025,632.846195597401,251.622105780111,83.0263826739985,45.9347486557126
28.0858215743372,16.2491655020403,21.3352083087645,8.99944374295417,632.757302367403,251.636319672217,82.7854074060962,45.9461602091412
28.1733175743988,16.2700012837367,21.3482955594624,8.99146621030057,632.668487936569,251.650520964457,82.5951092469155,45.9526205863586
28.260895885942,16.2908566666041,21.3617663295294,8.99992489303462,632.579589953945,251.664735616501,82.4530141208937,45.9540592385176
28.3484394676241,16.3117037791072,21.3756022174935,8.99635590278078,632.490727224508,251.678944631614,82.3109519476837,45.9504847972942
28.435961851541,16.3325458436994,21.389804288571,8.99417752902256,632.401886012254,251.693150206162,82.1689025311628,45.9450119993088
28.5235401003204,16.3534012116206,21.4043845307405,8.99991844316479,632.31298809334,251.707364848019,82.0267425291552,45.9391188768302
28.6110783796206,16.3742470614457,21.4193263365419,8.9958110071416,632.224130746184,251.721573002514,81.8846292424573,45.9327522388396
28.6986231669181,16.3950944610469,21.4346366579609,8.99647979701869,632.135266792965,251.735782213308,81.7424889739415,45.9243718012596
28.786187939402,16.4159466198025,21.4503172317027,8.99853356091771,632.046382553414,251.749994667855,81.6003015819128,45.9160820693485
28.8736869355832,16.4367831149772,21.4663516098485,8.99177410446573,631.957565081313,251.764196446389,81.458208083872,45.9094696314086
28.9612619201159,16.45763770557,21.4827650152884,8.99958299509948,631.868670475832,251.778410558433,81.315980009193,45.8960398363541
29.0488043322016,16.4784845395522,21.4995365371959,8.99623571000993,631.779808933616,251.792619383711,81.1737954101105,45.8806639664391
29.136301883286,16.4993206906,21.5166624873394,8.99162560008699,631.690992928388,251.806820927694,81.0316760069611,45.8718452288792
29.2238570198763,16.5201705547208,21.5341621297386,8.99754333495861,631.602118469928,251.82103181826,80.8894571482978,45.8677892938238
29.3113484083663,16.5410052382447,21.5520102934447,8.99099230531836,631.513308720155,251.835232362006,80.7473376706378,45.8565758791228
29.398922499907,16.5618596161856,21.5702360735625,8.99949122738093,631.424415021122,251.84944632911,80.6050814320965,45.8379732375209
29.486471992226,16.5827081362129,21.5888165842345,8.99696330530569,631.335546291984,251.863656303566,80.4628644855418,45.8239392198648
29.5740312128699,16.6035589728861,21.6077580906159,8.99796302991454,631.24666768793,251.877867857006,80.3206328217983,45.8163061735565
29.6615713736552,16.6244052707569,21.6270533649194,8.99600435667438,631.157808430938,251.89207631688,80.1784349565183,45.8068140974225
29.749067992908,16.6452411999039,21.6466956710303,8.99152984105516,631.068993371582,251.90627770962,80.0363124041162,45.7907967851002
29.8365758253329,16.6660797992895,21.6666961332375,8.9926821549586,630.980166930089,251.920480922346,79.8941779721695,45.7764749216375
29.9240661847087,16.6869142377463,21.6870471733629,8.99088654911378,630.891358224938,251.934681299058,79.7520800016354,45.7618370924749
30.0116415087044,16.7077689091768,21.7077720307485,8.99961787977722,630.802463274879,251.9488954662,79.6098538775358,45.7454072807088
30.0991963829684,16.7286187108287,21.7288451373507,8.99751637717942,630.713589082698,251.963106314188,79.4676725584449,45.7292759628964
30.186684020208,16.749452501052,21.7502536771164,8.99060681065312,630.624783140701,251.977306249076,79.3256137524746,45.7121369565341
30.2742386168667,16.7703022365966,21.7720294481646,8.99748784926022,630.535909230309,251.991517052006,79.183461304267,45.6933534318499
30.3617292081782,16.7911367302851,21.7941388455252,8.99091038381215,630.447100289726,252.005717466364,79.0414295917436,45.6755287279702
30.4492892897952,16.8119877719854,21.8166145730992,8.99805150723551,630.358220811726,252.019929159546,78.8993036456579,45.6563636558512
30.5368029875156,16.8328277680979,21.8394259493887,8.99328489800915,630.269388416556,252.034133324256,78.7572733011762,45.6363142476213
30.6242906437896,16.8536615628539,21.86257675828,8.99060876670294,630.180582455238,252.048333262234,78.615307258452,45.6177162541333
30.7117876379074,16.8744975812691,21.8860751637754,8.99156836381648,630.091767015369,252.062534715817,78.4733498393918,45.5928307231594
30.7993280758924,16.8953439451506,21.9099295263438,8.99603284289595,630.002907477,252.076743220683,78.3313474689406,45.566683003772
30.8867440830805,16.9165074286625,21.9344389702472,8.99222630413948,629.914148185123,252.091277299694,78.1855668500938,45.5467788156337
30.9729550587899,16.942245828153,21.9638064444559,8.99430986362975,629.826246699339,252.110463918418,77.9855767712506,45.5269902090796
31.0592084679452,16.9679968962043,21.9935174587925,8.99873690505279,629.738301948033,252.129659980886,77.7855114501866,45.4974622046691
31.1454426654912,16.9937422286045,22.0235495803521,8.99673257594928,629.650376785055,252.148851767729,77.5855187532248,45.4604886873484
31.2316694950562,17.0194853612844,22.0539054437274,8.99596388144884,629.562459134538,252.168041914796,77.3855760657719,45.4293717531994
31.3179032091233,17.0452305493413,22.0845887179777,8.99668213506462,629.47453446452,252.187233594039,77.1856551999971,45.4072830817193
31.4041612471972,17.0709829993623,22.1156044314025,8.99921983577777,629.386584993526,252.206430686692,76.9857206036201,45.387290485652
31.4904089118579,17.0967323523872,22.1469388263385,8.99813758734614,629.298646099358,252.225625470699,76.7858575632114,45.3524721211876
31.5766319572876,17.1224743553085,22.1785851651999,8.99556908616563,629.210732307178,252.24481477559,76.5861039046599,45.3068993210069
31.6628707393446,17.1482210564205,22.2105568381308,8.99721087367972,629.122802469792,252.264007582736,76.3863709625122,45.2676186367324
31.7491248265721,17.1739723269112,22.2428524792472,8.99880764769157,629.034857027117,252.283203796112,76.1866645958289,45.241287594297
31.8353670773992,17.1997200636289,22.2754605611711,8.99757276718039,628.946923652942,252.302397375246,75.9870524696304,45.2241911430358
31.9215442443499,17.2254483694704,22.3083591397258,8.99078262770083,628.859056638872,252.321576469688,75.9046059595018,45.2023652513618
32.0078038782854,17.2512012959379,22.3416032443065,8.99938633050304,628.771105540724,252.340773917507,75.8464961457441,45.166861046466
32.093994505697,17.2769336204176,22.3751331731988,8.99218694488984,628.683224802247,252.359956007631,75.788431061321,45.1316551173266
32.1802031960426,17.3026713376097,22.4089811185041,8.99407143377233,628.595325646641,252.379142117738,75.7303521699274,45.1005928768944
32.2663975580545,17.3284047770592,22.4431329760209,8.99257657223381,628.507441100332,252.398325039014,75.6722814127344,45.0675042746961
32.3526456194797,17.3541542485387,22.4776144992816,8.99817898140754,628.419501801619,252.417519911322,75.614173076527,45.0161589785058
32.4388822886988,17.3799003188601,22.512398475068,8.9969904432795,628.331574118501,252.436712248246,75.5560711342109,44.9594833025723
32.5251237611674,17.405647823198,22.5474899797381,8.99749156178208,628.243641537948,252.455905654154,75.4979647937228,44.9138222695347
32.6113273051647,17.4313840039411,22.5828700263488,8.99353452010546,628.155747629604,252.475090618919,75.4398829661919,44.885101147862
32.6975333006774,17.4571209165875,22.6185535737919,8.99379028439755,628.067851221674,252.494276129279,75.3817985645917,44.8687500727618
32.7837446583816,17.4828594301231,22.6545404384583,8.99434971679002,627.979949346404,252.513462833018,75.3237097470046,44.8500431083107
32.86996219016,17.5085997869365,22.6908295868932,8.99499385212548,627.892041175993,252.532650910824,75.2656160856428,44.8041909843195
32.9561500800395,17.5343312941224,22.7274043869726,8.99190134075005,627.804163228729,252.551832391699,75.2075418330634,44.735849936215
33.0423865424204,17.560077302692,22.7642966897056,8.99696886405582,627.716235756506,252.57102468259,75.1494344069017,44.6698601012929
33.1286480447626,17.5858307869749,22.801495366003,8.99958125961945,627.628282753313,252.590222546231,75.0913097827358,44.6209579110496
33.2148656220331,17.6115711573701,22.8389691355048,8.99499859827571,627.540374536518,252.609410634161,75.0332145501212,44.593583129006
33.3011299784526,17.6373254937414,22.8767559903985,8.99987902280875,627.452418623282,252.628609132989,74.9750877102143,44.5820537404972
33.3873332711077,17.663061599446,22.9148071724341,8.99350829781732,627.364524971209,252.647794041817,74.91700204946,44.5708170002847
33.473575052346,17.6888091959675,22.9531650622588,8.99752377542201,627.276592075831,252.666987516443,74.8588906068231,44.5346783561896
33.5598257672975,17.7145594596607,22.9918153032765,8.9984558213246,627.188650071559,252.686182979304,74.8007734166521,44.4713750245659
33.6459969078669,17.7402859663182,23.0307164300658,8.99015390101122,627.100789202042,252.705360732549,74.7427102362463,44.4066213988585
33.7322452238672,17.7660355138013,23.0699377421514,8.9982055409858,627.012849643762,252.724555661514,74.6845955651116,44.3555736521221
33.8184326198599,17.7917668735366,23.1094150702706,8.99184981400147,626.924972200069,252.743737032472,74.6265225723651,44.32321149171
33.9046654168563,17.8175117878009,23.1491955843832,8.99658645793097,626.837048465104,252.762928507617,74.568419738281,44.3039190321656
33.9909123596506,17.8432609253117,23.1892637046605,8.99806227571331,626.749110306957,252.782123130969,74.5103082425942,44.2821314912054
34.0770951254506,17.8689909026969,23.2295813472737,8.99136675036047,626.661237584251,252.801303471458,74.452240976272,44.2410243755064
34.1632824560974,17.8947222429231,23.2701789290466,8.99184299653396,626.573360207185,252.820484827873,74.3941717414705,44.1960157811899
34.2495457087098,17.9204762497513,23.3110889974242,8.99976386365248,626.485405419401,252.839683081044,74.3360525819014,44.1526438507155
34.3357482527631,17.9462121319599,23.3522453763282,8.99343019688735,626.397512530609,252.858867823268,74.2779756709568,44.1066004453338
34.4219273434866,17.9719410121463,23.3936639989678,8.99098333309404,626.309643555044,252.878047345853,74.2199160261022,44.0436160782261
34.5081662438137,17.9976877485679,23.4353836039117,8.99722321268404,626.221713597068,252.89724017932,74.1618176725997,43.9786889086797
34.5943451425495,18.0234165714361,23.4773447798243,8.9909633032023,626.133844817255,252.916419659178,74.1037614453682,43.9262902791688
34.6805566727995,18.0491551364854,23.5195910524197,8.99436771832407,626.045942766057,252.935606401318,74.045685058602,43.8903240586877
34.7668665392352,18.074689791365,23.5619253366656,8.99806683384115,625.957957981178,252.954582419703,73.9901478939389,43.8647316154149
34.8533510188456,18.0995773832244,23.6039295752996,8.99662064608187,625.869847705501,252.972900082277,73.9422987265472,43.8337918231245
34.9397965556868,18.1244537685442,23.6461826116841,8.99256959181745,625.781777104667,252.991209496661,73.8944729637476,43.7854835048232
35.0262768212088,18.1493401477176,23.6887190020514,8.9961822720035,625.693671122298,253.00952626668,73.8466299134647,43.7358407354685
35.1127059430289,18.1742118092957,23.7314950022535,8.99086200544145,625.605617245066,253.027832204315,73.7988171484197,43.6911062918555
35.1991335938545,18.1990830475664,23.7745335259103,8.99070898401318,625.517564866482,253.046137830389,73.7510072542266,43.6475882405147
35.2855625758078,18.2239546688951,23.8178345406478,8.99084745569155,625.429511131746,253.0644437384,73.7031987472508,43.5918086536089
35.3720085354977,18.2488311758978,23.8614045427099,8.99261357899057,625.341440100114,253.082753242345,73.6553830396397,43.5310828846182
35.4584630164463,18.2737101350585,23.9052379605943,8.99350001008716,625.253360387035,253.101064551116,73.6075648763358,43.4789636861666
35.5449313467967,18.2985930796541,23.9493361730966,8.99494070575805,625.165266564204,253.119378793231,73.5597413776739,43.4387631841603
35.631352686291,18.3234625017164,23.9936665840461,8.99005244245986,625.077220615595,253.137683082547,73.5119462579539,43.4037091212664
35.7178515145086,18.3483542226667,24.0382917622923,8.99811327200616,624.989095721576,253.156003784199,73.4920476783847,43.3576758566571
35.8043127368221,18.3732351217864,24.0831510896133,8.99420128624421,624.901009140403,253.174316520811,73.5022805796401,43.3075608594091
35.8908002921941,18.398123598756,24.1282762754652,8.99694060477661,624.812895731145,253.192634834841,73.5125166076316,43.2503592787331
35.9772723068578,18.4230076035844,24.1736441073311,8.99532396953553,624.724798154739,253.210949857304,73.5227508058391,43.1733445226673
36.0637091906263,18.4478814988141,24.2192426787238,8.99166944863973,624.636736369645,253.229257438942,73.5329808550502,43.1007758381702
36.1501531600736,18.4727574330858,24.2650927343138,8.9924065423361,624.54866736567,253.247566521348,73.543211751057,43.0454023166551
36.2366597796062,18.4976513961386,24.3112226418379,8.99892377011012,624.460534533869,253.265888873222,73.5534500694277,43.0096717658759
36.3231434349608,18.5225387508024,24.3575855162634,8.99653490218101,624.372425097943,253.284206361217,73.5636856768076,42.9860990936177
36.40959195656,18.5474159950444,24.4041731901179,8.99288008377189,624.284351456241,253.302516407781,73.5739171322306,42.9572647313865
36.4960744561986,18.5723030171283,24.4510215097814,8.99641467785463,624.196243197757,253.320833650993,73.5841526146422,42.9071394683542
36.5825210619301,18.5971797100421,24.4980912276605,8.99268078401452,624.108171507939,253.339143291771,73.5943838538198,42.8530417749824
36.6689844607709,18.6220612354998,24.5454095657763,8.99442770132329,624.020082709323,253.357456489378,73.6046170847898,42.8025231384409
36.7554764265158,18.64695098164,24.5929817728005,8.99739939751104,623.931964806782,253.375775737537,73.6148537003702,42.7534085050645
36.8419000029005,18.6718210474111,24.6407529785586,8.99028513687197,623.843916579233,253.394080500633,73.6250822248053,42.6939160065161
36.9283864108045,18.6967091941745,24.6887943182873,8.9968212384521,623.755804339013,253.412398571626,73.6353181878802,42.6024540781007
37.014890675485,18.7216024795728,24.7370797667768,8.99867880462902,623.667673906333,253.430720424736,73.6455562660284,42.5040495030917
37.1013398249105,18.746479904484,24.7855670736605,8.99294539392693,623.579599625002,253.449030604276,73.6557878221054,42.4206605676825
37.1878118248966,18.7713639050886,24.8342984748568,8.99532244268106,623.491502063551,253.46734562363,73.6660220829813,42.3637373918617
37.2742401540029,18.7962353385479,24.8832350410003,8.9907795427274,623.403448993935,253.485651393366,73.6762511749601,42.3346195731033
37.3607176847444,18.821120930735,24.9324280251886,8.99589778415859,623.315345797757,253.503967584151,73.6864860891731,42.3244355211369
37.4471686804033,18.8459988869358,24.9818330846662,8.99313744991319,623.227269635486,253.522278154728,73.6967178612654,42.3149062970895
37.533603788186,18.870872271091,25.0314547923231,8.99148470022483,623.139209659763,253.540585360207,73.7069477507189,42.2756467181987
37.6200978534082,18.8957626213967,25.0813349436121,8.99761779740686,623.051089618278,253.558905053042,73.7171846150772,42.2246846116346
37.7065441524072,18.9206392260423,25.1314106996697,8.99264887592522,622.963018240958,253.577214628853,73.7274158225812,42.1706808380669
37.7930389661191,18.9455297917404,25.1817365035571,8.9976956596761,622.874897436912,253.595534480221,73.7376527677471,42.1125632000431
37.8794694952033,18.9704018582861,25.2322453375352,8.99100839728257,622.786842125962,253.613840715918,73.7478820997516,42.0398268427721
37.965940022536,18.9952854351061,25.2829967281344,8.99516924867174,622.698746064848,253.632155423361,73.7581161601589,41.9321617281018
38.0524516274445,19.0201808327978,25.3339902986608,8.99944237800781,622.610608153952,253.650478831152,73.7683550760491,41.8247035647528
38.138921002401,19.0450640779991,25.3851756267,8.99504937177058,622.522513266877,253.668793294518,73.7785889870656,41.7380678462975
38.2253793132136,19.0699441392777,25.4365696530446,8.99389841492055,622.434429651938,253.687105414466,73.788821581129,41.6824366779768
38.311867351631,19.094832755253,25.4881953926661,8.99699085397879,622.346315750553,253.705423830806,73.7990576854071,41.657770316658
38.3983791356059,19.1197282044746,25.5400481746434,8.99946100554196,622.258177657225,253.723747276524,73.8092965912463,41.6542522019568
38.4849424954889,19.1443642167637,25.5918848970429,8.99793634742964,622.170007631248,253.741808142917,73.8225530902758,41.6529268509865
38.5720307612317,19.1669951639894,25.6422184420106,8.9983784690802,622.081464870015,253.757830166378,73.8595457346891,41.6200197309835
38.6590410057377,19.1896058364457,25.6927231266298,8.99031693965662,621.993001433083,253.773837835918,73.8965061514108,41.5724926954589
38.7460844412714,19.2122251339952,25.7434620630776,8.99374639626825,621.904504250787,253.789851611762,73.9334815499847,41.519540084142
38.8331507619561,19.23485037853,25.7944281823262,8.99611100014532,621.815983801126,253.805869597891,73.9704675226272,41.4610054138059
38.9201738396506,19.2574643858469,25.8455814359092,8.99164292640518,621.727507316674,253.821879628411,74.0074359468863,41.387313434774
39.0072744744808,19.2800985473306,25.8969916964639,8.99965650269063,621.638951979773,253.83790392747,74.0444381097504,41.279206263044
39.0942822861599,19.3027085875873,25.9485570888547,8.99006556828273,621.550491016299,253.853911149432,74.0814015991468,41.1740247680295
39.1813758751101,19.3253409181132,26.0003821845466,8.99892848847201,621.461942842955,253.869934152227,74.1184022589079,41.0909147646257
39.2684270382263,19.3479622237692,26.0523896065796,8.99454484726302,621.373437804015,253.88594934975,74.1553855932342,41.0392506602013
39.3554654121784,19.3705802060049,26.1045956232957,8.99322340931743,621.284945767836,253.901962194392,74.1923641616848,41.018178720531
39.442537800886,19.3932070273895,26.1570271476375,8.99673797743861,621.196419148807,253.917981296882,74.2293578185061,41.0171618128032
39.5295971509082,19.4158304605127,26.2096546893526,8.99539075777633,621.107905786228,253.933998000587,74.266346541944,41.0165245350601
39.6166145720806,19.4384429979133,26.2624593667503,8.99105846734252,621.01943505277,253.950006990451,74.2965486189896,40.981867177341
39.7037163440489,19.4610774548963,26.3155167370925,8.99977399725467,620.930878559739,253.966031498714,74.3233164415836,40.9324990906234
39.790774605391,19.4837006051127,26.3687478408506,8.99527827010024,620.842366304023,253.982048002129,74.3500713850355,40.8787234411629
39.8778311309185,19.5063233042565,26.4221768547501,8.99509891738184,620.753855813112,253.998064186199,74.3768262756362,40.8213830638408
39.9649316453998,19.5289574344662,26.4758307805316,8.99964406765532,620.66530059857,254.014088463116,74.4035951545616,40.7519713704557
40.0519513563272,19.5515705668875,26.529631421692,8.99129505585181,620.576827537114,254.030097874236,74.4303396569828,40.6527824883227
40.1390492074098,19.5742040049805,26.5836758426798,8.99936887248885,620.488275030454,254.046121661156,74.4571086207247,40.5553247662078
40.2261081995945,19.5968273451153,26.637890388603,8.9953537842771,620.399762031689,254.062138299028,74.483866075521,40.477710988856
40.3131880414365,19.6194561032877,26.6923109977338,8.99750807113946,620.311227835048,254.078158772706,74.5106303609066,40.427914737693
40.4002812643509,19.6420883386948,26.7469319375073,8.99889066790231,620.222680033853,254.09418170816,74.5373991699633,40.4041982768517
40.487370278267,19.6647194803424,26.8017410329527,8.99845577394357,620.134136511952,254.110203869266,74.5641670846297,40.3953683607195
40.5744331933512,19.6873438398904,26.8567232407385,8.99575911711669,620.045619524769,254.126221228851,74.5909273649084,40.3595627553582
40.6614592454833,19.7099586201511,26.9118703967726,8.99195025961613,619.957140016202,254.142231806592,74.6176766901833,40.3076833081054
40.7485146908124,19.7325810385922,26.9672233069914,8.99498730607564,619.86863062353,254.158247791933,74.6444354139943,40.2414429879729
40.8355252562976,19.755191794459,27.0227335471508,8.99035010477528,619.780166860258,254.174255520525,74.6711806948665,40.1534600610398
40.9225537176309,19.77780720078,27.07843993648,8.99219918987015,619.691684902252,254.190266541497,74.6979318169543,40.081231368819
41.0095812263988,19.8004223595652,27.1343293263993,8.99210076622665,619.603203912721,254.206277387222,74.7246829750081,40.0320475713531
41.0966033507414,19.8230361191419,27.1903977186048,8.99154442151543,619.514728397543,254.222287242349,74.7514327950381,40.0035601467018
41.1837066232894,19.8456709660688,27.2466999761431,8.99992904436309,619.426170378871,254.238312026681,74.7782078651368,39.9534912174375
41.2707990868258,19.8683030041422,27.3031757559707,8.99881220531417,619.337623349736,254.254334822429,74.8049799068456,39.8841898200778
41.3578195760788,19.890916338821,27.3597840216064,8.99137547618942,619.249149496955,254.270344376741,74.831730105999,39.7888114658691
41.4449074914135,19.9135471949888,27.4166143300727,8.99834226323757,619.160607091983,254.286366335736,74.858501302732,39.7144069228155
41.5319349765878,19.936162347643,27.4735821641856,8.99209832841298,619.07212612644,254.30237717712,74.8852541818544,39.667760218545
41.6190119911319,19.9587903711075,27.5307583702112,8.99721594113158,618.983594804317,254.318397130647,74.9120225339978,39.6457903773196
41.7060567455715,19.9814100113907,27.5880882028413,8.99388267196715,618.895096281088,254.334411149137,74.938781204654,39.6363867687096
41.7931507133017,20.0040424403473,27.645624284963,8.99896762585267,618.806547722637,254.350434221618,74.9655552281725,39.6001458532367
41.8801856450298,20.0266595280792,27.7032939935808,8.99286774216918,618.718059186172,254.366446432978,74.9923113153461,39.5490648687544
41.9672232413612,20.0492773082408,27.7611369683182,8.99314306180458,618.629567940601,254.382459134558,75.0190684221623,39.4860145758341
42.0542350642393,20.0718883908564,27.8191331724677,8.99048002466094,618.541102898935,254.398467094478,75.0458177944489,39.4048837171129
42.141256049648,20.0945018544672,27.87730477982,8.99142674137605,618.452628541713,254.414476740071,75.0725701605895,39.2903470635856
42.2283382152052,20.1171312164853,27.9356857093501,8.99774816856952,618.364091982548,254.430497641253,75.0993415006008,39.1878498374857
42.315404908119,20.1397565577484,27.9942236512066,8.99614946063608,618.275571154441,254.446515695863,75.1261082378547,39.1127777187248
42.4024963181102,20.1623883220453,28.0529446046246,8.99870334795443,618.187025196447,254.462538297786,75.1528827161318,39.0706622145259
42.4895603089045,20.1850129611297,28.1118123670822,8.99587026465684,618.098507115589,254.478555855274,75.1796488955053,39.0576763133643
42.5766144895786,20.2076350509349,28.170837702855,8.99485663586529,618.009999008693,254.494571607951,75.20641217779,39.0608005239417
42.6636767570429,20.230259242191,28.2300317115485,8.99569220190635,617.921482679947,254.510588848391,75.2331780533921,39.0465815266344
42.7507180506992,20.2528779831474,28.2893735745449,8.99352508718614,617.832987675301,254.526602230184,75.2599375764049,39.0075242512728
42.8377935352819,20.2755056090329,28.3488999195168,8.99705785815604,617.744457908692,254.542621902237,75.2867076947261,38.9562294264554
42.9248136330701,20.2981188419847,28.4085484386791,8.99133502816549,617.655984453914,254.55863138453,75.3134608572573,38.8965435336791
43.01182918416,20.3207308934216,28.4683528096522,8.99086524142185,617.567515621771,254.574640030346,75.340212682364,38.8232480771434
43.0989245409625,20.3433636833455,28.5283702113553,8.99911115148105,617.478965651048,254.590663358382,75.3669890915167,38.7220856618836
43.1859946714457,20.365989917903,28.5885274190636,8.9965046468447,617.39044132796,254.606682045417,75.3937577822542,38.5698003039142
43.2730548764987,20.3886135732164,28.6488339191083,8.99547910365742,617.30192709607,254.622698906425,75.4205234469471,38.422341908584
43.3601398087887,20.4112436542036,28.7093127706618,8.99803404069738,617.213387723964,254.638720316616,75.4331801583036,38.3033092804241
43.4472081710694,20.4338694292721,28.7699343367575,8.99632194766076,617.124865198609,254.654738678347,75.4331801583036,38.226549375358
43.5342201396962,20.4564805497623,28.8306697246211,8.99049508410273,617.036400008761,254.670746665081,75.4331801583036,38.1961341705451
43.6212735515297,20.4791024397748,28.8915862199039,8.99477719555842,616.947892683547,254.686762276311,75.4331801583036,38.2065152916797
43.7083440904822,20.5017287804779,28.9526659998024,8.99654685185524,616.859367945167,254.702781038494,75.4331801583036,38.2099792536044
43.7953823436694,20.5243467313315,29.0138734068593,8.99321093130158,616.77087603177,254.718793860918,75.4331801583036,38.2065601387963
43.882446657273,20.5469714543018,29.0752485058846,8.99590361887123,616.682357622711,254.734811477795,75.4331801583033,38.220559369215
43.9695419312329,20.5696042226981,29.1367939532457,8.99910259178141,616.593807736215,254.75083479059,75.4331801583036,38.2154304425977
44.0565717838746,20.5922199905675,29.198440615225,8.99234294653637,616.505324363664,254.766846067527,75.4331801583036,38.1817957590422
44.1436738253437,20.6148545175836,29.2602850504687,8.99980184338754,616.416767596631,254.782870625371,75.4331801583031,38.1331880960158
44.2306830021827,20.6374649125936,29.3222090888985,8.99020662316354,616.328305245198,254.798878098488,75.4331801583036,38.0747245922666
44.3177775196069,20.6600974843949,29.3843386178694,8.99902442287654,616.239756127873,254.814901272099,75.4331801583033,38.0024544269795
44.4048528475514,20.6827250695759,29.4465983189745,8.99704167352757,616.151226520518,254.830920915335,75.4331801583033,37.9038232160634
44.4918808904755,20.7053403671682,29.5089670292895,8.99215595782734,616.062744987909,254.846931859331,75.4331801583033,37.7572595909449
44.5789252202416,20.7279598970948,29.5714893274573,8.99383879266912,615.974246896446,254.862945799691,75.4331801583033,37.6179376503
44.6659682559482,20.7505790907443,29.6341517238668,8.99370508419815,615.885750120655,254.878959501977,75.4331801583036,37.5076855508443
44.7530357533545,20.7732046410646,29.6969719232441,8.99623258467764,615.797228474619,254.894977704593,75.4331801583036,37.4386353785622
44.8400689590746,20.7958212802723,29.7599066234059,8.99268940272042,615.708741692989,254.910989598412,75.4331801583036,37.4135399420681
44.9271385808867,20.8184473826453,29.8230060769102,8.99645208849572,615.620217887067,254.927008191864,75.4331801583036,37.4258491343906
45.0142000104052,20.841071356151,29.8862371466556,8.99560562132625,615.531702410261,254.943025278143,75.4331801583036,37.4301506327642
45.1012879189802,20.8637022105623,29.9496241854315,8.99834156479454,615.443160012162,254.959047235895,75.4331801583036,37.4263735652076
45.1883128772901,20.8863167065799,30.013101150861,8.99183724063914,615.354681615685,254.9750576124,75.4331801583033,37.3909676757159
45.2754119231376,20.9089504551471,30.0767671651858,8.99949232134502,615.266127894305,254.991081619126,75.4331801583036,37.3296336154299
45.362513998285,20.9315849909148,30.1405696112157,8.99980532318819,615.177571093032,255.007106183166,75.4331801583036,37.2397059845413
45.4495259778386,20.9541961142445,30.2044392246665,8.99049621311948,615.089105892075,255.02311417191,75.4331801583036,37.1097670881742
45.5365966770396,20.9768224965902,30.2684843248609,8.99656340950634,615.00058099077,255.039132963575,75.4331801583036,37.0073548463165
45.6236609089942,20.999447198343,30.3326562440328,8.99589518249035,614.912062664724,255.055150565431,75.4331801583036,36.9437005493092
45.7107016753912,21.0220658022848,30.3969415525901,8.99347060824046,614.823568196143,255.071163850222,75.4331801583036,36.9206835111871
45.7977379945435,21.0446832505558,30.4613534066697,8.99301109751686,614.735078249081,255.087176316833,75.4331801583036,36.9312019870235
45.8848259952443,21.067314128907,30.5259326277561,8.99835108365864,614.646535757318,255.103198291533,75.4331801583036,36.9328640411762
45.9718703888476,21.0899336754225,30.5906077564029,8.99384538864251,614.558037600951,255.119212243637,75.4331801583036,36.9257461901661
46.0588880165608,21.1125462664953,30.6553903391932,8.99107980812667,614.469566657502,255.1352212715,75.4331801583036,36.8902210566349
46.1459072968704,21.1351592870154,30.7203006723046,8.99125056233956,614.381094033856,255.151230603398,75.4331801583036,36.8328311065956
46.2329355435039,21.157774637544,30.7853434339799,8.99217700605281,614.292612294136,255.167241584871,75.4331801583036,36.7516639947976
46.3200339141877,21.1804082106617,30.8505637069587,8.99942256018985,614.204059259196,255.183265467384,75.4331801583036,36.6361089119494
46.407136478816,21.203042873627,30.9159114902283,8.99985589870485,614.115501960267,255.199290121476,75.4331801583033,36.4667894265908
46.4942074377028,21.2256693234551,30.981359080279,8.99659024148015,614.026976794939,255.215308960916,75.4331801583036,36.3180969372945
46.5812189522576,21.2482803259492,31.046884578204,8.99044816720998,613.938512066747,255.231316864113,75.4331801583036,36.2093953701485
46.6682273559196,21.2708905200398,31.11252950026,8.99012673479738,613.850050501403,255.247324194984,75.4331801583036,36.1504041658713
46.755237573834,21.2935011855861,31.1782967904284,8.99031419208739,613.761587091507,255.263331859632,75.4331801583033,36.1416339534933
46.842312218624,21.3161285932412,31.2442331479846,8.99697108673863,613.673058178716,255.279351377185,75.4331801583033,36.1747177893807
46.9293431225629,21.3387446343029,31.3102559470933,8.99245157161029,613.58457373731,255.295362847534,75.4331801583036,36.1979377790636
47.016364879458,21.3613582983939,31.3763905675454,8.99150645506801,613.496098595716,255.311372635061,75.4331801583036,36.2112341781781
47.1034095894734,21.383977927133,31.4426606832935,8.99387808185304,613.407600117653,255.327386645377,75.4331801583036,36.2145494191764
47.1905075788568,21.4066114011651,31.5090887921386,8.9993831623951,613.319047470382,255.34341045774,75.4331801583036,36.2078260815767
47.2775735895319,21.4292365651402,31.5756091716032,8.99607896846021,613.230527335908,255.359428386836,75.4331801583033,36.17404161998
47.3646218556201,21.4518571179681,31.6422318615182,8.99424551238306,613.14202524238,255.375443051379,75.4331801583036,36.12070962779
47.4516456357502,21.4744713078214,31.7089508881082,8.99171550544212,613.05354804376,255.391453211129,75.4331801583036,36.0470387108092
47.5387407360733,21.497104031096,31.7758390706197,8.99908465079265,612.964998333801,255.407476491979,75.4331801583036,35.9436777903837
47.6257870431959,21.5197240748628,31.8428034867998,8.99404310264392,612.876498231956,255.423490796122,75.4331801583036,35.7928417705314
47.7128698771828,21.5423536105805,31.9099090326987,8.99781723394524,612.787960993198,255.439511820279,75.4331801583036,35.5674305159672
47.7999257107883,21.56497612992,31.9771060618812,8.99502742467448,612.699451205765,255.455527877052,75.4331801583036,35.3553883543742
47.8870247436841,21.5876098751215,32.0444480846968,8.99949098312063,612.610897497553,255.471551881395,75.4331801583036,35.1837436609133
47.9741258315929,21.6102441543433,32.1119026742997,8.99970331694232,612.522341700007,255.487576263808,75.4331801583036,35.0700098474285
48.0612266503659,21.6328783636268,32.1794673362942,8.99967550854199,612.433786176091,255.503600596707,75.4331801583036,35.0219961894906
48.1482644373951,21.6554961933435,32.2470925728657,8.99316276561702,612.345294736637,255.51961333337,75.4331801583036,35.0383212255507
48.2353594668631,21.6781288982056,32.3148711338137,8.99907732971245,612.256745098716,255.535636601185,75.4331801583036,35.0516777750818
48.3224378169207,21.7007572687196,32.3827448848613,8.99735393279931,612.168212418775,255.551656800412,75.4331801583036,35.0621616835324
48.4095139572766,21.7233850650156,32.4507243906244,8.99712561579188,612.07968198544,255.567676593111,75.4331801583036,35.0697283197387
48.4966015518626,21.746015837833,32.5188196613281,8.99830912194215,611.991139906574,255.583698493096,75.4331801583036,35.0743360416371
48.583613488197,21.7686269499316,32.5869617955295,8.99049174748827,611.902674749558,255.59970647389,75.4331801583036,35.0760758728749
48.6706364262193,21.7912409209529,32.6552178777697,8.99162849482149,611.81419840711,255.615716478713,75.4331801583033,35.0748029586412
48.7576641311936,21.8138561307248,32.7235823872918,8.99212103921221,611.725717218096,255.631727360535,75.4331801583036,35.1094985229711
48.8447032631509,21.8364743099374,32.7920599301743,8.99330173005816,611.637224411252,255.647740344631,75.4331801583036,35.13233224786
48.931713981779,21.8590851056002,32.8606184816683,8.99036592822755,611.548760492279,255.663748101397,75.4331801583036,35.1433338906303
49.0187825789575,21.8817109417097,32.9293254400891,8.9963462184323,611.460237728104,255.679766506343,75.4331801583036,35.1423893680822
49.1058727898394,21.9043423944035,32.9981516866752,8.99857945021009,611.371692989246,255.69578888766,75.4331801583033,35.1135100721447
49.1928819962161,21.9269527970893,33.0670153817569,8.99020967513789,611.283230607781,255.711796366211,75.4331801583036,35.0657272749063
49.2799460278822,21.9495774467947,33.1360233492017,8.99587448772509,611.194712485369,255.727813931219,75.4331801583036,34.9997657716082
49.3670467506109,21.97221163112,33.2051607451955,8.99966558478773,611.106157059101,255.743838246448,75.4331801583036,34.9082384823416
49.4541229380852,21.9948394396604,33.2743783662922,8.99713048428763,611.017626577862,255.759858047816,75.4331801583036,34.7754354480598
49.5412244198306,22.0174738212253,33.3437152025203,8.99974401004147,610.929070379901,255.775882502685,75.4331801583036,34.5768534050357
49.6282911559526,22.0400991737166,33.4131228266272,8.99615392511943,610.840549507864,255.791900565244,75.4331801583036,34.3914591557654
49.7153016505965,22.0627099111744,33.4825833368692,8.99034278509673,610.752085816617,255.807908280803,75.4331801583036,34.2438291895833
49.8023234527009,22.0853235870136,33.5521499749065,8.99151112631429,610.663610629058,255.823918076647,75.4331801583036,34.1491114628148
49.8873303808026,22.1141668489273,33.6256442850789,8.9916225055512,610.576676446871,255.846291264853,75.3582737433111,34.111728362242
49.971134418168,22.1468386818723,33.7015883953284,8.99506567097735,610.490654025975,255.872572597581,75.2374098654026,34.128707491846
50.0549461172415,22.1795135018099,33.7776082332738,8.99588803667342,610.404623740558,255.898856333057,75.1165066841643,34.1407480645465
50.1387945319231,22.2122026356905,33.8537297425985,8.9998288886738,610.318555767631,255.925151582717,74.9955233332287,34.1478019080235
50.2225721501616,22.2448641688775,33.9298548176834,8.9922299867915,610.232560465205,255.951424630286,74.8746160245711,34.1499968094204
50.3063720626745,22.2775343937079,34.0060675313639,8.99462293192744,610.146542278351,255.977704669442,74.7536515024778,34.1471902486903
50.390179080328,22.3102073885476,34.0823536530757,8.99538555874024,610.060516798276,256.003986936802,74.6326527501344,34.1033460059573
50.4739456174981,22.3428646016705,34.1586693794351,8.99104060571641,609.974532870247,256.030256509297,74.5116895564167,34.021382308982
50.5577419160278,22.3755334175538,34.2350782470496,8.99423502679216,609.888518393042,256.056535415091,74.3906615658665,33.8959343370333
50.6415477906566,22.4082059667741,34.3115614554492,8.99526287274202,609.802494086249,256.082817323994,74.2695989914512,33.7132503667311
50.7253678932494,22.4408840629068,34.3881228400799,8.99679002435179,609.716455174862,256.109103694852,74.1484961806273,33.5706335250847
50.8091559779853,22.4735496765614,34.4647197050347,8.99335340322228,609.63044912888,256.135380024763,74.0274210320502,33.4811436566505
50.8930009361897,22.5062374629002,34.541432910131,8.99945788936457,609.544384703926,256.161674190456,73.9062461667714,33.4486511391445
50.9767961269791,22.53890584692,34.6181644660483,8.99411612801254,609.458371363785,256.187952748857,73.785126781659,33.4687136433432
51.0606456728935,22.5715954218229,34.6950092990887,8.99995030899066,609.37230222968,256.214248353277,73.6639134552409,33.483101059642
51.1444592791234,22.6042709852844,34.7718842577666,8.99609274039743,609.286269986622,256.240532686846,73.5427377942836,33.4919232139814
51.2282538289027,22.6369391194,34.8488043484098,8.99404732550727,609.200257304459,256.266811044224,73.4215764848473,33.495138743138
51.3120119386628,22.6695930470137,34.9257531380649,8.99013605375076,609.114282026922,256.293077973844,73.3004557563675,33.4927444827949
51.3957904073031,22.7022549117383,35.0027823800934,8.9923212642828,609.028285851584,256.319351288102,73.17929455822,33.4522104277368
51.4795636200582,22.7349147274039,35.0798681332255,8.99175712636905,608.942295071259,256.345622954091,73.0581310137706,33.3771991154073
51.5633786303384,22.7675908382483,35.1570533309563,8.99624344345648,608.856261386984,256.371907727977,72.9368981454333,33.2632563631907
51.6472210175482,22.8002776222594,35.2343243678274,8.99918193289312,608.770199601082,256.398201087393,72.8156178858079,33.0976613719448
51.7309884223445,22.8329351736349,35.3115864581561,8.99113373194821,608.68421478246,256.42447093198,72.6944393913193,32.8590018820942
51.8147980524305,22.8656091869574,35.388947277767,8.99566596292891,608.598186620798,256.450754018611,72.5731941973722,32.6535739772263
51.8985958923385,22.8982786037622,35.4663566088917,8.99440046987729,608.512170561414,256.477033407789,72.4519615287527,32.5023965706079
51.9823803848394,22.9309428169484,35.5438125983611,8.99296783241443,608.426168202756,256.503308611158,72.3307447254514,32.4170999519599
52.0661443027461,22.9635990089255,35.6213081444463,8.9907594683487,608.340186963325,256.529577362239,72.2095553301983,32.4002441446839
52.1499306441385,22.9962639429203,35.6988826478057,8.99316628228873,608.254182706834,256.555853145429,72.0883322183626,32.4457564508759
52.2337206699775,23.0289303133331,35.7765184071937,8.99356175058754,608.168174668365,256.582130084079,71.9671035864785,32.4846072554941
52.3174957679325,23.0615908639626,35.8541977900512,8.9919594733906,608.082181952938,256.608402341275,71.8458974482242,32.5168276272898
52.401293952455,23.0942604151189,35.9319556803803,8.99443745892262,607.996165539816,256.634681838525,71.7246598896759,32.542367521192
52.4850714439471,23.1269218988926,36.0097510869738,8.99221638255054,607.910170367492,256.660954846346,71.603455335367,32.5612776014486
52.5689007687196,23.1596035903833,36.087651021864,8.99777988252928,607.824121989804,256.687244109322,71.4821799459595,32.5734599880921
52.6527149162945,23.1922793648934,36.1655928869845,8.99615084538935,607.738089191071,256.713528612659,71.3609317536614,32.578978997536
52.736552041564,23.2249640974851,36.2436118101255,8.99861714509781,607.652032806399,256.739820321907,71.239656649275,32.5777696474493
52.8203184884235,23.2576212753995,36.3216202289627,8.99103091225959,607.56604897107,256.76608986608,71.1184911905178,32.5415545142769
52.904124076544,23.2902937129216,36.3997200274548,8.99523212051485,607.48002495837,256.792371685133,70.9972776067779,32.4749280677227
52.9879555313175,23.3229762348143,36.477898545663,8.99800850515021,607.393974394298,256.818661616087,70.8760361923344,32.3746974298634
53.0717550342556,23.355646299968,36.5561015078138,8.99457897042623,607.307956627861,256.844941526798,70.7548516498775,32.2295587956904
53.1555829445061,23.3883274399933,36.6343848909761,8.99762805549661,607.221909702139,256.871230346174,70.6336377753633,32.0195558557336
53.2394058015791,23.4210066099874,36.7127171254787,8.99708567514317,607.135867963358,256.89751758085,70.5124440399683,31.7155794823686
53.3232347153567,23.4536881412477,36.7911082522258,8.99773576858686,607.049820007545,256.923806714936,70.3912554633405,31.4357031969381
53.4070759259639,23.4863744665487,36.8695637844045,8.99905564283254,606.963759429391,256.950099705365,70.2700641109379,31.208636330244
53.4908492543599,23.5190343272981,36.9480083042736,8.99176953864517,606.877768530365,256.97637140762,70.1489869453528,31.053666510232
53.5746293648747,23.5516968321237,37.0265113355919,8.99249749407871,606.79177066969,257.002645236778,70.0279171154311,30.9802901258363
53.6584770855202,23.5843856954275,37.1051296129126,8.99975439462578,606.70570340917,257.028940268785,69.9067678208873,30.9888496775676
53.7422844637473,23.6170588308404,37.183761612904,8.99542426073225,606.619677558977,257.055222649223,69.7856961260046,30.9961425729464
53.826090982695,23.6497316312548,37.2624440161751,8.99533203040715,606.533652590809,257.081504760187,69.6646460540085,31.0020941350423
53.9098677872142,23.6823928472053,37.3411493803213,8.99214264664101,606.447658123642,257.10777755257,69.5436603466184,31.0067338783587
53.9936865710523,23.7150704292085,37.4199447490813,8.99664847645676,606.361620565919,257.134063509861,69.4226365465332,31.0099436901486
54.0775139916943,23.7477513783551,37.4987985051782,8.99757550361566,606.275574142766,257.160352175693,69.3016238899232,31.0117608520399
54.1613097653288,23.7804199896028,37.5776724179945,8.99417868741788,606.189560204352,257.186630916877,69.1806815921054,31.0122280726339
54.2451296466505,23.8130979994708,37.6566186467931,8.99676627431763,606.103521520093,257.212917218344,69.0597302496608,31.0112538322971
54.3289023493012,23.8457576162673,37.7355697184801,8.99170237457147,606.017531263376,257.239188724362,68.9388737857528,31.069240569033
54.4126855652783,23.878421331788,37.8145796634766,8.99283081736416,605.931530215034,257.265463527407,68.8180300188384,31.1187989671204
54.4965137684404,23.9111025860079,37.8936807336798,8.99765949501889,605.845482988647,257.291752438641,68.7011845148402,31.1599007235476
54.5803413463028,23.9437835964484,37.9728296230186,8.99759237879654,605.759436404112,257.318041153778,68.7011845148401,31.1926065161783
54.6641802294081,23.9764690143498,38.0520373032549,8.99880582154263,605.673378215072,257.344333414292,68.7011845148398,31.2168971406682
54.7480175833582,24.0091538360948,38.1312913575245,8.9986416904116,605.587321595666,257.370625195255,68.7011845148401,31.2327727224208
54.831817463911,24.0418240484652,38.2105574759517,8.99461950150086,605.501303441618,257.396905224388,68.7011845148401,31.2402443073194
54.9156106287592,24.0744916426519,38.2898644197465,8.99389867461054,605.415292181047,257.423183147446,68.7011845148395,31.2392466149298
54.9994169589146,24.1071643694637,38.3692307183327,8.9953117664787,605.329267406669,257.449465199204,68.7011845148398,31.2075723634319
55.0832538835881,24.139849023851,38.4486726236598,8.99859561420744,605.243211227903,257.475756845544,68.7011845148398,31.1515181043194
55.1670296294811,24.1725098270856,38.5281028598941,8.99202901951503,605.157217847385,257.502029305937,68.7011845148398,31.069679924932
55.2508646303508,24.205193731459,38.60763532609,8.99838912367355,605.071163643348,257.528320348963,68.7011845148398,30.9524824933286
55.3347122750666,24.2378825651608,38.687225578407,8.99974624474766,604.985096460769,257.554615357158,68.7011845148402,30.7822758305218
55.4184717597787,24.2705370288132,38.7667775880043,8.99028363355203,604.899119771883,257.580882717969,68.7011845148398,30.5327806033613
55.5022353741112,24.3031931024389,38.8463786610205,8.9907268843567,604.813138844062,257.607151373849,68.7011845148398,30.1677687585872
55.5860777898556,24.3358798975745,38.9260995481625,8.99918499564752,604.72707702887,257.633444742214,68.7011845148404,29.8138778928256
55.6698683184841,24.3685464640047,39.0058157317177,8.99361571724294,604.641068474303,257.659721838541,68.7011845148402,29.5071932335871
55.7537125441848,24.4012339647697,39.0856273898684,8.99937926642597,604.555004801243,257.686015774517,68.7011845148398,29.2738504236465
55.8375437669255,24.4339163962022,39.1654707915839,8.99798360004323,604.468954475346,257.712305632705,68.7011845148398,29.1303700673856
55.9213463848183,24.4665876757517,39.2453307751953,8.99491331255995,604.382933511498,257.73858652028,68.7011845148398,29.0834727971566
56.0051505064766,24.4992595415591,39.3252357445542,8.99507471850375,604.296911004078,257.764867879444,68.7011845148398,29.1306349915558
56.0889642950688,24.5319351761162,39.4051932267272,8.99611231415765,604.210878573831,257.791152270202,68.7011845148398,29.1750557289355
56.1727980265328,24.5646185855992,39.4852127846569,8.99825287262211,604.124825672802,257.817442915137,68.7011845148398,29.2167179583918
56.2566410590843,24.5973056212032,39.565284021987,8.99925120033789,604.038763224475,257.843736476936,68.7011845148402,29.2556352216304
56.3404043179066,24.6299615562297,39.6453215582172,8.99068872583332,603.952782661575,257.870005021326,68.7011845148402,29.2919291702793
56.4242165480293,24.6626365832022,39.7254481314468,8.99594503660454,603.866751831051,257.896288923341,68.7011845148398,29.3254087755641
56.5080039069486,24.6953019138899,39.8055929096387,8.99327549805632,603.780746530098,257.922565025632,68.7011845148398,29.3561713896818
56.5917689682352,24.727958551625,39.8857580660958,8.99088219245663,603.69476411702,257.948834135283,68.7011845148398,29.3842035108423
56.6755275209433,24.7606126519264,39.965958438884,8.99018359735608,603.60878838481,257.975101203813,68.7011845148402,29.4094742249208
56.7593456177103,24.7932899660681,40.0462570646782,8.99657473001862,603.522751532346,258.001386945635,68.7011845148398,29.4318912620008
56.8431726106712,24.825970748479,40.1266052251547,8.99752959866542,603.436705548195,258.027675477345,68.7011845148398,29.4515114212458
56.9269478558454,24.8586313565034,40.2069445160284,8.99197527510114,603.350712681651,258.053947780709,68.7011845148398,29.468395813112
57.0107334961433,24.8912960171696,40.2873342576267,8.99309103065636,603.264709144813,258.080223344033,68.7011845148402,29.4824559596929
57.0945045826988,24.9239550039154,40.3677502674875,8.99152891177917,603.178720546971,258.106494343236,68.7011845148398,29.4937076403854
57.1783360931036,24.9566375474965,40.4482643130923,8.99801447631093,603.092669925795,258.132784291636,68.7011845148402,29.5020541753691
57.2621328804161,24.9893065539366,40.5287847927303,8.99428749006009,603.00665494687,258.159063350715,68.7011845148398,29.507586618523
57.345937952192,25.0219787901567,40.6093527769374,8.99517669891939,602.920631464182,258.18534500784,68.7011845148404,29.5102419495624
57.4297564066368,25.0546562437427,40.6899729473611,8.99661312118871,602.834594244571,258.211630861831,68.7011845148398,29.5099991735129
57.5135898569695,25.0873395436239,40.7706466422946,8.99822269753087,602.748541632115,258.237921418602,68.7011845148402,29.4660489772898
57.5973655545375,25.1200003280185,40.851303593773,8.99202383256983,602.662548301202,258.26419386384,68.7011845148398,29.378827532986
57.6811669933418,25.1526711478887,40.9320239356179,8.99478675567778,602.576528547654,258.290474381648,68.7011845148398,29.2407080545664
57.7650005103742,25.1853544737734,41.0128135836647,8.99822985670762,602.490475866733,258.316764959336,68.7011845148398,29.0357924395622
57.8488453441805,25.2180422116143,41.0936523335051,8.9994445371395,602.404411569471,258.343059086017,68.7011845148408,28.7391509078405
57.9326662673103,25.2507206276416,41.1745059872314,8.99687809629831,602.318371815827,258.369345714199,68.7011845148398,28.3155084864955
58.0164479083732,25.2833837291665,41.2553594517189,8.99266177471261,602.232372384088,258.395620023344,68.7011845148398,27.9260064441359
58.1002791033833,25.3160661497879,41.3362982436303,8.99798062358052,602.146322086655,258.421909872836,68.7011845148398,27.604482268101
58.1840837546913,25.3487382220844,41.4172486865564,8.99513156819623,602.060299035566,258.4481913981,68.7011845148398,27.3749760502743
58.2679003152711,25.3814149373284,41.4982476958754,8.99640984411351,601.974263759953,258.474476658166,68.7011845148398,27.2511439784044
58.3516653902634,25.4140715804067,41.5792337651809,8.99088366354583,601.888281332807,258.500745772115,68.7011845148402,27.2368916294132
58.4354361963652,25.4467304578149,41.660261968072,8.99149880942656,601.802293022842,258.527016683366,68.7011845148402,27.326769798265
58.519240221926,25.4794022861577,41.7413587052141,8.99506440392462,601.716270614064,258.553298012393,68.7011845148398,27.412079079153
58.6030086501055,25.5120602365093,41.8224571697357,8.99124357628636,601.630284744968,258.579568177917,68.7011845148398,27.4929394291881
58.686790572277,25.5447234476271,41.9036046639153,8.99269194736844,601.544285024679,258.605842575219,68.7011845148398,27.5692925303889
58.770640157493,25.5774130378521,41.9848534969381,8.99995452739764,601.458215850232,258.632138191964,68.7011845148398,27.6410784218643
58.8544117068085,25.6100722050095,42.0660622752107,8.99157858189894,601.37222677738,258.65840933629,68.7011845148398,27.7085082283954
58.9382013502621,25.6427384263456,42.1473239441575,8.99352070744382,601.286219131419,258.684686155022,68.7011845148398,27.7714572853875
59.0219805620237,25.6754005807833,42.2286106393994,8.99240102682263,601.200222193288,258.710959702326,68.7011845148398,27.8299693362056
59.1058062072125,25.7080808377519,42.3099773541622,8.99738493620418,601.114177592587,258.737247811368,68.7011845148398,27.8839779915075
59.1896185806989,25.7407559206161,42.3913659541371,8.99596042446094,601.028146614904,258.763531758343,68.7011845148402,27.9335607068406
59.2733962246525,25.7734174638284,42.4727553724568,8.99223274692893,600.942151286082,258.789804813976,68.7011845148402,27.9787405519382
59.3571973961829,25.8060881794992,42.5542020002905,8.99475806796225,600.856131806884,258.816085247966,68.7011845148398,28.0194471436546
59.4410161144035,25.8387657359207,42.6356998530992,8.99664143342059,600.770094316515,258.842371184679,68.7011845148402,28.0556854211333
59.5247737450212,25.8714194767361,42.7171722519562,8.9900846252474,600.684119530804,258.868637964037,68.7011845148398,28.0875330927046
59.6085836553542,25.9040935993155,42.7987292716893,8.99569604307413,600.598091081477,258.894921138556,68.7011845148402,28.1148619217992
59.692400870358,25.9367705696932,42.8803269895166,8.99648008640157,600.512055134117,258.921206603853,68.7011845148398,28.1377111826864
59.7762160342062,25.9694467404075,42.9619561091282,8.99625992659479,600.426021292208,258.947491425898,68.7011845148398,28.1560785992343
59.8600379151172,26.0021255298352,43.0436249827997,8.99698089927202,600.339980555429,258.973778354445,68.7011845148398,28.1699422553042
59.9438214650467,26.0347893755506,43.12528951225,8.99286666198168,600.253979164294,259.000053262219,68.7011845148398,28.1793262645798
