32.7151447026789,0,5.26253453911773,-0.642042011101079,79.4139847194739,35.2082084069878
32.7145711263421,0.0895990460779751,5.26340958477746,-0.641896903026853,79.4142452721332,35.2090225970268
32.7134255446501,0.178959230435418,5.26515734331637,-0.641607073721407,79.4147656829005,34.8468236855838
32.7117043374231,0.26889806988469,5.26778346601813,-0.641171586037195,79.4155476346059,34.8968468417704
32.7094128839496,0.358016176213836,5.27127993740729,-0.640591769173666,79.4165887407334,34.9450429368983
32.7065541646638,0.44669462975459,5.27564246372983,-0.639868335160379,79.417887722995,34.9913299064743
32.7031206799632,0.5365775985683,5.28088280856928,-0.638999333252331,79.4194480843757,35.0356423310812
32.699126830134,0.624249056446623,5.28697937378222,-0.637988345051189,79.4212633941479,35.0778775214798
32.6945636618598,0.713365171403129,5.29394626823435,-0.636833030895811,79.4233378537285,35.117970119233
32.689439862409,0.801174895763039,5.30177073340343,-0.63553550652104,79.4256676645638,35.1558256720359
32.6837630244161,0.887854736999668,5.31044173458131,-0.634097601803099,79.4282495414214,35.1913517875709
32.6775125202059,0.977825229796562,5.3199914090562,-0.632513987442942,79.4310930540103,35.224493941483
32.6707115828816,1.06423197706524,5.33038495243905,-0.630790435022671,79.4341878395253,35.255135047608
32.6633549287854,1.15154166495225,5.34163118306335,-0.628925482205574,79.4375365243055,35.2831963724796
32.6554438299308,1.23873508791547,5.35372896545814,-0.626919317285836,79.4411387708838,35.3085883771161
32.6469849554038,1.32497293643954,5.36666896725546,-0.62477348784206,79.4449918011113,35.3312138276596
32.6379668446357,1.41310152504893,5.38046965387405,-0.622484931769629,79.4491011139776,35.3509935720161
32.6283811087118,1.50264866159996,5.39514487919155,-0.620051351691853,79.453470835388,35.3678402223214
32.618270023388,1.58567617439118,5.41063097100692,-0.617483306315435,79.4580820069552,35.3816158670138
32.6076070462734,1.67297863709217,5.42696967950086,-0.614773872243575,79.4629470610807,35.3922484383098
32.5964141518551,1.75695271698477,5.44412849889281,-0.611928439882097,79.468056319571,35.399618584116
32.5846564810788,1.84652609538015,5.46216211326777,-0.608937941015897,79.4734260661562,35.4036498963243
32.5723638021795,1.93155923163346,5.48102618153782,-0.605809728689708,79.4790430985606,35.4042119738351
32.5595251449637,2.0184554937845,5.50073889943496,-0.602540785520836,79.4849128356805,35.4012022453885
32.5461641644742,2.10177720709287,5.52126535706241,-0.599136900587641,79.4910248834794,35.4077150699242
32.532304743991,2.18148638445025,5.54257027353222,-0.595603924489632,79.4973687374043,35.4141546835072
32.517941922991,2.26212436617745,5.56466271976946,-0.591940353003054,79.5039470992833,35.4204907437288
32.5030835156971,2.3416853425411,5.58753217748281,-0.588147930367173,79.5107568379603,35.4266848941407
32.4876949215579,2.42686357976523,5.61123350618194,-0.584217559276362,79.5178142895636,35.4327178862359
32.4717901047404,2.51001376734774,5.63574689945022,-0.580152524211773,79.5251135572826,35.4385442903787
32.4553463184436,2.59693642309852,5.66110920011178,-0.575946715559353,79.5326656125479,35.4441337780656
32.4383480797243,2.68650090489575,5.68734620887005,-0.571595854810493,79.5404781388573,35.4494492480199
32.4208204215236,2.77231169127309,5.71442126624005,-0.567106021176273,79.5485402210878,35.4544353446993
32.4028072807898,2.85137047476301,5.74226843055074,-0.562488149707666,79.5568322247138,35.4590310968018
32.3842556240004,2.93903051820959,5.77097170375887,-0.557728310431946,79.5653791636292,35.4632087478716
32.3652434460936,3.01454281207553,5.80041244804393,-0.552846176957538,79.5741457119114,35.4668957491133
32.3456836686723,3.10407987990409,5.83072763269436,-0.547819035784353,79.5831726554971,35.4700684079971
32.3256437605749,3.18313902583962,5.8618149278252,-0.542663856189792,79.5924295243257,35.4726564031735
32.3050904227942,3.26771694659131,5.89372823110793,-0.537371700369036,79.6019323681166,35.4746147808692
32.2840047788172,3.35554491306696,5.92649928326447,-0.531937304785288,79.6116906389333,35.4758899637954
32.2623883954501,3.4433848638281,5.96012820133621,-0.526360650029674,79.6217043722022,35.476421028834
32.2402749756167,3.52611766004435,5.99456510763343,-0.520650007276868,79.6319587162497,35.4761419757898
32.217729852323,3.59867815924517,6.02971065707667,-0.514821850836531,79.6424240892191,35.5059779964249
32.1946758855445,3.68380776652236,6.06568760257404,-0.508855824698777,79.6531370437981,35.5356024415654
32.171110722929,3.76959749494481,6.10250239102611,-0.502750859779589,79.6640994999683,35.5650419228075
32.1470301497021,3.8563563609893,6.14016448726212,-0.496505386534422,79.6753142762978,35.5943224559491
32.1224861729381,3.93507750355799,6.17859539295704,-0.490132422273456,79.686757998128,35.6234601321373
32.0974405897681,4.02021945871749,6.21785781529844,-0.483621568317345,79.6984493379889,35.652483054586
32.0719688874133,4.09353812788213,6.2578362852546,-0.476991972796976,79.7103539120109,35.6813990006002
32.0459807628174,4.18167598466712,6.29867553054726,-0.470219635637892,79.7225148161876,35.7102441698466
32.0194081806477,4.25740590050443,6.34028656289165,-0.463521758730991,79.7372076140029,35.7390775376313
31.9924003507234,4.33185175869998,6.38262629181221,-0.4567133601106,79.7522347571381,35.7678608581474
31.9649492251668,4.40866963040323,6.42571684233178,-0.449784226358709,79.7675284152185,35.7966110048005
31.9370715340175,4.48311303468469,6.46953500629077,-0.44273808944068,79.7830803507898,35.8253391346547
31.9088053759748,4.55173252222629,6.51402386044486,-0.435584102843038,79.7988703599413,35.8540495546337
31.880158165832,4.6194535873355,6.55917462356968,-0.428323678621962,79.8148953250475,35.8827523207054
31.8510387437903,4.7022060684481,6.60513421345334,-0.420933191806498,79.8312073892953,35.9114824441274
31.8214775556059,4.78040353965936,6.65185810920844,-0.413419801534321,79.8477907500569,35.9402436020474
31.791491161231,4.85627770646308,6.69932360274516,-0.405787159357563,79.8646373462234,35.9690413630614
31.7610203981198,4.94211296207007,6.74762805422796,-0.398019609370378,79.8817817314594,35.9979010252915
31.7301899750354,5.00808701094268,6.79657733926017,-0.390148367556154,79.8991550044206,36.0267954478296
31.6988830517107,5.09341314995106,6.84636060610816,-0.38214301811326,79.9168242960391,36.055763825554
31.6671755596568,5.16678373634905,6.89686100062162,-0.374022351658835,79.9347481293787,36.0847896980958
31.6349924455415,5.25279299023596,6.94820205374878,-0.365766503919795,79.9529703457465,36.1138985471307
31.6023166145312,5.34204932668426,7.00041550263188,-0.35737037143608,79.9715022062972,36.1430978932526
31.5691926466879,5.42447591607115,7.05343459299232,-0.34884468856405,79.9903200147486,36.1723755729912
31.5356689917174,5.49940019068464,7.10718599684209,-0.34020124673896,80.0093977412555,36.2017166775598
31.5018142584097,5.56346238466926,7.16156354767899,-0.331457117961168,80.0286977004119,36.2310992439413
31.4674847845172,5.65156922384889,7.21680225902984,-0.322574511110779,80.0483032998223,36.2605610449162
31.4327033286633,5.73643115307634,7.2728704149876,-0.313558526233149,80.0682032776887,36.2900896653697
31.397616661443,5.79752420253436,7.32953569737006,-0.30444652102592,80.0883151731933,36.3196369597209
31.3621083878886,5.87828487949107,7.38699033852106,-0.295207583755407,80.1087072085934,36.3492271203707
31.3261868140855,5.95816823110976,7.44522576342027,-0.285843093319354,80.1293763341932,36.378847128219
31.2898098124818,6.045566975068,7.50431542787643,-0.276341237728412,80.1503486144712,36.4084949805947
31.2530695345969,6.11816813237357,7.56411469956084,-0.266725274442477,80.1715727089707,36.4381322331422
31.2159032181988,6.20173739388799,7.62473078125531,-0.256977964823266,80.1930866587934,36.4677580168833
31.1783097622995,6.28605398037971,7.68617097735037,-0.247098134295417,80.2148930482404,36.4973528816928
31.1402676456368,6.37456057399465,7.74847624117861,-0.237079197398415,80.2370064037019,36.5268990454292
31.1017870532718,6.46197476623649,7.81163589555608,-0.226922871066359,80.2594229262324,36.5563686685721
31.0629967145984,6.52832620438879,7.87544407210405,-0.216662259762162,80.2820695397841,36.58571053295
31.0238284779691,6.6066830484931,7.94001811224184,-0.206278494513875,80.304987880904,36.6149108230639
30.9842744093118,6.68697160620326,8.00537689663179,-0.195768539235089,80.3281846398868,36.6439399900019
30.9443233029592,6.76977559414141,8.0715450112108,-0.185128440408314,80.3516685311955,36.6727654210391
30.9040735209098,6.83649771187747,8.13836527100052,-0.174383474009966,80.3753837562371,36.7013394947753
30.8634776684025,6.91184054404604,8.2059219352814,-0.163520090809021,80.3993602074845,36.7296315966615
30.822579591633,6.98030584844593,8.27414778276388,-0.152549100259075,80.4235740148662,36.7575990547954
30.7802821646079,7.05652758806043,8.34332208706248,-0.142837331588622,80.4641852617961,36.7858168018991
30.7373386499147,7.12820312032898,8.413260354078,-0.133442639004447,80.5100728397343,36.8138526627606
30.6941358791356,7.18840882792654,8.48378932856675,-0.123968597655213,80.556348288339,36.8414841831682
30.6506259820958,7.25711888381476,8.55499245082516,-0.114403999142888,80.6030663012322,36.8686683987262
30.6067768098432,7.33179371138083,8.62692824412865,-0.104740982131972,80.6502652210157,36.8953549918836
30.5625815997977,7.40824244315143,8.69961411311395,-0.0949772086861852,80.6979564079833,36.9214886967404
30.5181814111024,7.46162017160465,8.77282369694888,-0.085143085484479,80.7459912771242,36.9470282688031
30.4733674553454,7.55071980814387,8.846907480644,-0.0751915324508055,80.7945997243597,36.9718914164236
30.4282074529532,7.62915410423533,8.921760821358,-0.0651366060862387,80.8437130192536,36.9960172675215
30.3826612935958,7.71511241284039,8.99745754083632,-0.0549683900369126,80.8933795222124,37.0193244528223
30.3369107871229,7.77094402690633,9.07370205142924,-0.0447265901065196,80.943405211159,37.0417819255615
30.290902970943,7.83636956834974,9.15058848382348,-0.0343985618744581,80.9938517645412,37.0633088009809
30.2447122844597,7.88971384616145,9.22799830286683,-0.0240002279731126,81.0360187590707,37.0838576570489
30.1982428948744,7.96005660531856,9.30609828892555,-0.0135091850697023,81.0641173768648,37.103320173748
30.1514841711304,8.03294607823627,9.38491342904673,-0.00292207669521519,81.0924734873559,37.1216047003053
30.1045086116304,8.09407922774266,9.46432837622469,0.00774560277645031,81.1210455818926,37.1386547385221
30.0572610147903,8.16542865500296,9.54444336732828,0.0185073179993215,81.1498697140981,37.1543510110436
30.0098461315284,8.21935941360742,9.62508749932923,0.0293401118501957,81.1788843850131,37.1686566088748
29.9621972606469,8.2855259806329,9.70638082369382,0.0402601106454386,81.2081327760328,37.1814357456031
29.9144151175524,8.33484243942122,9.78815801581649,0.0512451066022148,81.2375553930565,37.1926561092149
29.8663422097625,8.41236018290953,9.87069577221475,0.0623322679094445,81.2672517760935,37.2020954232957
29.8180119573138,8.48488443171079,9.95394509928408,0.073515013336667,81.2972042847977,37.2096514876067
29.7694134542456,8.56018398924988,10.037933226928,0.0847970006321223,81.3274227025513,37.215181046193
29.7206396138714,8.61993073388835,10.1225075589364,0.096157731797429,81.3578521114196,37.2186358491089
29.671549259046,8.70550931991939,10.2079215440663,0.107631252188012,81.3885836855103,37.2197289717353
29.6222384491325,8.77500146861281,10.2940173504587,0.119196360509377,81.4195606214082,37.218401052303
29.5724515298463,8.83566638384331,10.3807604204302,0.130446621548183,81.4553609303374,37.2771147468154
29.5225075606443,8.89081160783122,10.4680487542905,0.141737649808725,81.4917285907142,37.3349143270406
29.4723094982104,8.96818429090233,10.5560967187549,0.15312693874441,81.5284128362464,37.3916393233146
29.421971094481,9.02613451434217,10.6447136277289,0.164589822492293,81.5653341913944,37.4474255548172
29.3713501386062,9.11054112453164,10.7341592250944,0.176159899763451,81.6026008462854,37.5021066810238
29.3205993080005,9.1684437109545,10.8241732992782,0.187803511349416,81.6401043552699,37.5558584289538
29.2695815690012,9.25209170027554,10.915008613855,0.199553353035964,81.6779499973669,37.6085129684928
29.2184860654974,9.30240178970072,11.0063378635274,0.211367086824443,81.7160013701538,37.6602848832906
29.1671917022294,9.3756792838025,11.0983865380007,0.223273880537398,81.7543523863068,37.7110179133722
29.1157308945617,9.44407827955705,11.1911067410857,0.235267538647905,81.7929830534808,37.7607342435919
29.0640026930994,9.5321615260773,11.2846917290936,0.247373059484742,81.8270617518941,37.8092882981048
29.0120986421097,9.60458173844299,11.3789877252696,0.259570551527417,81.8609622559486,37.8567650553349
28.960093643844,9.66419180258095,11.4738689619625,0.271843746323506,81.8950730802908,37.9032301399486
28.9080658823746,9.7101721950391,11.5692016255919,0.284175334653682,81.9293460918373,37.9487557886017
28.8559879914916,9.76212526094086,11.6650443547544,0.296572901610016,81.9638023453979,37.993277537191
28.8036998790992,9.84521496254752,11.7617028431449,0.309075989660529,81.9985517123782,38.036543312676
28.7513869986005,9.89451576635043,11.8588453576526,0.32164168805457,82.0334749035893,38.0787589184723
28.6989219265433,9.96901072442798,11.9567192497959,0.334301992510916,82.0686608132932,38.1197011914685
28.646386406734,10.0291621351653,12.0551836972962,0.34703868721244,82.1040587843884,38.1594308132554
28.5937318520433,10.0997735211548,12.1543413942439,0.359865055971845,82.1397057032853,38.1978179387918
28.5410018032991,10.1632643812002,12.2541224326404,0.372772055963434,82.1755764049012,38.234861699902
28.4875985925531,10.2407866024229,12.3547447042418,0.385120040783886,82.2193867518615,38.2710766092813
28.4334079331364,10.313711102448,12.4561844716879,0.396727576362297,82.2731682027445,38.3066417075418
28.3791715165372,10.3730729372151,12.5582080882116,0.40840192054163,82.3272590131448,38.3407459698916
28.3248748830817,10.4364020362628,12.6608545735569,0.420147538267704,82.3816797698961,38.3732830246681
28.2705200637724,10.5006018350067,12.7641324914282,0.431965409466913,82.4364349089187,38.4041646974581
28.2160050059895,10.5859724015699,12.8682500653975,0.443879360717122,82.4916347150495,38.433104113645
28.1615114971779,10.6374271789709,12.9728737191474,0.455851221593985,82.5471022240603,38.4603173248639
28.1069961208552,10.6985766459586,13.0780988041038,0.467891902957151,82.6028878731652,38.48561679493
28.0525065394823,10.7516271630655,13.1838456636246,0.479992289867492,82.6589493139569,38.508980711841
27.9980768679158,10.7991118925452,13.290059555804,0.492146118325825,82.6878352765764,38.530364456305
27.9436238910152,10.8643961572499,13.3969155466967,0.504373420766293,82.7122326719384,38.5494639286636
27.889035402163,10.9537380111035,13.5046502529993,0.516701272731266,82.7368307687523,38.5658663311714
27.8345357617387,10.9995949896242,13.6128359823324,0.529080734296742,82.7615319081033,38.5799206627219
27.7801101137901,11.049670595853,13.7215142267069,0.541516553304766,82.7863455551137,38.5914468259511
27.7256759067477,11.1179494953531,13.830864023311,0.554029216597774,82.8113125794339,38.6000671541895
27.6713329909679,11.1672981101918,13.9406991846847,0.566597419143026,82.836390461478,38.6058598171445
27.616928133088,11.2497604238839,14.0513453982433,0.579258428654709,82.8616535540899,38.608200403192
27.5625093015839,11.3241979621634,14.1627237368826,0.592003213673128,82.8870838270701,38.6069811219084
27.5081822482946,11.3782899454076,14.2746340933519,0.604808876353699,82.9126355815087,38.688200988524
27.4530603982215,11.4471270735821,14.3873276752727,0.616699271171411,82.9498976046273,38.7682739885555
27.3973790600754,11.5218785508481,14.5008292911445,0.627992964292983,82.9952528648997,38.8467182086829
27.3416296686943,11.6118400617879,14.6152171146614,0.639374837279741,83.040962682596,38.9224224324169
27.2859637493126,11.672201830624,14.7301995598166,0.650815876598665,83.0869104885834,38.9958376266044
27.2304446510296,11.7208635379575,14.8456613697202,0.662304613902511,83.1330501712093,39.0671522488657
27.1748881268091,11.8103385515025,14.9620045948005,0.673881054209003,83.1795423388682,39.1358138635425
27.1194048329268,11.8784500863779,15.0790187841886,0.685524257133199,83.2263028363944,39.2021348835617
27.0640919063763,11.9275383746429,15.1965165405589,0.697215576175013,83.2732567175988,39.2663882793659
27.0088541304972,11.9990047027698,15.314718309186,0.708976946187666,83.3148494583614,39.3282604016486
26.9536403784173,12.0838592949117,15.4337559773829,0.720821490286852,83.3556478716206,39.3875534345839
26.8986118016172,12.1355510010236,15.5533028587384,0.732716702362027,83.3966209305182,39.4447204861215
26.843769966654,12.1886802777302,15.6733731147094,0.744663991513371,83.4377734480787,39.4997225682162
26.789037920197,12.2609741179439,15.7941555347295,0.75668214275915,83.4791700877886,39.5522563576968
26.7345458039518,12.3061204843401,15.9153826899994,0.768744546268602,83.5207191489341,39.6026798513182
26.6802009739043,12.3741855084434,16.0372803514014,0.78087366680611,83.5624979674343,39.6506171715788
26.6261012014931,12.4220577657971,16.1596496007082,0.793049711513249,83.6044383213192,39.6963176108295
26.572225128204,12.47677618605,16.282557879227,0.805279390967857,83.6465632787249,39.7396257362611
26.517216263024,12.5459462792092,16.4062846533817,0.816042348782707,83.706752171605,39.7825787230704
26.4616333304271,12.5979809847221,16.5306103619324,0.825889929658014,83.7783465468565,39.8245535006912
26.4061956483275,12.6730036924957,16.6556764471604,0.835796154230527,83.8503681330424,39.8636770052324
26.3508903941541,12.7536659294393,16.7815385638932,0.845765430803424,83.9228487660442,39.8997558203266
26.2957194780388,12.8367653784136,16.9082207642479,0.855799664494883,83.9958020748922,39.9326284836872
26.2407516283426,12.9066715313858,17.0355928475299,0.865888542378607,84.0691528490394,39.9623791250479
26.185974990133,12.9821173464836,17.1637094830089,0.876036394693772,84.1429323317443,39.9887742556533
26.1314766006537,13.0395759426363,17.2923931601977,0.886229161203782,84.2070561040434,40.0119746238635
26.0772150251329,13.1095689779535,17.4217675777298,0.896476639820186,84.2594698290432,40.0316034611114
26.0231877825604,13.1830760496066,17.5518674145794,0.906781577392425,84.3121778026535,40.0474145535545
25.9694863561162,13.2369974698071,17.6824993858067,0.917128664222309,84.3651016339071,40.0595852127639
25.9160050946819,13.3199047819028,17.8139495445144,0.927540557981336,84.4183571264654,40.0673526599119
25.8628329489185,13.3838244171782,17.9460305069958,0.938002416395704,84.4718682744157,40.0708546205324
25.8099024136431,13.4679970610727,18.0789421441389,0.948530070822881,84.5257159605096,40.0694229062465
25.7573427141973,13.5224685772698,18.2123913443927,0.959100304506354,84.5797813381909,40.1613773760442
25.7050485083223,13.6073086763153,18.3466778062236,0.969736855938506,84.6341857280251,40.2489335526744
25.6518623931221,13.6929120321342,18.4819085711073,0.979097142834984,84.7045211230489,40.3345208489502
25.5989491188783,13.7727430189556,18.6179302669938,0.988477949447848,84.775661959194,40.4160597703648
25.5463529312077,13.8524944164002,18.7547395997595,0.997913075845486,84.8472146997548,40.4935662965071
25.4940830960902,13.9337040779859,18.892350971442,1.00740351527186,84.9191866513237,40.567070740279
25.4422746984829,13.9823240459353,19.0304425212913,1.01692707043388,84.9914092460766,40.6372826827689
25.3908404894232,14.057886379954,19.169280336195,1.02650209215138,85.0640214107172,40.7036866899506
25.3397837162301,14.1366137411775,19.308895674441,1.03613073616835,85.1271987933791,40.7662395563544
25.2892152291567,14.1883291703908,19.4490217620981,1.04579460428263,85.1764959108028,40.8255016269041
25.2390860232372,14.2573669683995,19.5898296775039,1.05550549500027,85.2260329133126,40.8811174201303
25.1893675560056,14.3387934293566,19.7314417729698,1.06527184641171,85.2758527706402,40.9328142171479
25.1400832325421,14.4180646134032,19.8738367626547,1.07509219052791,85.3259479173481,40.9806012762736
25.0913546684172,14.46573286481,20.0167025312097,1.08494500215239,85.3762084712414,41.0250966691303
25.0430864927464,14.5458048712035,20.1603591030264,1.09485235193285,85.4267469368423,41.065563948791
24.9953968186818,14.5944941010818,20.3044965370512,1.10479286462422,85.4774541938066,41.1026040850483
24.947641454021,14.6589074752448,20.4493136660536,1.11409735956967,85.5362705554718,41.1370272918985
24.8998035590186,14.7132221058725,20.5947150083451,1.12269251280858,85.6039317690862,41.1691025508995
24.852499223669,14.7850726835538,20.7408264038366,1.13132963963566,85.6719230154561,41.1970119444255
24.805699331872,14.871266426392,20.8877895968349,1.14001711902472,85.7403100542536,41.2202956149132
24.7594889077121,14.9356352562298,21.0353889057153,1.14874220132307,85.8089923165171,41.2393010289518
24.7138101530746,15.0240768869457,21.1838622265375,1.15751894935197,85.8780802909351,41.2532942303988
24.6687770529409,15.0803463033625,21.332891621931,1.1663285687841,85.9320707041909,41.2628582597966
24.6244021713534,15.1369978796415,21.4824808685369,1.17517128286918,85.9667595546488,41.2678094269744
24.5806897195596,15.1970231304775,21.6326633062182,1.18404906243655,86.0015860195562,41.267870213098
24.5375854670584,15.2816488219067,21.7836820453594,1.19297627854341,86.0366064496995,41.2621697856401
24.4951495492804,15.3511420355787,21.9353875413832,1.20194409111625,86.0717861406418,41.3536448416805
24.4533442210723,15.4408120241357,22.0879791884218,1.2109642870003,86.10717130413,41.439256876509
24.4122579392588,15.5043313539648,22.2411985562786,1.22002158953371,86.142701984164,41.5198641717951
24.3718481663454,15.5905034263773,22.3952695074872,1.22912923196968,86.1784300648908,41.5950308847775
24.329671451191,15.6611409705578,22.5501741778192,1.23552410552982,86.2462340619676,41.6704688904217
24.2880050988547,15.7154630027831,22.7056304672361,1.241650461763,86.3176429534475,41.7420529968261
24.2471199750007,15.7722065466762,22.8616480599236,1.24779893832211,86.3893105838928,41.8092792663362
24.2070157614892,15.8350021710937,23.0182868226498,1.25397189448866,86.4612642381492,41.8720897909777
24.1676629493325,15.9164254798266,23.1757310191992,1.26017659188962,86.5335883403091,41.9301063740856
24.1291658399158,15.9622223182445,23.3336282349543,1.26639914226421,86.6010620108927,41.984271437983
24.0914760893542,16.0344725642112,23.4922401452205,1.27264985793972,86.6552075298783,42.0339861306902
24.0545827208088,16.1195375283555,23.651693512317,1.27893373447555,86.7096407366548,42.0789718874292
24.0185475409018,16.1857629722511,23.8118019769929,1.28524342766475,86.7642979204182,42.1197134825061
23.98333799433,16.2752386182317,23.9727955286634,1.29158800112959,86.8192574986541,42.1556393334793
23.9490284102304,16.3391756355102,24.1344215409532,1.29795749915086,86.8744331322188,42.1873724567057
23.9156040541644,16.4188100426356,24.2968352913732,1.30435804103934,86.9298777283354,42.2144947150399
23.8829291986297,16.4842536953479,24.4599032432892,1.31058538950851,86.9878444851805,42.2376948304225
23.8499136639886,16.5318605156712,24.6234914785939,1.31539680819394,87.0625852139151,42.2596857258709
23.817883342422,16.5811419549099,24.7875673700622,1.32022256970771,87.1375491630432,42.2777193618448
23.7867959877116,16.661155376735,24.9524350208407,1.32507161826002,87.2128750192181,42.2909289654083
23.7567269313232,16.7099520325734,25.1177855306906,1.32993486854972,87.2884213905248,42.3000584840338
23.7276378031471,16.7895574684258,25.2839237626943,1.33482128713807,87.36432729887,42.3041915788661
23.6995456358576,16.8710978000102,25.450868863286,1.33973143715547,87.4262218890959,42.3031485021242
23.6724822279684,16.945495265165,25.6185501514364,1.34466323974813,87.4837815750374,42.3920784667107
23.6464612443576,17.0236021558804,25.7870043331402,1.34961777450412,87.5416065349002,42.4747651462409
23.6215143909347,17.0934890826213,25.9561500691313,1.3545926490921,87.5996687285295,42.5517089256275
23.5976511418497,17.1698830375358,26.1260517486086,1.35958975731202,87.6579901365712,42.6229936478962
23.5749176579846,17.2256375336708,26.2965051372916,1.36460309227328,87.7165005278266,42.6893831723274
23.5533328703446,17.2783675365968,26.4674803068182,1.36963177372995,87.7751895026239,42.7511498464723
23.5307016964031,17.3544230367677,26.6392596973886,1.37234205437336,87.8612334632871,42.8120728398756
23.50907472303,17.4022360154163,26.8115164264229,1.37487524156504,87.9496512956673,42.8691401843499
23.4886078986894,17.4757870107357,26.9845012029253,1.37741913533714,88.0384425285148,42.9215733125327
23.4693035141856,17.5651886734707,27.158370925361,1.37997604302001,88.1276872620498,42.9691739285457
23.4511929655768,17.6456618827817,27.3330372150768,1.3825446649276,88.2173396862414,43.0123123270582
23.4343118399569,17.7097640736975,27.5083380228926,1.38512261798371,88.2729422544159,43.0515022321952
23.4186570810321,17.797560337589,27.6845078855371,1.3877133512579,88.3232840280793,43.086331211458
23.4042501759567,17.8861412095282,27.8615545694844,1.39031697896301,88.3738765570903,43.1169020872578
23.3911133436601,17.9747235314947,28.0394780890877,1.39293350131011,88.4247197690119,43.1433210675096
23.3792934143333,18.023400935503,28.2178834439209,1.39555710946943,88.4757007100339,43.1665638297865
23.3687859327643,18.1043132582205,28.3970897126159,1.39819249577376,88.5269104788757,43.1859934679503
23.3588273334721,18.1788819544253,28.5770402693809,1.4,88.588038962636,43.2032424813703
23.3485147229738,18.2560682952908,28.7577682305925,1.4,88.6704373440385,43.2199372490632
23.3395573432021,18.3442885700756,28.9393695381426,1.4,88.7532347434017,43.2328088703223
23.331989816612,18.3985137370046,29.1215076537121,1.4,88.8362773856215,43.2426462002556
23.3258227443943,18.4640040047284,29.3042940974086,1.4,88.91961577034,43.2492452107778
23.3210728627442,18.5277434629799,29.4877115369008,1.4,88.9917989652053,43.2526821798928
23.3177554473962,18.5949315754537,29.6717941125213,1.4,89.0544535159153,43.2529147670762
23.3158867797734,18.6635002029178,29.8565554908306,1.4,89.1173393526725,43.2499421072408
23.3154831628702,18.7218116223152,30.0418941294662,1.4,89.1804217646096,43.2905392877028
23.3165580366495,18.7759695192325,30.2277689101745,1.4,89.2436866038856,43.3279795857912
23.3191265298273,18.8444144658375,30.4143212691792,1.4,89.3071818544183,43.3619565539934
23.3227713226296,18.917091993379,30.6015897249632,1.399537711342,89.376272335908,43.3930871513834
23.3257947727121,18.9917299190749,30.7895803207521,1.39678662945241,89.4721061049124,43.4239955937519
23.3303469509617,19.0417797661436,30.9780663374747,1.39402829750037,89.5681930174049,43.4517528296598
23.3364485761885,19.1185741594728,31.16731250737,1.39125884135556,89.6646674911874,43.4757544600637
23.3441196925013,19.2016630500046,31.3573811368361,1.38847734921703,89.7615607389353,43.4958644515614
23.3533773776419,19.2819441207816,31.5482444325273,1.38568422781667,89.8386542746206,43.5121650506254
23.3642364343757,19.3575856831266,31.7398564700358,1.38288014921899,89.9037335677379,43.5247905762258
23.376702787625,19.4181969320498,31.9320684710466,1.38006729066761,89.9690168770876,43.5341452676892
23.3908028069856,19.4973293680538,32.1250637684634,1.377242969242,90.0345663023029,43.5398064071594
23.4065242778274,19.5425732445557,32.3185069146721,1.37441209393163,90.1002677397177,43.5426778980998
23.4238792429779,19.592361088534,32.5124428883637,1.37157400651175,90.1661362918259,43.5427129534375
23.4417088304457,19.6528637543859,32.7069501900616,1.36746747019238,90.2467911448196,43.5411491044287
23.4597662757604,19.7406805551451,32.9022923936724,1.36177789144643,90.345921298249,43.5748646992222
23.4794870206862,19.7894236424499,33.098116930304,1.3560742641659,90.4452966228612,43.6039970962959
23.5008878841008,19.8461532320772,33.2945028297021,1.35035428651353,90.544956626659,43.6284642413367
23.5240177136804,19.9356539835447,33.4917743760751,1.3446085133182,90.6412259935511,43.6475072760052
23.5488737148878,20.0095873783229,33.6897775239861,1.33884143134021,90.7079927426569,43.6616622747002
23.5754343571558,20.0582346640891,33.8882620569221,1.33306032843916,90.7749221587862,43.6717532254884
23.6037029214597,20.1047265967666,34.0872066467722,1.32726582582217,90.8420068692183,43.6779866544288
23.6336161868604,20.106262073271,34.2861664307978,1.32147088065637,90.9090966816741,43.6817689863553
23.6651616315224,20.103654878811,34.4851004155552,1.31567668692558,90.9761775891241,43.6833855412419
23.6983550746675,20.138374021613,34.6843764859826,1.30982921030312,91.0438751494821,43.68197420927
23.731351743487,20.1136309179894,34.8833421481455,1.30206469665774,91.1337743174336,43.7651138558734
23.7659794663903,20.1184904023455,35.0823558807203,1.29429830709384,91.2236951244726,43.8426162851465
23.8022293315644,20.1217204210043,35.2814015649007,1.28653067063802,91.3136298445025,43.9143676292615
23.8401069507353,20.1313050809919,35.480542061312,1.2787593341927,91.4036064357912,43.9800443252586
23.8795566458407,20.1157463774863,35.6795286497712,1.27099400391137,91.4661473990022,44.0400523373625
23.9205697857906,20.1016271271298,35.878375569465,1.26323412411844,91.5222876452585,44.0940990480844
23.9631841018582,20.1103234503777,36.077308513891,1.25547088726279,91.5784522062864,44.1414488749301
24.0073459998585,20.0979100155735,36.276118663617,1.24771244239543,91.6345820184741,44.1823021452228
24.0531439841273,20.128745328062,36.4752338387456,1.23994209409773,91.690797759545,44.2155879432499
24.1004320009025,20.0992400845196,36.6740571456211,1.23218313578064,91.7469308019472,44.2421713536984
24.146841529059,20.1167885091677,36.8729229754115,1.22171461012107,91.834431840577,44.2619774669802
24.1938483576931,20.1212655365022,37.0717817963489,1.2101865625305,91.9342040282134,44.2742474254221
24.2424122389466,20.1259339058595,37.2706867548627,1.19865584029781,92.0340002370947,44.2782992904326
24.2924451616507,20.0990238457089,37.4693257607792,1.187140535607,92.1336632773808,44.2742454097532
24.3439953633153,20.0966363256969,37.6679411707933,1.17562659879459,92.2161895123921,44.2858483060898
24.3970904750221,20.1083743073172,37.8666725874862,1.16410593695732,92.2825255807681,44.2759221075368
24.4517061810744,20.1139037183332,38.0654586514453,1.15258210716259,92.3488804549182,44.2497828145348
24.5078489137856,20.1248329661167,38.2643527293523,1.14105201568972,92.4152717712082,44.1739090458822
24.5653947024754,20.0957215901322,38.4629590990188,1.12953860295543,92.4815672583265,44.053771800293
24.6244222376177,20.0987334816214,38.6615952352619,1.1180234646225,92.5478727123997,43.9222863564359
24.6844078163234,20.1040225097337,38.8602472195903,1.10592530881998,92.6209217074214,43.8034696586155
24.7446814243239,20.1123793746622,39.0588981206827,1.09248998217605,92.7094505192893,43.7117645018223
24.806488846734,20.1388335652065,39.2578103110382,1.07903698379451,92.7980960583362,43.6508347646473
24.8696821167604,20.1203234108791,39.4565396757436,1.0655963504328,92.8866599807222,43.6154315814943
24.9342289798963,20.096477508916,39.6550335133726,1.05217164643856,92.9714317517802,43.5918850066606
25.0002024165285,20.0994904430197,39.8535571098911,1.03874492976582,93.0371342911735,43.5583389421243
25.0676684196055,20.1251025576061,40.0523336784497,1.02530110387297,93.1029205922111,43.4844746850717
25.1365702904592,20.1360435114822,40.2512183113157,1.011849969283,93.1687425233579,43.3644313023402
25.2067374894347,20.1012156403295,40.4497589476878,0.998422100156383,93.2344502997617,43.2313955328192
25.2783578643264,20.123870669936,40.6485233488349,0.984979097180251,93.3002316511565,43.1072887549412
25.3513976420694,20.1392194491064,40.8474393505836,0.971525841023333,93.36606251976,43.0038086430871
25.4241467362685,20.095075686384,41.0457968642564,0.956411836579219,93.4513640471442,42.9222727848087
25.4980734315992,20.1010829794975,41.2441979638169,0.941076485888548,93.5392068234863,42.8528946256029
25.5734557897338,20.1330952304762,41.4429150297261,0.925716712678172,93.62718849641,42.7763029937786
25.6501804029016,20.1370141158996,41.6416707756994,0.910353949704392,93.7151858803492,42.6641912153599
25.7282197503075,20.1367327713789,41.8404237447546,0.894991401371629,93.7656152928698,42.4785452314459
25.8075296506001,20.128347994189,42.0390939546362,0.879635249883194,93.8099822106936,42.2484328248358
25.8881678256856,20.1376322633945,42.2378558018301,0.864272015317479,93.8543696635181,42.0117407583944
25.969994225178,20.1152553967896,42.436396785554,0.84892585232433,93.8987078105037,41.7966205632079
26.0530590453285,20.1088497139034,42.6348745441009,0.83358457630138,93.943031802285,41.6217252135792
26.1373719221105,20.1078636072713,42.833342569608,0.818244052590682,93.9873535316767,41.4960499164673
26.2214209900242,20.0994156923061,43.0315784423168,0.801194380546464,94.0515876078966,41.4195868045555
26.3051321464756,20.129652315343,43.2299392861391,0.782121222486628,94.1391295338416,41.3833784816247
26.3899790484301,20.1053014045206,43.4280601721547,0.763071137292818,94.2265667995266,41.3696665005917
26.4760235214232,20.0990848287588,43.6261197990291,0.744026942401048,94.3139778605501,41.3544761236821
26.5633394558158,20.1127506053084,43.8243140906719,0.724969798973851,94.3914801238895,41.3069767628231
26.651923572778,20.1278124507479,44.0226568041715,0.70589838421428,94.456821225089,41.226439342796
26.7416145925261,20.1090164722442,44.2208142990643,0.68684477893613,94.5221018904509,41.1092187703585
26.8325438170742,20.1224431266226,44.419104102377,0.667778451694521,94.5874265555592,40.9814760334509
26.9245496254435,20.1028605157682,44.6172009354808,0.648730679280696,94.6526878908271,40.860147558268
27.017847851207,20.1328462596631,44.815593252946,0.629654494909035,94.7180466438372,40.7516626835853
27.1122636847941,20.1272298873446,45.0139302257717,0.610583632137333,94.7833870670046,40.6534791175102
27.205561262673,20.116506307608,45.211889359558,0.58888298913955,94.8794096986136,40.5524714120118
27.3000084755615,20.1345099928856,45.4100170563914,0.567079462693771,94.9764904902349,40.42889677382
27.3955865077567,20.1358029581744,45.6081574762677,0.545274536104514,95.0735780793841,40.2537506945123
27.4922779423678,20.1358739696895,45.8062985949118,0.523469532617362,95.1698864184016,39.9892422412005
27.590044247997,20.130449122926,46.0043863319541,0.501670403660551,95.2447791997758,39.6918276726541
27.6887587264653,20.1019049608693,46.2021931886031,0.479902184986259,95.3195661449238,39.3993843559499
27.7886406772803,20.1205438281733,46.400183455519,0.458113782407005,95.3944225375062,39.1408434663542
27.8894790635991,20.0990414857175,46.5979621349867,0.436348664570837,95.4691987813334,38.9352886430581
27.991351624489,20.0957157250421,46.7957080882892,0.414587148178702,95.543962245894,38.7930195253575
28.0944752893902,20.1368600550524,46.993858910215,0.392781076866293,95.6188781195968,38.7158923926957
28.1975015449567,20.0999079587343,47.1915107152369,0.369859911023157,95.7071167966127,38.6970138060171
28.3003041285163,20.1156974443337,47.389125027686,0.345276312345285,95.8145881239185,38.7230773308292
28.4042267101655,20.1341915101427,47.5869210237236,0.320670111881269,95.9221578426443,38.7292933832988
28.5090695392747,20.1161482435486,47.7845397647727,0.296085962277086,96.0296299901607,38.716660271619
28.6149526072791,20.1234221081969,47.9822299634366,0.27149292320885,96.1108493889832,38.7184534828048
28.7217081737061,20.1011321500151,48.179701188099,0.246927124925478,96.1751318210373,38.6887948865762
28.8295839259494,20.1274977923636,48.3774314258184,0.222329104922119,96.2394988633371,38.6139247916719
28.9383900548383,20.1202327092152,48.5750902921912,0.197739963650855,96.3038428041125,38.5125484705596
29.0482019345522,20.1289025668239,48.7728343302542,0.173140226858325,96.3682144404283,38.3950542278111
29.1589643828105,20.1293242128156,48.9705825105193,0.148539974767934,96.4325872322385,38.2636007686821
29.2704869110783,20.0974815773065,49.1680178723728,0.123978637886642,96.4968578380436,38.1121889144379
29.3822338806707,20.0958850066396,49.3653257233387,0.0985394493742999,96.5713885458795,37.9263239678062
29.4948593333327,20.1124207733325,49.5627742918863,0.0729091063416876,96.647966289437,37.7521134911935
29.6083308372753,20.1010472108468,49.7601112033808,0.0472932572534544,96.7245000010147,37.6032105783239
29.7226669080247,20.0950075185867,49.9573888217348,0.0216851048709618,96.7974032207816,37.4855277158318
29.8379830808099,20.1109747448526,50.154823194266,-0.0039433954095327,96.8422944024195,37.3977626784987
29.9542094276652,20.116292588324,50.3523097733711,-0.0295786725049067,96.8871974491779,37.3318216627342
30.0712794217609,20.111850877007,50.5497527471066,-0.0552082892878819,96.9320905209098,37.2341961944608
30.1893702877232,20.1393400396311,50.7474655886951,-0.080872936994069,96.9770448373889,37.1125257337222
30.3081698154273,20.1152600042799,50.9449420306693,-0.106506898211878,97.0219452324611,36.9669654754655
30.4277198513458,20.1003663374528,51.1422722578627,-0.132121879626407,97.0668121569344,36.7898934452408
30.5470950626364,20.1066056549314,51.3394712613265,-0.159105647667212,97.1275999272336,36.6352187290193
30.6650113777801,20.1247621420524,51.5364036234734,-0.189257971058128,97.2251971031303,36.5096734909509
30.7836278844303,20.1015400346401,51.7331087439548,-0.219375501466768,97.3226832095925,36.4141775591718
30.9032580171711,20.1329838958986,51.9301215606877,-0.249540143263192,97.4203227939705,36.3421397662809
31.0235928181401,20.1139134525831,52.126947762174,-0.279676212390284,97.4997486433608,36.239437598825
31.1448868933077,20.1389278442666,52.3240187438574,-0.309849759825053,97.5647443342539,36.1120617363114
31.2669529352218,20.1342037474071,52.5210434975383,-0.340016229288156,97.6297256364778,35.9589035342464
31.3896331084839,20.1053120566518,52.7177855294227,-0.370139411203469,97.694614382459,35.7716129594457
31.5130787508833,20.1030329552372,52.91450525899,-0.400259178409957,97.7594962947172,35.6082384076605
31.637509942402,20.1377764753587,53.111564973867,-0.43043100078346,97.8244906969443,35.4766957985577
31.7626769106721,20.1332840803391,53.3085807280771,-0.460596092337166,97.8894707894547,35.3782539348535
31.8879085565335,20.1372116047281,53.5054842034939,-0.491728598673556,97.9657288295209,35.3075388209651
