33.3054049667618,0,5.1,-1.6,90,35.322111329918
33.3054049667618,0.0597326973853167,5.10059732697385,-1.6,90,35.322111329918
33.3049565982018,0.119306153623612,5.10179038851009,-1.6,90,34.8428290960453
33.3040610703858,0.179265379923126,5.10358304230932,-1.6,90,34.8847790863195
33.3027155157463,0.238677450809224,5.10596981681741,-1.6,90,34.9245074837232
33.3009240832419,0.297796419836393,5.10894778101578,-1.6,90,34.9619671216164
33.2986890284287,0.357718399045533,5.11252496500623,-1.6,90,34.9971129658689
33.2960043942879,0.416166037631082,5.11668662538254,-1.6,90,35.0299088757905
33.2928813288117,0.475576780935419,5.1214423931919,-1.6,90,35.0602979696834
33.2893127011753,0.534116597175359,5.12678355916365,-1.6,90,35.0882436120176
33.2853051570939,0.591903157999779,5.13270259074365,-1.6,90,35.1136929811664
33.2808644707775,0.651883486531042,5.13922142560896,-1.6,90,35.1365941968216
33.2759743214196,0.709487984710159,5.14631630545606,-1.6,90,35.1569156313924
33.2706526826173,0.767694443301499,5.15399324988908,-1.6,90,35.1745915088849
33.2648952016473,0.825823391943644,5.16225148380851,-1.6,90,35.1895765880517
33.258702636405,0.883315290959694,5.17108463671811,-1.6,90,35.2018195257494
33.2520799528341,0.942067683365953,5.18050531355177,-1.6,90,35.2112646330919
33.2450179038592,1.00176577439998,5.19052297129577,-1.6,90,35.2178655593649
33.2375096215638,1.05711744959412,5.20109414579171,-1.6,90,35.2215711938464
33.2295879110278,1.11531909139478,5.21224733670566,-1.6,90,35.2223037085578
33.2212316543098,1.17130181132318,5.22396035481889,-1.6,90,35.2200196146664
33.2124577294217,1.2310173969201,5.23627052878809,-1.6,90,35.2239078575582
33.2032384447302,1.2877061544223,5.24914759033231,-1.6,90,35.2278781806624
33.1935967543002,1.34563699585633,5.26260396029088,-1.6,90,35.2319042050277
33.1835236530625,1.40118480472858,5.27661580833816,-1.6,90,35.235976407341
33.1730372852238,1.45432425630017,5.29115905090116,-1.6,90,35.2400708385875
33.1621559799372,1.50808291078496,5.30623988000901,-1.6,90,35.2441638314111
33.1508754166109,1.56112356169407,5.32185111562595,-1.6,90,35.2482429147592
33.1392012899558,1.61790905317682,5.33803020615772,-1.6,90,35.2522903323097
33.127105941678,1.67334251156516,5.35476363127337,-1.6,90,35.2563031825125
33.1145998457501,1.73129094873235,5.3720765407607,-1.6,90,35.2602599950699
33.1016645896547,1.79100060326383,5.38998654679333,-1.6,90,35.264151582006
33.088287427089,1.84820779418206,5.40846862473516,-1.6,90,35.2679649051874
33.0744874738172,1.90091364984201,5.42747776123358,-1.6,90,35.2716730335974
33.0602987527703,1.9593536788064,5.44707129802164,-1.6,90,35.2752438630554
33.0456788942946,2.00969520805035,5.46716825010214,-1.6,90,35.2786747118874
33.0306887608899,2.06938658660273,5.48786211596817,-1.6,90,35.2819235688019
33.0152590664165,2.12209268389308,5.5090830428071,-1.6,90,35.2849952311139
32.9994423709789,2.17847796439421,5.53086782245104,-1.6,90,35.2878506560438
32.9832117289671,2.23702994204464,5.55323812187149,-1.6,90,35.2904776385191
32.966551513641,2.29558990921874,5.57619402096368,-1.6,90,35.2928583427785
32.9494622064977,2.35074510669624,5.59970147203064,-1.6,90,35.2949688652294
32.9319696945023,2.39911877283012,5.62369265975894,-1.6,90,35.2967782442057
32.9141249468057,2.45587184434824,5.64825137820242,-1.6,90,35.2982508206472
32.8958661637535,2.51306499662987,5.67338202816872,-1.6,90,35.2993781579276
32.8771906576853,2.57090424065954,5.69909107057532,-1.6,90,35.3001350068268
32.8580942323513,2.62338500237199,5.72532492059904,-1.6,90,35.3004954010913
32.8386172855431,2.68014630581166,5.75212638365715,-1.6,90,35.3004252943655
32.8187286413932,2.72902541858809,5.77941663784303,-1.6,90,35.3287859226996
32.7984873900554,2.78778398977808,5.80729447774082,-1.6,90,35.3566909982104
32.7778208792348,2.83827060033629,5.83567718374418,-1.6,90,35.3841777273985
32.756791078057,2.88790117246666,5.86455619546884,-1.6,90,35.4112572590405
32.735404937202,2.93911308693549,5.8939473263382,-1.6,90,35.4379496410826
32.7136513712562,2.98874202312313,5.92383474656943,-1.6,90,35.4642790643728
32.691542734493,3.03448834815086,5.95417963005094,-1.6,90,35.4902635680322
32.669108364598,3.07963572489034,5.98497598729984,-1.6,90,35.5159148840725
32.6463532899634,3.13480404563207,6.01632402775616,-1.6,90,35.5412503397973
32.623204139631,3.18693569310624,6.04819338468723,-1.6,90,35.5663135452325
32.5996840699477,3.23751847097539,6.08056856939698,-1.6,90,35.5911183947998
32.5758052279516,3.29474197471338,6.11351598914411,-1.6,90,35.6156810937775
32.5515193993006,3.33872467396179,6.14690323588373,-1.6,90,35.6400405325909
32.5269249175374,3.39560876663404,6.18085932355007,-1.6,90,35.6641785925472
32.5019274920704,3.44452249089937,6.21530454845907,-1.6,90,35.6881524862172
32.4765865942352,3.50186199349064,6.25032316839397,-1.6,90,35.7119574200933
32.450841051844,3.56136621778951,6.28593683057187,-1.6,90,35.7356397934785
32.4246758601765,3.61631727738078,6.32210000334568,-1.6,90,35.7592277852624
32.3981253817392,3.66626679378977,6.35876267128357,-1.6,90,35.7827260950194
32.3712271917275,3.70897492311285,6.3958524205147,-1.6,90,35.8061354387761
32.3440351915159,3.76771281589927,6.43352954867369,-1.6,90,35.8294455971731
32.3164327181003,3.82428743538423,6.47177242302754,-1.6,90,35.8527339139334
32.288436605528,3.86501613502291,6.51042258437777,-1.6,90,35.8760112273012
32.2601637108003,3.91885658632739,6.54961115024104,-1.6,90,35.8992309946107
32.2315189678496,3.97211215407318,6.58933227178177,-1.6,90,35.9224618053394
32.2025076201634,4.03037798337867,6.62963605161556,-1.6,90,35.9457182475072
32.1730940984796,4.07877875491572,6.67042383916472,-1.6,90,35.9690389262991
32.1433513977056,4.13449159592534,6.71176875512397,-1.6,90,35.992397297223
32.1132271932267,4.19070265358648,6.75367578165983,-1.6,90,36.0158414036073
32.0827189388284,4.238916807917,6.796064949739,-1.6,90,36.0393898210436
32.0518858856508,4.2382139311288,6.83844708905029,-1.6,90,36.0630206608259
32.0210843637269,4.22460644146949,6.88069315346499,-1.6,90,36.0865117371201
31.9904081004533,4.23245090896724,6.92301766255466,-1.6,90,36.1098010841771
31.9597013482644,4.23376122234375,6.9653552747781,-1.6,90,36.1329938647528
31.9290116753124,4.23540780806581,7.00770935285875,-1.6,90,36.15606043818
31.8983367486778,4.22552222367133,7.04996457509547,-1.6,90,36.179004415068
31.8677600889889,4.23093780728622,7.09227395316833,-1.6,90,36.2017672717346
31.837171008839,4.22686971746105,7.13454265034294,-1.6,90,36.2244296023061
31.8066381637374,4.231647358775,7.17685912393069,-1.6,90,36.2469429838294
31.7760977406622,4.22903829791786,7.21914950690987,-1.6,90,36.2693565934829
31.7456031488952,4.22240897543181,7.26137359666419,-1.6,90,36.291631954283
31.7151833668221,4.22750779934443,7.30364867465763,-1.6,90,36.3137471661639
31.68475396383,4.2310659617693,7.34595933427532,-1.6,90,36.3357696160222
31.6543261911773,4.23216833845574,7.38828101765988,-1.6,90,36.3576931849374
31.6239178333866,4.21920168068459,7.43047303446673,-1.6,90,36.3795058068518
31.5936299408764,4.23940436892639,7.47286707815599,-1.6,90,36.4011247455725
31.5632245542625,4.23349196246682,7.51520199778066,-1.6,90,36.4227505594484
31.5328891920967,4.23768989915367,7.5575788967722,-1.6,90,36.4442285136992
31.5025514711944,4.22134886048,7.599792385377,-1.6,90,36.4656220790266
31.4723583911524,4.22665530704563,7.64205893844745,-1.6,90,36.4868033924616
31.4421550903269,4.22030230006555,7.68426196144811,-1.6,90,36.5079092937493
31.4120249556278,4.22946528296233,7.72655661427773,-1.6,90,36.5288666401263
31.381857321295,4.23089788641922,7.76886559314192,-1.6,90,36.5497780317055
31.3517075116677,4.22484234061272,7.81111401654805,-1.6,90,36.5705956481692
31.3216289228916,4.23024761861627,7.85341649273421,-1.6,90,36.5912706521648
31.2915400347402,4.22138506388516,7.89563034337306,-1.6,90,36.6118818714192
31.2615423779463,4.22774870517821,7.93790783042485,-1.6,90,36.6323330234046
31.2315278097749,4.21931481372386,7.98010097856209,-1.6,90,36.6527307273395
31.2016014447754,4.23362802878565,8.02243725884994,-1.6,90,36.6729727066161
31.1716020857032,4.23119517346396,8.06474921058458,-1.6,90,36.69322263794
31.1416485972152,4.23264115059678,8.10707562209055,-1.6,90,36.713363514347
31.1117135929933,4.22508117351459,8.1493264338257,-1.6,90,36.733425018562
31.081860787423,4.23775758280167,8.19170400965371,-1.6,90,36.7533418072894
31.0519473334705,4.23002399384401,8.23400424959215,-1.6,90,36.7732666692304
31.0221174350955,4.22587964228669,8.27626304601502,-1.6,90,36.793048353794
30.992345742727,4.22335301300808,8.3184965761451,-1.6,90,36.8127142780657
30.9626208742639,4.23394843132874,8.36083606045839,-1.6,90,36.832277673397
30.9328506411916,4.22481119934313,8.40308417245182,-1.6,90,36.8518433710202
30.9031738892255,4.2372748321967,8.44545692077379,-1.6,90,36.871257927631
30.8734390045888,4.22478875749212,8.48770480834871,-1.6,90,36.8906952994162
30.8438211551532,4.23691744507242,8.53007398279943,-1.6,90,36.9099564701303
30.8141478608042,4.22121192381803,8.57228610203761,-1.6,90,36.9292431702242
30.7846141062792,4.2320318933852,8.61460642097147,-1.6,90,36.9483278952146
30.7550343398566,4.22973362745599,8.65690375724603,-1.6,90,36.9674319285404
30.7255004267792,4.23900689961001,8.69929382624213,-1.6,90,36.9864479817962
30.6959317293924,4.23162802701781,8.7416101065123,-1.6,90,37.0054767258252
30.6664445093043,4.22559315211894,8.78386603803349,-1.6,90,37.024377472488
30.6370293449692,4.21917219882175,8.82605776002171,-1.6,90,37.0431617762948
30.6076888776322,4.22198593184055,8.86827761934012,-1.6,90,37.061826311728
30.5783589364997,4.23665443511703,8.91064416369129,-1.6,90,37.0804537739699
30.5489574414203,4.22073644825292,8.95285152817382,-1.6,90,37.0991537698376
30.519696729972,4.23260544200127,8.99517758259383,-1.6,90,37.117652577785
30.4903842099481,4.22584818109643,9.03743606440479,-1.6,90,37.1362038082313
30.4611490187261,4.23077588692543,9.07974382327405,-1.6,90,37.1546389601016
30.4319103858957,4.22742139933304,9.12201803726738,-1.6,90,37.1730676695761
30.4027256545977,4.23403158899367,9.16435835315732,-1.6,90,37.1914144177404
30.3735261562601,4.231865597488,9.2066770091322,-1.6,90,37.2097753031856
30.344372552431,4.22547621098968,9.24893177124209,-1.6,90,37.2280690419406
30.3152939335959,4.22734519354936,9.29120522317759,-1.6,90,37.2462556373483
30.286233507386,4.22775538113251,9.33348277698891,-1.6,90,37.2644162277053
30.2572014167473,4.23772895310304,9.37586006651994,-1.6,90,37.282538526854
30.2281321947365,4.22175118758056,9.41807757839575,-1.6,90,37.3007199105948
30.1992038811167,4.22631836649211,9.46034076206067,-1.6,90,37.3187030206156
30.170275660959,4.22250294230856,9.50256579148375,-1.6,90,37.3366942937911
30.1414050099552,4.21988089364478,9.5447646004202,-1.6,90,37.3546106388158
30.1125837870505,4.22826627423763,9.58704726316258,-1.6,90,37.3724650878834
30.0837369683975,4.23959983090699,9.62944326147165,-1.6,90,37.3903734234726
30.0548447539712,4.2191140583803,9.67163440205545,-1.6,90,37.4083704841136
30.0261239756863,4.22110145852668,9.71384541664072,-1.6,90,37.4261236196906
29.9974215341356,4.22967704997864,9.7561421871405,-1.6,90,37.4438693453233
29.9686928428626,4.22075897208438,9.79834977686135,-1.6,90,37.4616808161875
29.9400568099439,4.23635887198145,9.84071336558116,-1.6,90,37.4793719879205
29.9113472604552,4.23257839147132,9.88303914949588,-1.6,90,37.4972105296785
29.8826957624445,4.22299357814968,9.92526908527737,-1.6,90,37.5149883870243
29.8541415465504,4.22994003212021,9.96756848559857,-1.6,90,37.5326417605914
29.8255728978014,4.23272628847265,10.0098957484833,-1.6,90,37.5503549806131
29.7970181198859,4.23989175204084,10.0522946660037,-1.6,90,37.5680845453921
29.7684478795711,4.22594728102782,10.094554138814,-1.6,90,37.5858826002182
29.7400044402291,4.2204353692043,10.136758492506,-1.6,90,37.6035108810607
29.7116309125994,4.23966256258388,10.1791551181319,-1.6,90,37.6210647799215
29.6831612333904,4.2295982043201,10.2214511001751,-1.6,90,37.6388320409988
29.6547923001111,4.22063633194964,10.2636574634946,-1.6,90,37.6564763223853
29.6265165894604,4.23117865110529,10.3059692500056,-1.6,90,37.6740097259905
29.5982035490623,4.2374858769865,10.3483441087755,-1.6,90,37.6916632043331
29.5698818131785,4.2218628049565,10.390562736825,-1.6,90,37.7093904090169
29.5416979408941,4.22254004604248,10.4327881372855,-1.6,90,37.7269305226733
29.5135430345613,4.23156849295821,10.4751038222151,-1.6,90,37.7444788700178
29.485361622148,4.21877928822801,10.5172916150973,-1.6,90,37.76213919225
29.4572990562295,4.22957629304429,10.5595873780278,-1.6,90,37.779647231029
29.4291985184261,4.22006345845181,10.6017880126123,-1.6,90,37.7972932470682
29.4011950557305,4.22328869331243,10.6440208995454,-1.6,90,37.8148285668348
29.3732041622518,4.23009689229018,10.6863218684683,-1.6,90,37.8324121534964
29.3452023096572,4.22202439235103,10.7285421123918,-1.6,90,37.8500916314515
29.3172880855542,4.23285406546268,10.7708706530465,-1.6,90,37.8676812507539
29.2893366485358,4.2355108538483,10.8132257615849,-1.6,90,37.8854222734313
29.2614022309867,4.23665902711261,10.8555923518561,-1.6,90,37.9032137799984
29.2334949283855,4.23044365087649,10.8978967883648,-1.6,90,37.9210384578355
29.2056632821494,4.23305339178778,10.9402273222827,-1.6,90,37.938802232898
29.177849287804,4.22457959318824,10.9824731182146,-1.6,90,37.9566208318871
29.1501257986271,4.2304845812446,11.024777964027,-1.6,90,37.9743502841214
29.1223985228152,4.23214004762178,11.0670993645033,-1.6,90,37.9921808628745
29.0946955062378,4.22291322571243,11.1093284967604,-1.6,90,38.0100588100996
29.0670879887194,4.23656851121808,11.1516941818726,-1.6,90,38.0278399519728
29.0394265332028,4.22762339581478,11.1939704158307,-1.6,90,38.0458326423857
29.011858862153,4.23716461041821,11.2363420619349,-1.6,90,38.0637346400179
28.9842645379234,4.22317237654057,11.2785737857003,-1.6,90,38.08179789797
28.9567968660266,4.23747904927287,11.320948576193,-1.6,90,38.0997028180534
28.9292718950544,4.23783862037705,11.3633269623968,-1.6,90,38.117838631861
28.9017805077481,4.23511925100277,11.4056781549068,-1.6,90,38.1360163584137
28.8743427500597,4.23508175636,11.4480289724704,-1.6,90,38.1541945340272
28.8469413146663,4.23576874619842,11.4903866599324,-1.6,90,38.17241166348
28.8195716253178,4.22041570573458,11.5325908169898,-1.6,90,38.1906794183608
28.7923372404766,4.23310828397942,11.5749218998296,-1.6,90,38.208771658283
28.7650572503761,4.23459933177154,11.6172678931473,-1.6,90,38.2270866470945
28.7378041285984,4.22187398093566,11.6594866329566,-1.6,90,38.245467948987
28.7106693276229,4.23003456789946,11.7017869786356,-1.6,90,38.2637122595829
28.6835186540895,4.23587088062039,11.7441456874418,-1.6,90,38.282120936846
28.6563673124118,4.23485552730075,11.7864942427148,-1.6,90,38.300663320778
28.6292593882922,4.21996735102619,11.8286939162251,-1.6,90,38.3192417301104
28.6022835802841,4.2352327955879,11.871046244181,-1.6,90,38.337653128474
28.5752472435811,4.2204483351054,11.913250727532,-1.6,90,38.3563416034353
28.5483423178933,4.22785599674698,11.9555292874995,-1.6,90,38.3748651942268
28.5214273387008,4.2230984675765,11.9977602721753,-1.6,90,38.393553467719
28.4945798909834,4.23135967149241,12.0400738688902,-1.6,90,38.4122267862698
28.4677173630262,4.23811675235025,12.0824550364137,-1.6,90,38.4310817304276
28.4408496095819,4.22783501186645,12.1247333865324,-1.6,90,38.4500985525557
28.4140847085604,4.2391757347982,12.1671251438803,-1.6,90,38.4690206663876
28.3872858971274,4.22401936930861,12.2093653375734,-1.6,90,38.4881776951674
28.3606207376429,4.2241994052394,12.2516073316258,-1.6,90,38.5071663935942
28.3339923209645,4.22578874702839,12.2938652190961,-1.6,90,38.5262213936377
28.3073918939156,4.23737804160936,12.3362389995122,-1.6,90,38.5453657883081
28.2807567947262,4.23024911471861,12.3785414906594,-1.6,90,38.5647566799508
28.2542048498676,4.23975441552616,12.4209390348146,-1.6,90,38.5841051256737
28.2276317924607,4.22743481147942,12.4632133829294,-1.6,90,38.6036718460892
28.2011744822105,4.23810654338886,12.5055944483633,-1.6,90,38.6231160290691
28.1746891147971,4.23078821007795,12.5479023304641,-1.6,90,38.6428000859962
28.1482882712418,4.2231019544773,12.5901333500089,-1.6,90,38.6624414713215
28.1219741501281,4.22424273128342,12.6323757773217,-1.6,90,38.6820340124736
28.0956917691075,4.22709387306518,12.6746467160524,-1.6,90,38.7017186448775
28.0694306509837,4.23586939560409,12.7170054100084,-1.6,90,38.7215241512671
28.0431542611682,4.21908572631179,12.7591962672715,-1.6,90,38.7415476989479
28.0170211495978,4.23154795566059,12.8015117468281,-1.6,90,38.7613780173024
27.9908502165462,4.23758498346784,12.8438875966628,-1.6,90,38.7814884500617
27.9646815693762,4.22870966478816,12.8861746933107,-1.6,90,38.8017774170167
27.9386073684645,4.23966286052497,12.9285713219159,-1.6,90,38.8220027923097
27.9125054921003,4.22763158449555,12.9708476377609,-1.6,90,38.8424897674179
27.8865175425115,4.23502664209213,13.0131979041818,-1.6,90,38.8628621917324
27.8605241490834,4.22834136210306,13.0554813178028,-1.6,90,38.8834403151698
27.8346118548071,4.21993841077524,13.0976807019106,-1.6,90,38.9039925326442
27.808791083292,4.22072732558545,13.1398879751664,-1.6,90,38.9244899775217
27.7830055950558,4.23520519633342,13.1822400271298,-1.6,90,38.9450857262309
27.7571720911848,4.22049894359315,13.2244450165657,-1.6,90,38.9660102814796
27.7314686953092,4.23501299369361,13.2667951465027,-1.6,90,38.9867759102976
27.7057175622615,4.23592452519795,13.3091543917546,-1.6,90,39.0078740876377
27.680001738438,4.23255951297827,13.3514799868844,-1.6,90,39.02907763158
27.6543472645755,4.23430702743379,13.3938230571587,-1.6,90,39.0503148173585
27.6287232431309,4.23043459337777,13.4361274030925,-1.6,90,39.0716728775054
27.6031637666041,4.23350006149675,13.4784624037075,-1.6,90,39.093056807839
27.5776270201946,4.22377678979838,13.5207001716055,-1.6,90,39.114585486873
27.5521901633936,4.22235194772592,13.5629236910827,-1.6,90,39.1360404343241
27.5268031715808,4.23334061509532,13.6052570972337,-1.6,90,39.1575637504767
27.5013916634842,4.22003553218871,13.6474574525556,-1.6,90,39.1793701299253
27.4761015479902,4.23216074010918,13.6897790599567,-1.6,90,39.2010411997918
27.4507805226197,4.23962800693675,13.732175340026,-1.6,90,39.2230169763671
27.4254568621865,4.23542180272299,13.7745295580533,-1.6,90,39.2452185487617
27.4002004582243,4.22770939797744,13.816806652033,-1.6,90,39.2674438069987
27.3750321571916,4.23887170177842,13.8591953690508,-1.6,90,39.2896314016733
27.3498397629796,4.23924133149139,13.9015877823657,-1.6,90,39.3121114420311
27.3246877085979,4.23924201460086,13.9439802025117,-1.6,90,39.3346961832025
27.2995783062089,4.22044276392505,13.986184630151,-1.6,90,39.3573795354236
27.2746227430112,4.23562866953103,14.0285409168463,-1.6,90,39.3798304048412
27.2496201269207,4.232640180114,14.0708673186474,-1.6,90,39.4026474185953
27.2246780424747,4.23387335538846,14.1132060522013,-1.6,90,39.4255108056953
27.199771703626,4.23907145377594,14.1555967667391,-1.6,90,39.448495387656
27.1748780027587,4.2230563211298,14.1978273299504,-1.6,90,39.4716719695794
27.1501214661753,4.22836332248618,14.2401109631753,-1.6,90,39.4946636580873
27.1253770528705,4.22753851422096,14.2823863483175,-1.6,90,39.5178493121411
27.1006808334015,4.22916317901258,14.3246779801076,-1.6,90,39.5411200646504
27.0760186296158,4.22981354114067,14.366976115519,-1.6,90,39.5645197996009
27.0513962772654,4.2249813591554,14.4092259291105,-1.6,90,39.5880312975228
27.0268457453639,4.22302463015343,14.4514561754121,-1.6,90,39.6115562782838
27.0023503389992,4.22975527495211,14.4937537281616,-1.6,90,39.6351460768041
26.9778598613246,4.23174924847975,14.5360712206464,-1.6,90,39.6589569371738
26.9534019939746,4.23267279420327,14.5783979485884,-1.6,90,39.6829039639976
26.928983089645,4.22108932335809,14.620608841822,-1.6,90,39.7069679143957
26.9046752559454,4.23368870847367,14.6629457289068,-1.6,90,39.7309227760411
26.8803393685548,4.23665405301878,14.7053122694369,-1.6,90,39.7552051305923
26.8560311721883,4.23533128604859,14.7476655822974,-1.6,90,39.7796411242792
26.831775417832,4.23314560853091,14.7899970383827,-1.6,90,39.8041529893653
26.8075771132851,4.22606481137084,14.8322576864964,-1.6,90,39.8287247603188
26.7834642149134,4.23479016294554,14.8746055881259,-1.6,90,39.8532671848489
26.7593466847965,4.21882522534589,14.9167938403794,-1.6,90,39.8780668585622
26.7353651421772,4.22096589341442,14.9590034993135,-1.6,90,39.902674854884
26.7114165673369,4.22601365776671,15.0012636358912,-1.6,90,39.9274196585365
26.6874847033748,4.23888137671934,15.0436524496584,-1.6,90,39.9523539273234
26.6635256775371,4.22047370739813,15.0858571867323,-1.6,90,39.9776198742928
26.6397162976109,4.22423615741351,15.1280995483065,-1.6,90,40.0026473523661
26.6159313783197,4.2396746877474,15.170496295184,-1.6,90,40.0278396597288
26.5921056118562,4.23234088891425,15.2128197040731,-1.6,90,40.0534093237532
26.5683672280295,4.2204285751881,15.255023989825,-1.6,90,40.0789405595858
26.5447417155012,4.22349419994801,15.2972589318245,-1.6,90,40.1043491307085
26.5211452077668,4.22421756461556,15.3395011074706,-1.6,90,40.1299076201105
26.4975909764711,4.22298931244209,15.381731000595,-1.6,90,40.1555726532098
26.4740900190893,4.23934553874655,15.4241244559825,-1.6,90,40.1813079260574
26.4505448522992,4.22768903545527,15.466401346337,-1.6,90,40.2074335600354
26.4271112601526,4.22997834387239,15.5087011297758,-1.6,90,40.2334376096982
26.4037119117787,4.23150000920992,15.5510161298679,-1.6,90,40.2595737102296
26.3803512420393,4.23601535305647,15.5933762833984,-1.6,90,40.2858269671128
26.3570129501631,4.22868563074755,15.6356631397059,-1.6,90,40.3122509831601
26.333762374717,4.22203403639811,15.6778834800699,-1.6,90,40.3386289817834
26.3105956776817,4.22613088383094,15.7201447889082,-1.6,90,40.3649725419021
26.287453963668,4.2202829010616,15.7623476179188,-1.6,90,40.3914763797234
26.2643917848748,4.23480945063991,15.8046957124252,-1.6,90,40.417958568739
26.2412980752545,4.22090949800286,15.8469048074052,-1.6,90,40.4447882850966
26.2183279895795,4.22917658012721,15.8891965732065,-1.6,90,40.4714479844795
26.1953609258389,4.23128571262141,15.9315094303327,-1.6,90,40.4983389934152
26.172430628865,4.23348498655265,15.9738442801983,-1.6,90,40.5253481647314
26.1495368108134,4.22080762766167,16.0160523564749,-1.6,90,40.5524757432653
26.1267598684865,4.21968286436192,16.0582491851185,-1.6,90,40.5794516200376
26.10403734956,4.2252126403945,16.1005013115224,-1.6,90,40.6064837208807
26.0813336225103,4.22781755199684,16.1427794870424,-1.6,90,40.6336906613477
26.0586646712245,4.23296633263073,16.1851091503687,-1.6,90,40.6610180299118
26.0360171177765,4.21925193143277,16.227301669683,-1.6,90,40.6885098429335
26.0134918641073,4.22067083682113,16.2695083780512,-1.6,90,40.7158260549256
25.9910080317173,4.22316250377353,16.311740003089,-1.6,90,40.7432371937298
25.9685601014461,4.2270994320193,16.3540109974092,-1.6,90,40.7707607581454
25.9461406313029,4.23956203023813,16.3964066177116,-1.6,90,40.7984206798561
25.9237048198574,4.23084187620566,16.4387150364736,-1.6,90,40.8263665312127
25.9013649612269,4.21960804560202,16.4809111169296,-1.6,90,40.8542192490017
25.8791341046212,4.2210274421672,16.5231213913513,-1.6,90,40.881933618758
25.8569455418459,4.23309333747744,16.5654523247261,-1.6,90,40.9097327689753
25.8347436754124,4.23824763286442,16.6078348010547,-1.6,90,40.9378023462884
25.81256519131,4.22184018451458,16.6500532028999,-1.6,90,40.9660174017128
25.7905228493884,4.23251299384318,16.6923783328383,-1.6,90,40.9939974094702
25.768475289969,4.23974382056716,16.734775771044,-1.6,90,41.0222160642173
25.7464408936512,4.21894764546761,16.7769652474987,-1.6,90,41.0506097988832
25.7245652055843,4.22177768785091,16.8191830243772,-1.6,90,41.0786885769904
25.7027255274609,4.23685869444455,16.8615516113216,-1.6,90,41.1068627928625
25.6808589369534,4.23870488567142,16.9039386601783,-1.6,90,41.1353413904118
25.6590341767639,4.23857234395876,16.9463243836179,-1.6,90,41.163891935788
25.637261597546,4.23462226621598,16.9886706062801,-1.6,90,41.1924779407869
25.6155608658219,4.23899609563518,17.0310605672364,-1.6,90,41.2210319564776
25.593889464035,4.22845432920214,17.0733451105285,-1.6,90,41.2496940211746
25.5723236646456,4.22543660495937,17.115599476578,-1.6,90,41.2782081729372
25.5508249759698,4.22497204904202,17.1578491970685,-1.6,90,41.3067011226004
25.5293804743833,4.22099222702395,17.2000591193387,-1.6,90,41.335214009616
25.5080080508956,4.23523673334411,17.2424114866721,-1.6,90,41.3636856610662
25.4866157498021,4.22376499251221,17.2846491365973,-1.6,90,41.3924182173297
25.4653336469821,4.22083635684346,17.3268575001657,-1.6,90,41.4209793219526
25.4441185605057,4.22727431918446,17.3691302433575,-1.6,90,41.4495100850882
25.4229236076537,4.23436997111272,17.4114739430687,-1.6,90,41.4781625722984
25.4017458749871,4.22551516499685,17.4537290947186,-1.6,90,41.5069433743435
25.380665235761,4.23184047662039,17.4960474994848,-1.6,90,41.5355884600768
25.3596060425875,4.22261508714021,17.5382736503562,-1.6,90,41.5643430545684
25.3386457586694,4.23674140402106,17.5806410643965,-1.6,90,41.5929523343649
25.3176686951717,4.23409552485363,17.622982019645,-1.6,90,41.6217898659407
25.2967582445281,4.22904363466248,17.6652724559916,-1.6,90,41.65058188937
25.2759262756822,4.23752519056939,17.7076477078973,-1.6,90,41.6792880938625
25.255106321922,4.23813430793692,17.7500290509767,-1.6,90,41.7081198690659
25.2343373687862,4.23816776153967,17.7924107285921,-1.6,90,41.7369486286124
25.2136223830229,4.23561211027154,17.8347668496948,-1.6,90,41.7657621454323
25.1929741045266,4.22216492417793,17.8769884989366,-1.6,90,41.7945173020429
25.1724454544077,4.23094571503503,17.9192979560869,-1.6,90,41.8230447207
25.1519284008719,4.22081593788909,17.9615061154658,-1.6,90,41.8516838734177
25.1315147530919,4.2192491683824,18.0036986071496,-1.6,90,41.8801428264517
25.1111630034667,4.23863230743714,18.046084930224,-1.6,90,41.9085501455765
25.0907725769728,4.22122413427891,18.0882971715668,-1.6,90,41.9372153225964
25.0705206335766,4.22866257828563,18.1305837973497,-1.6,90,41.9655843576724
25.0502879071732,4.23737515299945,18.1729575488797,-1.6,90,41.994024422742
25.030068750022,4.22887495029085,18.2152462983826,-1.6,90,42.0225480593045
25.0099454327295,4.23230167591522,18.2575693151417,-1.6,90,42.0509001553624
24.9898612346222,4.22180085213575,18.2997873236631,-1.6,90,42.0792509760142
24.9698822425494,4.2342217352023,18.3421295410151,-1.6,90,42.1073980334195
24.9499001547154,4.2307991465522,18.3844375324806,-1.6,90,42.1356640672813
24.9299900507471,4.23488352599332,18.4267863677405,-1.6,90,42.1638198786254
24.9101167501152,4.2350821638831,18.4691371893794,-1.6,90,42.1919667182856
24.8902987069155,4.22008106332349,18.5113380000126,-1.6,90,42.2200460744883
24.8706068874475,4.21932891712889,18.5535312891839,-1.6,90,42.2478482884581
24.8509746225345,4.22711893497834,18.5958024785337,-1.6,90,42.2755665830098
24.8313624397235,4.22176083720028,18.6380200869057,-1.6,90,42.3033107699042
24.8118315230492,4.21891553154344,18.6802092422211,-1.6,90,42.3309011642778
24.792370216489,4.22643770937338,18.7224736193149,-1.6,90,42.3583687345804
24.7729309235542,4.22894295127311,18.7647630488276,-1.6,90,42.3858438549887
24.7535370551205,4.22685045619352,18.8070315533895,-1.6,90,42.4132555633491
24.734209838524,4.2398006308958,18.8494295596985,-1.6,90,42.4405410166416
24.7148808460042,4.22845649979587,18.8917141246964,-1.6,90,42.4678833396995
24.6956610007209,4.22144007699659,18.9339285254664,-1.6,90,42.4949752555397
24.6765303917385,4.22437942631312,18.9761723197295,-1.6,90,42.5218700797852
24.6574439522906,4.23293296733625,19.0185016494029,-1.6,90,42.5486855037276
24.6383766854532,4.22199300703056,19.0607215794732,-1.6,90,42.5754818245875
24.6194164846754,4.23680624460274,19.1030896419192,-1.6,90,42.6020246694721
24.6004479110374,4.22782213781267,19.1453678632974,-1.6,90,42.6286091658654
24.5815777616181,4.2396064452069,19.1877639277494,-1.6,90,42.6549557119838
24.5627135328434,4.2373809179881,19.2301377369293,-1.6,90,42.6812944438813
24.5439178946257,4.22377001074291,19.2723754370367,-1.6,90,42.7074619540126
24.5252411542983,4.22269632356345,19.3146024002724,-1.6,90,42.7333327310021
24.5066277032196,4.2390640340499,19.3569930406129,-1.6,90,42.7590416015744
24.488001113391,4.23694766182237,19.3993625172311,-1.6,90,42.7847652807726
24.4694430369316,4.23879792287545,19.4417504964598,-1.6,90,42.8103019410457
24.4509362291041,4.21932038248562,19.4839437002847,-1.6,90,42.8356875857603
24.4325735721541,4.2197570351017,19.5261412706357,-1.6,90,42.8607073672165
24.4142681321508,4.22625224603033,19.568403793096,-1.6,90,42.8855588835309
24.3959939060755,4.22562220718891,19.6106600151679,-1.6,90,42.9102941468371
24.3777819605763,4.22399503610281,19.6528999655289,-1.6,90,42.9348388105205
24.3596366789459,4.2287027830017,19.695186993359,-1.6,90,42.9591793264101
24.3415310468172,4.23547362409086,19.7375417295999,-1.6,90,42.9833675892726
24.3234566089153,4.22320228548256,19.7797737524547,-1.6,90,43.0074134907577
24.3054946421694,4.22267612056972,19.8220005136604,-1.6,90,43.0311476362164
24.2875950526436,4.23091668902767,19.8643096805507,-1.6,90,43.0546688551005
24.2697209772933,4.23084929868594,19.9066181735375,-1.6,90,43.0780423982942
24.2519078230983,4.22890721866442,19.9489072457242,-1.6,90,43.1011932142488
24.2341635734744,4.22881838183141,19.9911954295425,-1.6,90,43.124101913167
24.2164805420545,4.22837120366008,20.0334791415791,-1.6,90,43.1467780588753
24.1988603490541,4.23672720828006,20.0758464136619,-1.6,90,43.1692138196507
24.181266615347,4.23089194636389,20.1181553331255,-1.6,90,43.1914647375629
24.1637584608357,4.22813362193603,20.1604366693449,-1.6,90,43.2134251709193
24.146323099058,4.21887904120921,20.202625459757,-1.6,90,43.2351134044213
24.128987189475,4.23816090125895,20.2450070687696,-1.6,90,43.2564855920093
24.1116338242476,4.23441724051521,20.2873512411747,-1.6,90,43.2777127491164
24.0943577557916,4.23737215564662,20.3297249627312,-1.6,90,43.2986438325092
24.0771317707047,4.22025029225375,20.3719274656537,-1.6,90,43.319312502422
24.0600373074005,4.22009587680284,20.4141284244217,-1.6,90,43.3396058746847
24.0430053898965,4.23719404233463,20.4565003648451,-1.6,90,43.3596153450546
24.0259668944505,4.22691969932088,20.4987695618383,-1.6,90,43.3794169800342
24.0090321738858,4.23621757585437,20.5411317375968,-1.6,90,43.3988694092948
23.9921229252015,4.23850152624324,20.5835167528593,-1.6,90,43.4180572196669
23.9752675353813,4.2336505714229,20.6258532585735,-1.6,90,43.4369394532007
23.9584944534936,4.2227235225358,20.6680804937989,-1.6,90,43.4554818844223
23.941827531988,4.23759686340573,20.7104564624329,-1.6,90,43.4736614143849
23.9251651581315,4.221652562345,20.7526729880564,-1.6,90,43.4915623597658
23.9086286153809,4.23388218206947,20.7950118098771,-1.6,90,43.5090773863215
23.8921075926409,4.23587507472282,20.8373705606243,-1.6,90,43.5262871579221
23.8756424862492,4.23468607458645,20.8797174213702,-1.6,90,43.5431513681234
23.8592458143543,4.21965165183761,20.9219139378885,-1.6,90,43.5596554667578
23.8429709508594,4.22152875533276,20.9641292254419,-1.6,90,43.5757694735443
23.8267525023748,4.22012254554549,21.0063304508973,-1.6,90,43.5915250833392
23.8106032235279,4.23166811869179,21.0486471320842,-1.6,90,43.6069103802359
23.7944739118041,4.22476025063335,21.0908947345906,-1.6,90,43.6219320683824
23.7784351394962,4.23283498364984,21.1332230844271,-1.6,90,43.6365620356634
23.7624301840879,4.22031406534731,21.1754262250805,-1.6,90,43.6508047021023
23.7465369488686,4.22140678198446,21.2176402929004,-1.6,90,43.664645741941
23.7307040343582,4.22575011429432,21.2598977940433,-1.6,90,43.6780860186652
23.7149195025359,4.23102412315524,21.3022080352749,-1.6,90,43.6911159766967
23.6991802274801,4.22035964365454,21.3444116317114,-1.6,90,43.7037240269413
23.6835455047362,4.22799837645816,21.386691615476,-1.6,90,43.7159177219787
23.6679475874824,4.21946357116197,21.4288862511876,-1.6,90,43.7276723068469
23.6524462507548,4.23816630177053,21.4712679142053,-1.6,90,43.7390034858309
23.6369417947505,4.23578941552162,21.5136258083606,-1.6,90,43.7498533803682
23.6215118432088,4.23375393196803,21.5559633476802,-1.6,90,43.7602493436142
23.6061551786008,4.22336900627725,21.598197037743,-1.6,90,43.7701855736774
23.5909019244505,4.23094149206744,21.6405064526637,-1.6,90,43.7796833576959
23.575687287488,4.21904069171915,21.6826968595809,-1.6,90,43.7886829372838
23.5605813204537,4.2349709729496,21.7250465693104,-1.6,90,43.7972442881469
23.5454845982456,4.2364710868832,21.7674112801792,-1.6,90,43.8052556259548
23.5304490984274,4.23049466230188,21.8097162268022,-1.6,90,43.8127585187906
23.5155013776051,4.22744162857098,21.8519906430879,-1.6,90,43.8197804636999
23.5006310202877,4.23337131687689,21.8943243562567,-1.6,90,43.8263048731562
23.4858066237956,4.2295693131271,21.936620049388,-1.6,90,43.8322769900709
23.4710624433163,4.23499922155689,21.9789700416035,-1.6,90,43.8377408738102
23.4563664616916,4.22278197840624,22.0211978613876,-1.6,90,43.8426343418006
23.4417798811193,4.22731758874693,22.0634710372751,-1.6,90,43.8470620934518
23.4272447754472,4.22885680259305,22.105759605301,-1.6,90,43.8509111038895
23.4127717173392,4.23145647644528,22.1480741700655,-1.6,90,43.8541907435736
23.3983573014171,4.22157326803739,22.1902899027458,-1.6,90,43.8568829284815
23.384044000613,4.22149483694548,22.2325048511153,-1.6,90,43.8590794045897
23.3697984569342,4.23272692055968,22.2748321203209,-1.6,90,43.8606989420558
23.3555828945707,4.22436197521461,22.317075740073,-1.6,90,43.8616314821726
23.3414633225031,4.22911362557447,22.3593668763288,-1.6,90,43.8620399646186
23.3273959360079,4.23570092580118,22.4017238855868,-1.6,90,43.8617972439707
23.3133750266611,4.23941009730544,22.4441179865599,-1.6,90,43.9068624223595
23.2994104947682,4.22225844074222,22.4863405709673,-1.6,90,43.9505263979043
23.2855708519525,4.22907657866269,22.5286313367539,-1.6,90,43.9929773911004
23.271777401711,4.22729316222291,22.5709042683761,-1.6,90,44.0340170895927
23.258058442956,4.23028651839759,22.6132071335601,-1.6,90,44.0737290436021
23.2443986247219,4.22204847883069,22.6554276183484,-1.6,90,44.1120909351839
23.2308342068392,4.23412884841997,22.6977689068326,-1.6,90,44.1491851966142
23.2173001263423,4.23592952310752,22.7401282020637,-1.6,90,44.1849005465018
23.2038297029188,4.22801931327285,22.7824083951964,-1.6,90,44.2193169543404
23.1904537880286,4.22634162619786,22.8246718114584,-1.6,90,44.2524889460715
23.1771525483824,4.23238736028952,22.8669956850613,-1.6,90,44.2843906234845
23.1639019040386,4.22526010602881,22.9092482861216,-1.6,90,44.3150049548392
23.1507431891645,4.23698974861373,22.9516181836077,-1.6,90,44.344385622357
23.137617910946,4.22767241591851,22.9938949077669,-1.6,90,44.3724919936761
23.1245914468096,4.22487315802773,23.0361436393472,-1.6,90,44.3993838413357
23.1116435305656,4.22651811815399,23.0784088205287,-1.6,90,44.4250487174298
23.0987606310735,4.23614981954492,23.1207703187242,-1.6,90,44.4494890679472
23.0859188022483,4.22253633811681,23.1629956821053,-1.6,90,44.4727174310759
23.0731885292538,4.221333840744,23.2052090205128,-1.6,90,44.4947415229568
23.0605321415361,4.23838689937709,23.2475928895065,-1.6,90,44.5155626722201
23.0478954181925,4.23719105643803,23.2899648000709,-1.6,90,44.5352197421811
23.0353332822487,4.22564049363006,23.3322212050072,-1.6,90,44.5537055269313
23.0228762281769,4.22050772033267,23.3744262822106,-1.6,90,44.5709956504382
23.0105050321244,4.21955471937552,23.4166218294043,-1.6,90,44.5871005450263
22.9982074034303,4.2225858983171,23.4588476883875,-1.6,90,44.6020355549397
22.9859718964858,4.22500646970697,23.5010977530846,-1.6,90,44.6158241202015
22.9738005315696,4.21985460895007,23.5432962991741,-1.6,90,44.6284748552376
22.9617151672175,4.23952587040714,23.5856915578781,-1.6,90,44.6399555931137
22.9496451928804,4.22681042200308,23.6279596620982,-1.6,90,44.6504177738883
22.9376831030387,4.22150239218185,23.67017468602,-1.6,90,44.6596818403841
22.9258075881374,4.22259751054139,23.7124006611254,-1.6,90,44.667786801537
22.9140006396524,4.21911403151911,23.7545918014406,-1.6,90,44.6747798622182
22.9022751098301,4.2282985057696,23.7968747864983,-1.6,90,44.6806300501169
22.8905960485323,4.23191953864926,23.8391939818848,-1.6,90,44.6854503125141
22.8789792603706,4.2206366643384,23.8814003485282,-1.6,90,44.6892083245752
22.8674655706592,4.23925540065111,23.9237929025347,-1.6,90,44.691765473403
22.8559737073436,4.22517968143357,23.966044699349,-1.6,90,44.6934249364783
22.8445925249365,4.2355850388479,24.0084005497375,-1.6,90,44.6938577344093
22.8332560941807,4.21909525506602,24.0505915022881,-1.6,90,44.6933317219117
22.8220363502512,4.23659586990643,24.0929574609872,-1.6,90,44.7160065412899
22.8108430371503,4.22237846249303,24.1351812456121,-1.6,90,44.7375736441423
22.7997601472625,4.22582511887129,24.1774394968008,-1.6,90,44.7576388714921
22.7887411436888,4.22129366179829,24.2196524334188,-1.6,90,44.7764197665294
22.7778069072463,4.23652742617353,24.2620177076806,-1.6,90,44.7938060809466
22.7669066244283,4.22908451993123,24.3043085528799,-1.6,90,44.8100768182745
22.7560989484187,4.23146983906972,24.3466232512706,-1.6,90,44.8249094111791
22.745358735637,4.22615023769111,24.3888847536475,-1.6,90,44.8384430092715
22.7347055700557,4.2209893801866,24.4310946474493,-1.6,90,44.8505542868726
22.7241388812905,4.23922171015454,24.4734868645509,-1.6,90,44.8612347459905
22.7136005526068,4.23941535781008,24.515881018129,-1.6,90,44.8708725422017
22.7031360125356,4.23715446053961,24.5582525627344,-1.6,90,44.8791747852741
22.6927513681889,4.23709674513879,24.6006235301858,-1.6,90,44.8860939921311
22.6824412609566,4.22472651142927,24.6428707953001,-1.6,90,44.8916641145567
22.6722354247831,4.2239027137708,24.6851098224378,-1.6,90,44.8956463344562
22.6621057193514,4.21887741742489,24.727298596612,-1.6,90,44.8982440820774
22.6520621659479,4.22407322950129,24.769539328907,-1.6,90,44.8993674266176
22.6420805352792,4.22991978016724,24.8118385267087,-1.6,90,44.8992154540196
22.6321596797036,4.2268705385488,24.8541072320942,-1.6,90,44.9536792414782
22.6223206354336,4.23759951179997,24.8964832272122,-1.6,90,45.00666404634
22.6125316319222,4.23201421780175,24.9388033693902,-1.6,90,45.0584392280908
22.6028305895482,4.22485902064393,24.9810519595967,-1.6,90,45.108688341636
22.593220864683,4.23486215743998,25.0234005811711,-1.6,90,45.1573948608765
22.5836636013569,4.23691013295897,25.0657696825006,-1.6,90,45.204870356759
22.5741771697138,4.22763397828101,25.1080460222835,-1.6,90,45.2509667268213
22.564786826284,4.23964939631467,25.1504425162466,-1.6,90,45.2954988220585
22.5554454463879,4.22498780062955,25.1926923942529,-1.6,90,45.3388175811036
22.5462118312018,4.2303656967608,25.2349960512205,-1.6,90,45.3805016859188
22.5370420291049,4.22363146018322,25.2772323658223,-1.6,90,45.4208689506296
22.5279623502276,4.2313675757466,25.3195460415798,-1.6,90,45.4597425308317
22.5189418057016,4.23687535275285,25.3619147951073,-1.6,90,45.4973296639148
22.5099855932611,4.23029597251106,25.4042177548324,-1.6,90,45.5335901389804
22.5011193253587,4.22708862555678,25.446488641088,-1.6,90,45.5683672433248
22.4923357605991,4.23418875189749,25.488830528607,-1.6,90,45.6017129695563
22.4836136751614,4.23524419080514,25.531182970515,-1.6,90,45.6337492677357
22.4749658297607,4.22435829809392,25.573426553496,-1.6,90,45.6644010536913
22.4664164291192,4.2245857227675,25.6156724107237,-1.6,90,45.6935474708236
22.457942780405,4.23777646601344,25.6580501753838,-1.6,90,45.7213134408364
22.4495193321462,4.23679088095264,25.7004180841933,-1.6,90,45.7478152759194
22.441174680348,4.21948503743635,25.7426129345677,-1.6,90,45.7729128046105
22.4329405570914,4.23539723000241,25.7849669068677,-1.6,90,45.7964812617626
22.4247521858064,4.22509490928356,25.8272178559605,-1.6,90,45.818790831468
22.4166604838995,4.23541733721984,25.8695720293327,-1.6,90,45.839640475763
22.4086260358596,4.22961472908255,25.9118681766236,-1.6,90,45.8591738428072
22.4006796363409,4.21908731420222,25.9540590497656,-1.6,90,45.8772848026221
22.3928297980142,4.23488849163689,25.996407934682,-1.6,90,45.8939603589399
22.3850277605041,4.22874399797901,26.0386953746617,-1.6,90,45.9093338875571
22.3773142995265,4.22832262257547,26.0809786008875,-1.6,90,45.9232952130882
22.3696788758025,4.22399954650294,26.1232185963525,-1.6,90,45.9358735056554
22.3621284839435,4.23622269910631,26.1655808233436,-1.6,90,45.9470593168753
22.354633843068,4.22820760366521,26.2078628993802,-1.6,90,45.9568941840292
22.3472309517314,4.22789100384677,26.2501418094187,-1.6,90,45.9653269656786
22.3399061790238,4.22534278542925,26.292395237273,-1.6,90,45.9723783767994
22.332663388614,4.22168720801317,26.3346121093531,-1.6,90,45.9780481077755
22.3255043832615,4.238226633729,26.3769943756904,-1.6,90,45.9823406839037
22.3183953473058,4.23097555688327,26.4193041312593,-1.6,90,45.9852447448431
22.311376516884,4.22762868297331,26.461580418089,-1.6,90,45.9867653239331
22.3044411957357,4.23280743461326,26.5039084924351,-1.6,90,45.9869067779608
22.2975755213606,4.23608767089709,26.5462693691441,-1.6,90,45.9856519820675
22.2907828798516,4.23008690853932,26.5885702382295,-1.6,90,45.9872551869508
22.2840781494736,4.22781617503243,26.6308483999798,-1.6,90,45.9879770233618
22.2774552591611,4.22658803529888,26.6731142803328,-1.6,90,45.9878052137676
22.2709125483366,4.23692503541788,26.715483530687,-1.6,90,46.0065367441265
22.26443243676,4.22430969348972,26.7577266276219,-1.6,90,46.0242201331643
22.2580500335431,4.23341366824261,26.8000607643043,-1.6,90,46.0409383634828
22.2517324934326,4.22012700279087,26.8422620343322,-1.6,90,46.0566284974339
22.2455131802562,4.23136120855288,26.8845756464178,-1.6,90,46.0713458824827
22.239355965801,4.22419607828166,26.9268176072006,-1.6,90,46.0850462578061
22.2332878022566,4.2205828924688,26.9690234361253,-1.6,90,46.0977619399566
22.2273033506886,4.22916185177248,27.011315054643,-1.6,90,46.1094850656011
22.2213855259224,4.22297076308997,27.0535447622739,-1.6,90,46.1202194824519
22.21555512508,4.22989023005564,27.0958436645744,-1.6,90,46.129967141673
22.2097941297905,4.23326148843571,27.1381762794588,-1.6,90,46.1387418948276
22.2041077224815,4.2297211793461,27.1804734912523,-1.6,90,46.1465504939988
22.1985052432654,4.23185303892244,27.2227920216415,-1.6,90,46.1533831980618
22.1929791995291,4.23229779579063,27.2651149995994,-1.6,90,46.1592550996016
22.18753192596,4.23875910009424,27.3075025906003,-1.6,90,46.1641661006354
22.1821559317733,4.22381702353757,27.3497407608357,-1.6,90,46.1681448206906
22.1768781816244,4.21951524441321,27.3919359132798,-1.6,90,46.1711025057038
22.1716848953295,4.22797178928133,27.4342156311727,-1.6,90,46.1730736988992
22.1665605428782,4.23188905929931,27.4765345217656,-1.6,90,46.1741278254895
22.1615110296091,4.21907165300098,27.5187252382957,-1.6,90,46.1742516394052
22.1565561266956,4.22878395819504,27.5610130778776,-1.6,90,46.1733381405687
22.1516693409483,4.23940399561898,27.6034071178338,-1.6,90,46.1877020444338
22.1468502505273,4.22413282788066,27.6456484461126,-1.6,90,46.2011868324396
22.1421282073352,4.22911765364787,27.6879396226491,-1.6,90,46.21363710812
22.1374803278057,4.22153467329498,27.730154969382,-1.6,90,46.2251683863734
22.1329204008225,4.22365077015332,27.7723914770836,-1.6,90,46.2357181965493
22.128437844456,4.23355128498835,27.8147269899334,-1.6,90,46.2453292317359
22.1240247859773,4.2337190944758,27.8570641808782,-1.6,90,46.2540162601076
22.1196917041965,4.23101548699028,27.8993743357481,-1.6,90,46.2617363985644
22.1154415129828,4.22303785981941,27.9416047143463,-1.6,90,46.2684808917861
22.1112792531127,4.234013666383,27.9839448510101,-1.6,90,46.2742451182179
22.1071863744251,4.23471178441115,28.0262919688542,-1.6,90,46.2790486951468
22.103173188446,4.23748240648277,28.0686667929191,-1.6,90,46.2828695443694
22.0992378736958,4.22037146134573,28.1108705075325,-1.6,90,46.285701216282
22.0953985286033,4.22062213102594,28.1530767288428,-1.6,90,46.287560636717
22.0916389211795,4.21891053733086,28.1952658342161,-1.6,90,46.2884417661653
22.0879607986411,4.22505847471024,28.2375164189632,-1.6,90,46.2883452472594
22.0843574751368,4.21991874390961,28.2797156064023,-1.6,90,46.2907997520725
22.0808386451596,4.21892886050995,28.3219048950074,-1.6,90,46.2919783387097
22.0774007120947,4.22070599352326,28.3641119549426,-1.6,90,46.2918628219071
22.0740414810015,4.22295842933513,28.406341539236,-1.6,90,46.3064490874203
22.0707607250343,4.22804585037986,28.4486219977398,-1.6,90,46.3196346084615
22.0675564869867,4.23277281511525,28.4909497258909,-1.6,90,46.331421335589
22.0644293555172,4.21984030263493,28.5331481289173,-1.6,90,46.3418235913417
22.0613921769664,4.22933176619624,28.5754414465792,-1.6,90,46.3508804139852
22.0584287469169,4.21950831685117,28.6176365297478,-1.6,90,46.3585548513459
22.0555526219122,4.23937775168497,28.6600303072646,-1.6,90,46.3648750923267
22.0527438817939,4.22163989555479,28.7022467062202,-1.6,90,46.3698337847552
22.0500275344561,4.23849692204611,28.7446316754406,-1.6,90,46.3734429171515
22.0473813251193,4.23949962148787,28.7870266716555,-1.6,90,46.3757195363066
22.0448156935127,4.23717245646328,28.8293983962201,-1.6,90,46.3766677499405
22.0423326450611,4.21990682270262,28.8715974644472,-1.6,90,46.3762860198108
22.0399403989519,4.2353268003181,28.9139507324503,-1.6,90,46.378762327886
22.037620399332,4.23779592746646,28.956328691725,-1.6,90,46.3798713681003
22.0353802794817,4.22781907893378,28.9986068825143,-1.6,90,46.3795709861594
22.0332264273584,4.2323967050036,29.0409308495644,-1.6,90,46.381648709986
22.0311512968661,4.23939597383103,29.0833248093027,-1.6,90,46.3826806579171
22.029154056463,4.22572947428052,29.1255821040455,-1.6,90,46.3826526961606
22.0272442723995,4.2320157782979,29.1679022618285,-1.6,90,46.387902837223
22.0254127360534,4.23419983677466,29.2102442601962,-1.6,90,46.3922840061801
22.0236614866038,4.23074217853621,29.2525516819816,-1.6,90,46.3958065506495
22.0219928401521,4.22323785035934,29.2947840604852,-1.6,90,46.398471554318
22.0204080958834,4.21981545010778,29.3369822149863,-1.6,90,46.4002703620238
22.0189054255712,4.22316073756861,29.3792138223619,-1.6,90,46.4011989277409
22.0174824335998,4.23537488087237,29.4215675711707,-1.6,90,46.4012669514508
22.0161365947908,4.22544344431186,29.4638220056138,-1.6,90,46.4005031321908
22.0148750266846,4.2387381654316,29.5062093872681,-1.6,90,46.405239360852
22.0136909057016,4.23475135808167,29.5485569008489,-1.6,90,46.4089443250617
22.0125893409113,4.22115422753396,29.5907684431243,-1.6,90,46.4115795673316
22.0115723377163,4.22710732128315,29.6330395163371,-1.6,90,46.4131505151524
22.0106349770583,4.22981481750146,29.6753376645121,-1.6,90,46.41367153296
22.0097782383009,4.2227481446944,29.717565145959,-1.6,90,46.4131341914159
22.0090039851327,4.22610563394866,29.7598262022985,-1.6,90,46.4158629902651
22.0083102080247,4.22237234615186,29.80204992576,-1.6,90,46.4177303458368
22.0076980678748,4.23330498409223,29.844382975601,-1.6,90,46.4187391410314
22.0071656526497,4.23191720556556,29.8867021476566,-1.6,90,46.4188969981713
22.0067147928493,4.2191568896443,29.9288937165531,-1.6,90,46.4182036003343
22.0063462973806,4.22137825042642,29.9711074990573,-1.6,90,46.4202330954051
22.0060585584243,4.235293003591,30.0134604290932,-1.6,90,46.4212151721668
22.0058512468237,4.2234979244139,30.0556954083374,-1.6,90,46.421139752756
22.005725684395,4.23120382985625,30.0980074466359,-1.6,90,46.4234337247066
22.0056811748755,4.23699698279911,30.1403774164639,-1.6,90,46.4242427647804
22.0057181281539,4.22262708567309,30.1826036873207,-1.6,90,46.4235637471609
22.0058361206558,4.22444815008458,30.2248481688215,-1.6,90,46.4285750685364
22.0060352418435,4.22715958869392,30.2671197647084,-1.6,90,46.4323127200395
22.0063156620039,4.22128522137157,30.3093326169222,-1.6,90,46.4347754489951
22.006676717408,4.22026530968468,30.351535270019,-1.6,90,46.4359668594519
22.0071186208477,4.23525832533105,30.3938878532723,-1.6,90,46.4358753206437
22.007643446546,4.2244981500888,30.4361328347732,-1.6,90,46.4343471457132
22.0082481193441,4.23207481761696,30.4784535829494,-1.6,90,46.431393052637
22.0089351653924,4.23641219322269,30.5208177048816,-1.6,90,46.4258553125508
22.0097043946697,4.21917225109298,30.5630094273925,-1.6,90,46.4234838577184
22.0105515089889,4.22871081519454,30.6052965355445,-1.6,90,46.4187608274493
22.0114816536469,4.23221987774653,30.6476187343219,-1.6,90,46.4081481950171
22.0124938677602,4.23288083771126,30.6899475426991,-1.6,90,46.3989978496543
22.0135875791098,4.22529832134822,30.7322005259125,-1.6,90,46.3967247962828
22.0147604462316,4.22461099798578,30.7744466358924,-1.6,90,46.3966398771599
22.0160141320964,4.23710965018018,30.8168177323942,-1.6,90,46.3939018605694
22.0173528758903,4.23835421936881,30.8592012745879,-1.6,90,46.3884113630389
22.0187735029755,4.22281708304445,30.9014294454183,-1.6,90,46.38647118926
22.0202699610151,4.2273203607609,30.9437026490259,-1.6,90,46.3928773429565
22.0218490177363,4.23261200459264,30.9860287690719,-1.6,90,46.3978584356258
22.0235112318545,4.22237925519439,31.0282525616238,-1.6,90,46.4014158708639
22.0252503463221,4.22855858465148,31.0705381474703,-1.6,90,46.4035429791298
22.0270729852083,4.23650303568161,31.1129031778271,-1.6,90,46.4042631960462
22.0289802952305,4.23815642861355,31.1552847421133,-1.6,90,46.4035724757248
22.030969699197,4.2345461260897,31.1976302033742,-1.6,90,46.4000784889023
22.0330386479795,4.23143885471748,31.2399445919214,-1.6,90,46.3980130923841
22.0351871712643,4.23907577607368,31.2823353496821,-1.6,90,46.3933143957312
22.0374208309209,4.21903945701739,31.3245257442523,-1.6,90,46.38482118891
22.0397246647579,4.23120076394864,31.3668377518918,-1.6,90,46.3760073121705
22.0421160029979,4.22856000976564,31.4091233519894,-1.6,90,46.3686542066991
22.0445867266938,4.22156380365723,31.451338990026,-1.6,90,46.3641036880865
22.0471339875723,4.23863578501401,31.4937253478761,-1.6,90,46.36245239624
22.0497725690156,4.22201460751219,31.5359454939512,-1.6,90,46.3642545377706
22.052481480813,4.22159537732195,31.5781614477245,-1.6,90,46.3647431975525
22.0552706005966,4.22008116762903,31.6203622594007,-1.6,90,46.3638736294055
22.0581391191508,4.23123124963136,31.6626745718971,-1.6,90,46.3581376603159
22.061095888864,4.22176132750838,31.7048921851722,-1.6,90,46.3528663459391
22.0641265162713,4.22540367060392,31.7471462218782,-1.6,90,46.3530887865421
22.0672402143142,4.23704107977222,31.7895166326759,-1.6,90,46.351955752786
22.0704432771997,4.22348802728817,31.8317515129488,-1.6,90,46.3489547458875
22.0737165720365,4.23128257423003,31.8740643386911,-1.6,90,46.343994290721
22.0770764431755,4.22297937050822,31.9162941323962,-1.6,90,46.3357483094181
22.0805100569569,4.2325914851778,31.958620047248,-1.6,90,46.3268903457384
22.0840319796914,4.23830404625254,32.0010030877105,-1.6,90,46.3129716918787
22.0876393654796,4.22673834981257,32.0432704712086,-1.6,90,46.2978788384287
22.0913173016973,4.23617734565422,32.0856322446652,-1.6,90,46.285917171863
22.0950839647885,4.22746839095762,32.1279069285747,-1.6,90,46.2769271772082
22.0989231979968,4.22972756245317,32.1702042041993,-1.6,90,46.2723237952836
22.1028447365285,4.23474114374015,32.2125516156367,-1.6,90,46.2722222104409
22.106851298381,4.23845493062137,32.2549361649429,-1.6,90,46.2754426739131
22.1109418586133,4.2242410676318,32.2971785756192,-1.6,90,46.2760990296305
22.1150987719513,4.23534630712221,32.3395320386904,-1.6,90,46.2742814662211
22.1193468202007,4.23229023075649,32.381854940998,-1.6,90,46.2759604230325
22.1236719821045,4.23047247128367,32.4241596657108,-1.6,90,46.274952535579
22.1280753377179,4.22909228480534,32.4664505885589,-1.6,90,46.2702883285067
22.1325572039945,4.23733099889324,32.5088238985478,-1.6,90,46.2564158471592
22.1371279206273,4.22322185365971,32.5510561170844,-1.6,90,46.2455046515609
22.1417631657711,4.219274858577,32.5932488656702,-1.6,90,46.2427209805678
22.1464735320585,4.21980304579912,32.6354468961282,-1.6,90,46.2398742179565
22.1512638683007,4.22822134982919,32.6777291096265,-1.6,90,46.2368334503078
22.1561433323269,4.22919999746108,32.7200211096011,-1.6,90,46.2322782913231
22.1611035513748,4.22878059160199,32.7623089155171,-1.6,90,46.2236696261891
22.1661428480835,4.23504956717809,32.8046594111889,-1.6,90,46.2101715435753
22.1712693035499,4.23433668567625,32.8470027780456,-1.6,90,46.187826772616
22.1764745679423,4.22802380028666,32.8892830160485,-1.6,90,46.1645254389243
22.1817515030625,4.23159014629845,32.9315989175115,-1.6,90,46.1439682375845
22.1871123048866,4.22941761332707,32.9738930936447,-1.6,90,46.1255747519646
22.1925496848311,4.22393348751292,33.0161324285199,-1.6,90,46.1121372926144
22.1980591120184,4.22646857387692,33.0583971142586,-1.6,90,46.1051659785339
22.2036509044268,4.22902298833073,33.100687344142,-1.6,90,46.1048093702264
22.2093251706866,4.23101648689599,33.1429975090109,-1.6,90,46.109887228958
22.2150812251463,4.21895707468932,33.1851870797578,-1.6,90,46.1124298642357
22.2208996063864,4.23656324756927,33.2275527122335,-1.6,90,46.1125272344399
22.2268213194734,4.23893635742162,33.2699420758077,-1.6,90,46.1101040883352
22.2328255686041,4.22346140708521,33.3121766898786,-1.6,90,46.1126879520883
22.2388866422535,4.22975603732728,33.3544742502518,-1.6,90,46.1125078724374
22.2450354606495,4.22685180778244,33.3967427683297,-1.6,90,46.1097982568512
22.2512586808148,4.22676283996533,33.4390103967293,-1.6,90,46.0888433618378
22.2575602982327,4.23231264204439,33.4813335231498,-1.6,90,46.0609669096701
22.26394880507,4.23626743385261,33.5236961974883,-1.6,90,46.0420393271919
22.2704219908985,4.22221612274815,33.5659183587158,-1.6,90,46.037794488114
22.2769519923459,4.23040314210869,33.6082223901369,-1.6,90,46.0438039930594
22.2835729706584,4.22228895758531,33.6504452797127,-1.6,90,46.0413593305706
22.2902593453785,4.23813734120339,33.6928266531247,-1.6,90,46.0342616431408
22.297049207449,4.22990923327407,33.7351257454575,-1.6,90,46.0229931507473
22.3039041242848,4.23167361020665,33.7774424815595,-1.6,90,46.0070060888577
22.3108400380886,4.2220784595901,33.8196632661554,-1.6,90,45.9951585419805
22.3178380407598,4.22782767855823,33.861941542941,-1.6,90,45.9930070054933
22.3249233855909,4.22980893414488,33.9042396322825,-1.6,90,45.9958366835021
22.3320898972718,4.21995990652191,33.9464392313477,-1.6,90,45.9911048788522
22.3393172402482,4.23850318295005,33.9888242631772,-1.6,90,45.980264270764
22.3466542048217,4.23042397402553,34.0311285029175,-1.6,90,45.9617412137276
22.3540549186596,4.22348902664106,34.0733633931839,-1.6,90,45.9460838995503
22.361520893139,4.23606109038373,34.1157240040877,-1.6,90,45.9367217640084
22.3690866884861,4.22874074226612,34.1580114115104,-1.6,90,45.9270048750476
22.376716841752,4.22006795021397,34.2002120910125,-1.6,90,45.9003231878994
22.3844083949361,4.23628989097531,34.2425749899223,-1.6,90,45.8594114004467
22.392206848525,4.23825024750201,34.2849574923973,-1.6,90,45.8205779468628
22.4000863661989,4.22250508980719,34.3271825432954,-1.6,90,45.7903058835955
22.4080135722545,4.21940153400143,34.3693765586354,-1.6,90,45.7651247909489
22.4160116033032,4.2298505620353,34.4116750642557,-1.6,90,45.7412912983598
22.4241062666882,4.23246035218223,34.4539996677775,-1.6,90,45.7207605742852
22.4322828331627,4.23847047672719,34.4963843725448,-1.6,90,45.7041071604413
22.4405480225229,4.23483653807068,34.5387327379255,-1.6,90,45.690364540896
22.4488830082642,4.23124339395605,34.5810451718651,-1.6,90,45.6770776315688
22.4572875884933,4.23078355045554,34.6233530073696,-1.6,90,45.6737458032026
22.4657677907807,4.23626010914767,34.6657156084611,-1.6,90,45.6866854114904
22.4743355634231,4.22714868855286,34.7079870953466,-1.6,90,45.6972577536886
22.4829612166832,4.2397086018207,34.7503841813648,-1.6,90,45.7054628722847
22.4916889769152,4.22034629399671,34.7925876443048,-1.6,90,45.7113916221184
22.5004528576534,4.22343747496609,34.8348220190545,-1.6,90,45.7150198359092
22.509298957367,4.23407183519109,34.8771627374064,-1.6,90,45.7164322501285
22.5182433555476,4.23256291888581,34.9194883665952,-1.6,90,45.7156669481827
22.5272605550641,4.22573008044418,34.9617456673997,-1.6,90,45.7210398630197
22.536338898199,4.2296206905597,35.0040418743053,-1.6,90,45.7187620904515
22.5455012520223,4.23085386605628,35.0463504129658,-1.6,90,45.7093902292843
22.5547419051482,4.23882008567509,35.0887386138226,-1.6,90,45.6963171768013
22.5640757168789,4.2347076568151,35.1310856903907,-1.6,90,45.6729999771083
22.5734760997072,4.23747977935241,35.1734604881843,-1.6,90,45.6515996064433
22.5829582058057,4.23398452293566,35.2158003334136,-1.6,90,45.6387034186597
22.5925078964544,4.21986864494544,35.2579990198631,-1.6,90,45.6271997848311
22.6021006521276,4.2210924089106,35.3002099439522,-1.6,90,45.6179808360011
22.6117709050215,4.22614300923138,35.3424713740445,-1.6,90,45.6108192008934
22.6215274928038,4.23600600089904,35.3848314340535,-1.6,90,45.6043703327494
22.6313818245011,4.22295355417657,35.4270609695952,-1.6,90,45.5961309256951
22.6412804093272,4.2224356245345,35.4692853258406,-1.6,90,45.5822652689345
22.6512521709129,4.22151900786367,35.5115005159192,-1.6,90,45.5590934494516
22.6612960316438,4.231692848616,35.5538174444054,-1.6,90,45.5363762457201
22.6714385233249,4.22903098126832,35.5961077542181,-1.6,90,45.5175430689421
22.6816489798686,4.22878720149414,35.638395626233,-1.6,90,45.4960686189653
22.6919330624933,4.23236163117037,35.6807192425447,-1.6,90,45.4650240042552
22.7023000434782,4.23350935194549,35.7230543360642,-1.6,90,45.4307816754552
22.7127440012503,4.22028097433612,35.7652571458075,-1.6,90,45.4011000069395
22.7232290515262,4.23858697228739,35.8076430155304,-1.6,90,45.378225419625
22.733833570094,4.22244893602297,35.8498675048906,-1.6,90,45.362943409617
22.7444713353333,4.23689298257553,35.8922364347164,-1.6,90,45.3548212029782
22.7552192456073,4.23085634660014,35.9345449981824,-1.6,90,45.351949538529
22.7660254619864,4.22404895583731,35.9767854877407,-1.6,90,45.3548796835349
22.776887576421,4.22502791577376,36.0190357668985,-1.6,90,45.3556842952212
22.7878253549965,4.22037885001012,36.0612395553986,-1.6,90,45.3543952706548
22.7988240274986,4.23791601605929,36.1036187155592,-1.6,90,45.3544006438995
22.8099416413504,4.22523854403736,36.1458711009995,-1.6,90,45.3472737753705
22.821098951845,4.22890025171386,36.1881601035167,-1.6,90,45.3381150392472
22.8323387642627,4.23069317996783,36.2304670353164,-1.6,90,45.329618349896
22.8436561450023,4.22303877372192,36.2726974230536,-1.6,90,45.3147695208614
22.8550255628072,4.23353340239799,36.3150327570776,-1.6,90,45.2972181471992
22.8664958437349,4.22094124929105,36.3572421695705,-1.6,90,45.2840325375776
22.8780042741637,4.22311128837187,36.3994732824542,-1.6,90,45.272602722425
22.8895907267114,4.23367189712272,36.4418100014254,-1.6,90,45.2549199643096
22.9012784379864,4.22341569881068,36.4840441584135,-1.6,90,45.233623342203
22.9130098375699,4.22710451749182,36.5263152035885,-1.6,90,45.2016077050849
22.9248233819995,4.22339860459289,36.5685491896344,-1.6,90,45.1631091451744
22.9366982937545,4.23624221476543,36.610911611782,-1.6,90,45.1335254267967
22.9486812260844,4.23608856973521,36.6532724974794,-1.6,90,45.119362061092
22.960735624675,4.23641392491577,36.6956366367285,-1.6,90,45.1172146862204
22.9728627437626,4.22755765554106,36.737912213284,-1.6,90,45.1140674737115
22.9850359701973,4.23242366137623,36.7802364498977,-1.6,90,45.1090278245793
22.997294602334,4.23014028321173,36.8225378527298,-1.6,90,45.1001055575305
23.0096178842975,4.22261609719414,36.8647640137018,-1.6,90,45.0886484671068
23.0219901867991,4.23873247910646,36.9071513384928,-1.6,90,45.0800227483948
23.0344808785687,4.23394838537547,36.9494908223466,-1.6,90,45.0697357204982
23.0470285400398,4.23819615942354,36.9918727839408,-1.6,90,45.0439076832236
23.0596598082024,4.23769186243445,37.0342497025652,-1.6,90,45.012791354769
23.0723604977368,4.22361201694369,37.0764858227346,-1.6,90,44.9903683576327
23.0850894396105,4.22902797221739,37.1187761024568,-1.6,90,44.9807413445626
23.0979050560093,4.22408356513773,37.1610169381082,-1.6,90,44.9783081984966
23.1107758459176,4.22329984617181,37.2032499365699,-1.6,90,44.9679163973217
23.1237142272036,4.21952342123794,37.2454451707823,-1.6,90,44.9416382223485
23.1367108009902,4.22342777330219,37.2876794485153,-1.6,90,44.9145943680152
23.1497891103701,4.23982765904142,37.3300777251057,-1.6,90,44.8921798047896
23.1629882336254,4.23600385354849,37.3724377636412,-1.6,90,44.8701546514954
23.1762454039914,4.23050276913548,37.4147427913325,-1.6,90,44.8349674165891
23.1895550216763,4.23294948616081,37.4570722861941,-1.6,90,44.7923960228589
23.2029418958951,4.23979187539548,37.4994702049481,-1.6,90,44.756089569869
23.2164200365585,4.22994101416781,37.5417696150898,-1.6,90,44.7299530129365
23.2299361816617,4.22545989550959,37.5840242140449,-1.6,90,44.7082389474144
23.2435070167221,4.22174673804013,37.6262416814253,-1.6,90,44.6757209756886
23.2571346869562,4.23035543875627,37.6685452358128,-1.6,90,44.6322124973271
23.2708589653787,4.23634162305266,37.7109086520434,-1.6,90,44.5854501334273
23.2846715783098,4.22972316155115,37.7532058836589,-1.6,90,44.5497198313692
23.29853129057,4.2316040719418,37.7955219243783,-1.6,90,44.529740022691
23.3124657144753,4.2273084597072,37.8377950089754,-1.6,90,44.5204389525863
23.3264543298146,4.22408022856485,37.880035811261,-1.6,90,44.5164565285607
23.3405003636277,4.2371397541842,37.9224072088029,-1.6,90,44.516124251199
23.3546580908463,4.22228384080928,37.964630047211,-1.6,90,44.5163026553689
23.3688340697497,4.23503582043661,38.0069804054153,-1.6,90,44.5041041860264
23.3831208167691,4.23814899277672,38.0493618953431,-1.6,90,44.4952536238475
23.3974860731475,4.21930287086799,38.0915549240518,-1.6,90,44.4976086084359
23.4118549052427,4.23357265685862,38.1338906506204,-1.6,90,44.4980547081548
23.426339854662,4.22726392640999,38.1761632898845,-1.6,90,44.4966193560609
23.440870578647,4.22340707140695,38.2183973605985,-1.6,90,44.503874196347
23.4554551374424,4.23972201527509,38.2607945807513,-1.6,90,44.5051935311284
23.4701633609402,4.2360477575919,38.3031550583272,-1.6,90,44.5005593200009
23.4849260784649,4.23770546414425,38.3455321129686,-1.6,90,44.4904322710716
23.4997616972172,4.22906667193662,38.387822779688,-1.6,90,44.4763408755465
23.5146338782367,4.22623158437259,38.4300850955317,-1.6,90,44.4504095597785
23.5295626329688,4.22489583857416,38.4723340539175,-1.6,90,44.4261117507191
23.5445530327162,4.22164264247956,38.5145504803423,-1.6,90,44.4114208266496
23.5595980395725,4.23010551616966,38.556851535504,-1.6,90,44.4048561827696
23.5747394024527,4.22063951196056,38.5990579306236,-1.6,90,44.395510377903
23.5899127956865,4.23983002278204,38.6414562308514,-1.6,90,44.3739927553828
23.6052213407024,4.22490882884382,38.6837053191398,-1.6,90,44.3511005799547
23.6205418440354,4.2234580076289,38.7259398992161,-1.6,90,44.3284707400736
23.6359226421329,4.22730085155794,38.7682129077317,-1.6,90,44.2979691238927
23.6513829408296,4.22810114041529,38.8104939191359,-1.6,90,44.2419994392439
23.6669115922484,4.22580353667225,38.8527519545026,-1.6,90,44.1813229611171
23.6824970553582,4.22668680046734,38.8950188225072,-1.6,90,44.1336166693531
23.6981509001917,4.23980168578256,38.9374168393651,-1.6,90,44.106888208155
23.7139186216174,4.23581196037016,38.9797749589688,-1.6,90,44.0995265376296
23.7297366888453,4.22514570817876,39.0220264160506,-1.6,90,44.1004322424397
23.7455797016772,4.22606396095888,39.0642870556602,-1.6,90,44.0854277378157
23.7614907448223,4.23097882377105,39.1065968438979,-1.6,90,44.0625268950106
23.7774848692731,4.22182442754691,39.1488150881733,-1.6,90,44.030490412258
23.7935086630777,4.22547561649945,39.1910698443383,-1.6,90,44.0011971461649
23.8096104738116,4.23087026453855,39.2333785469837,-1.6,90,43.9767957196277
23.8257970209289,4.22643093015008,39.2756428562852,-1.6,90,43.949945966747
23.8420305726274,4.22631705961755,39.3179060268814,-1.6,90,43.9227154646846
23.8583275088682,4.22419552177321,39.3601479820991,-1.6,90,43.8964828357366
23.8746799067626,4.23097590773725,39.4024577411765,-1.6,90,43.8717859791929
23.8911222010682,4.2360528729069,39.4448182699056,-1.6,90,43.8483071114209
23.9076479080975,4.227642202061,39.4870946919262,-1.6,90,43.8402267201278
23.9242042031744,4.23560576449965,39.5294507495712,-1.6,90,43.8512488509088
23.9408550690778,4.22749410744578,39.5717256906456,-1.6,90,43.8585636298826
23.9575371764052,4.23334988603737,39.614059189506,-1.6,90,43.862112473081
23.9743054594168,4.23092060576186,39.6563683955636,-1.6,90,43.8618498742122
23.9911270454668,4.23096390359719,39.6986780345996,-1.6,90,43.8693245617016
24.0080115797186,4.2337393508464,39.741015428108,-1.6,90,43.8660731559598
24.0249698956111,4.22715205907984,39.7832869486988,-1.6,90,43.8502830983332
24.0419642735539,4.21926501444808,39.8254795988433,-1.6,90,43.8275398383051
24.0589890358576,4.23152320916161,39.8677948309349,-1.6,90,43.794245489882
24.076125432869,4.23389072453121,39.9101337381802,-1.6,90,43.7635607908323
24.0933336000019,4.23190453553739,39.9524527835356,-1.6,90,43.7389110340081
24.1105957174807,4.22284553653622,39.994681238901,-1.6,90,43.7143691100786
24.1278825597991,4.22797210116141,40.0369609599126,-1.6,90,43.6790956629752
24.145251978781,4.23953603078935,40.0793563202205,-1.6,90,43.6388440197758
24.1627306520998,4.23402731190389,40.1216965933395,-1.6,90,43.5903130444349
24.1802481916326,4.22482066220796,40.1639447999616,-1.6,90,43.5417248988994
24.1977888439559,4.21974564929723,40.2061422564546,-1.6,90,43.4961351479356
24.2153693200764,4.23716519217875,40.2485139083764,-1.6,90,43.4472957337949
24.2330834717439,4.23053970522633,40.2908193054286,-1.6,90,43.3898727630421
24.2508308747535,4.22449962944855,40.3330643017231,-1.6,90,43.3301088569128
24.2686135781012,4.22791889279937,40.3753434906511,-1.6,90,43.2816330195837
24.286471210344,4.23663113326853,40.4177098019838,-1.6,90,43.2462757950401
24.3044262544491,4.22618739226485,40.4599716759064,-1.6,90,43.2244294448672
24.3223973556388,4.23914059283469,40.5023630818348,-1.6,90,43.2058014714528
24.3404839246536,4.21922001546799,40.5445552819895,-1.6,90,43.2013520934567
24.3585454212384,4.23316217400471,40.5868869037295,-1.6,90,43.2099275758021
24.3767265425777,4.22048579680594,40.6290917616976,-1.6,90,43.2165343207385
24.3949128575252,4.23854530209626,40.6714772147185,-1.6,90,43.2213224467481
24.4132367887036,4.23189054706984,40.7137961201892,-1.6,90,43.2242019331832
24.4315915994219,4.2239114410032,40.7560352345993,-1.6,90,43.2253138553694
24.4499711026623,4.2269875725866,40.7983051103251,-1.6,90,43.2247009936802
24.4684231660646,4.2276115604333,40.8405812259295,-1.6,90,43.2235584551668
24.4869370291751,4.23713670957995,40.8829525930253,-1.6,90,43.2195043933555
24.5055517510508,4.22956869851812,40.9252482800104,-1.6,90,43.2125733690411
24.5241921441639,4.22439278531461,40.9674922078636,-1.6,90,43.1940233364355
24.5428683508667,4.23093416457865,41.0098015495094,-1.6,90,43.1751274418176
24.5616320681195,4.22752002920342,41.0520767498014,-1.6,90,43.1647516586704
24.5804390752798,4.23733056753465,41.0944500554767,-1.6,90,43.1628472755161
24.5993482032019,4.23106890391898,41.1367607445159,-1.6,90,43.1604087449286
24.6182876685542,4.22283576761568,41.1789891021921,-1.6,90,43.146489014184
24.6372482133556,4.22422256296936,41.2212313278218,-1.6,90,43.1301115546944
24.6562727565811,4.2285416002329,41.2635167438241,-1.6,90,43.111292180915
24.6753744873232,4.22599766602274,41.3057767204843,-1.6,90,43.0811409926509
24.6945223057533,4.22524489989824,41.3480291694833,-1.6,90,43.0507137376984
24.7137241264352,4.23143847076826,41.390343554191,-1.6,90,43.0289241203737
24.7330114941885,4.23189971992065,41.4326625513902,-1.6,90,43.0156899892074
24.7523582816604,4.22935214452318,41.4749560728354,-1.6,90,42.9912695756775
24.7717505570143,4.23732724331634,41.5173293452686,-1.6,90,42.9557512035829
24.791236543955,4.22137247793026,41.5595430700479,-1.6,90,42.9288619389382
24.8107059023778,4.23736499128454,41.6019167199607,-1.6,90,42.9105763109515
24.8303058425166,4.23180452038067,41.6442347651646,-1.6,90,42.8812505877308
24.8499367466646,4.23555047836851,41.6865902699482,-1.6,90,42.8410354705605
24.869641615505,4.23080787207184,41.728898348669,-1.6,90,42.8094417437013
24.8893808039428,4.23723355520961,41.7712706842211,-1.6,90,42.7640698373107
24.9092063178327,4.23888338315968,41.8136595180526,-1.6,90,42.7302963872155
24.9290958380938,4.22790667698303,41.8559385848225,-1.6,90,42.7079984765201
24.948989799391,4.22876152026807,41.8982262000252,-1.6,90,42.6720631705998
24.9689435392641,4.22796078294922,41.9405058078546,-1.6,90,42.6225535638687
24.9889491132748,4.2190798199687,41.9826966060543,-1.6,90,42.5845961484083
25.0089679641431,4.23234011799009,42.0250200072342,-1.6,90,42.5580834455781
25.0291051013203,4.2327298251175,42.0673473054854,-1.6,90,42.5180828400477
25.0492994219421,4.23110245439873,42.1096583300294,-1.6,90,42.4647220204571
25.0695411446649,4.22280086300994,42.1518863386595,-1.6,90,42.4191531006724
25.0897980127375,4.23068491426227,42.1941931878021,-1.6,90,42.3828697261822
25.1101475277203,4.2339017122056,42.2365322049242,-1.6,90,42.3643451292487
25.130567322708,4.23376705895239,42.2788698755137,-1.6,90,42.357013338171
25.1510411602521,4.22593052766388,42.3211291807903,-1.6,90,42.3637354565459
25.1715315079072,4.23878573698056,42.3635170381601,-1.6,90,42.3650678222586
25.1921386576298,4.2210137818534,42.4057271759787,-1.6,90,42.3609779944199
25.2127134860494,4.22056599575137,42.4479328359362,-1.6,90,42.3484981319948
25.2333399557171,4.21941016915946,42.4901269376278,-1.6,90,42.3303266181714
25.2540144438568,4.23971919245092,42.5325241295523,-1.6,90,42.3004364625587
25.2748423582008,4.23515759731616,42.5748757055254,-1.6,90,42.2440160705599
25.2957016876051,4.23836064330075,42.6172593119584,-1.6,90,42.192260974697
25.3166305159832,4.2381675725735,42.6596409876842,-1.6,90,42.1598904245246
25.3376119975722,4.22315300119934,42.7018725176962,-1.6,90,42.1526285599742
25.3585723366334,4.23739949976911,42.7442465126939,-1.6,90,42.1673911156926
25.3796566145756,4.23689970656112,42.7866155097595,-1.6,90,42.1767039291632
25.4007915839737,4.23311123383404,42.8289466220978,-1.6,90,42.1805917753362
25.4219606267537,4.22794463600066,42.8712260684578,-1.6,90,42.1790966589743
25.4431565512547,4.23954039244106,42.9136214723822,-1.6,90,42.1649334522168
25.4644633801204,4.22482695819138,42.9558697419641,-1.6,90,42.1408566049415
25.4857487004473,4.22206790781533,42.9980904210423,-1.6,90,42.1011082215878
25.5070722841604,4.22040913553697,43.0402945123977,-1.6,90,42.0720214340059
25.5284394757609,4.23154830600124,43.0826099954577,-1.6,90,42.0593558745106
25.5499151132476,4.22156403062001,43.1248256357639,-1.6,90,42.0601767152896
25.5713918831583,4.22847864960421,43.1671104222599,-1.6,90,42.0556738066415
25.5929555696003,4.23378792308094,43.2094483014907,-1.6,90,42.0393166780046
25.614598079405,4.2317858698968,43.2517661601897,-1.6,90,42.0139055214213
25.6362819677954,4.22084753885923,43.2939746355783,-1.6,90,41.9737022043555
25.6579610780803,4.2229516058417,43.3362041516367,-1.6,90,41.9433305877874
25.67970210777,4.23684023805033,43.3785725540172,-1.6,90,41.928458218355
25.7015658875544,4.23131929415294,43.4208857469587,-1.6,90,41.9261547688435
25.7234522777081,4.22285061288225,43.4631142530876,-1.6,90,41.9251128305152
25.7453456481181,4.23483979724364,43.50546265106,-1.6,90,41.9084781133438
25.7673519960621,4.22216786055753,43.5476843296656,-1.6,90,41.8874357950187
25.7893430282808,4.22181365279757,43.5899024661936,-1.6,90,41.8648903039212
25.8113825384735,4.22539958270243,43.6321564620206,-1.6,90,41.8350226325829
25.8334910244939,4.23566117314488,43.674513073752,-1.6,90,41.7836006763969
25.8557035330595,4.23026257622403,43.7168156995143,-1.6,90,41.7326879249625
25.8779378968754,4.22434997620789,43.7590591992764,-1.6,90,41.6965188927509
25.9001910844174,4.2394589227519,43.8014537885039,-1.6,90,41.6806198851025
25.9225738675485,4.21912634237136,43.8436450519276,-1.6,90,41.6819794823011
25.9448989073647,4.23708177374504,43.886015869665,-1.6,90,41.6780449697474
25.9673686298527,4.22649380584681,43.9282808077235,-1.6,90,41.6763571537496
25.9898316673513,4.22765727637823,43.9705573804873,-1.6,90,41.6581191934376
26.0123501830456,4.23222230427185,44.01287960353,-1.6,90,41.63446732715
26.034942267313,4.2358605420619,44.0552382089506,-1.6,90,41.6081749989403
26.057602987776,4.22913017521389,44.0975295107028,-1.6,90,41.5736500906613
26.0802766933749,4.22958882418103,44.1398253989446,-1.6,90,41.5169629146338
26.1030016900901,4.23091766447597,44.1821345755893,-1.6,90,41.4618848289955
26.1257825567964,4.22617244299383,44.2243963000193,-1.6,90,41.4223874498695
26.1485864023277,4.22332812121581,44.2666295812314,-1.6,90,41.4038783090601
26.1714232263326,4.23894886267448,44.3090190698582,-1.6,90,41.4033423355258
26.1943929673431,4.22983749725815,44.3513174448307,-1.6,90,41.4095147578847
26.2173615932904,4.221147064396,44.3935289154747,-1.6,90,41.4002816375765
26.2403309593746,4.23741502758247,44.4359030657505,-1.6,90,41.376525412143
26.2634368792547,4.23805122162543,44.4782835779668,-1.6,90,41.3491980887573
26.2865942763308,4.22078629394101,44.5204914409062,-1.6,90,41.3211784288056
26.3097049279776,4.23861025717119,44.5628775434779,-1.6,90,41.2870513348825
26.3329608444937,4.22498897122378,44.6051274331902,-1.6,90,41.2542404989939
26.3561894410608,4.22554888980289,44.6473829220882,-1.6,90,41.2283600952534
26.3794683396361,4.2222360212015,44.6896052823002,-1.6,90,41.2065596035132
26.4027760338439,4.22716436588958,44.7318769259591,-1.6,90,41.1786024387076
26.426157919312,4.23897181016451,44.7742666440607,-1.6,90,41.14720953527
26.4496522007567,4.2376697433768,44.8166433414945,-1.6,90,41.1068969562351
26.4731862691432,4.22035263739443,44.8588468678685,-1.6,90,41.0707197703119
26.4966707506658,4.2395526492797,44.9012423943612,-1.6,90,41.0441438888945
26.5203087541725,4.23969940087966,44.94363938837,-1.6,90,41.0242325412873
26.5439942414847,4.22723265303091,44.9859117149004,-1.6,90,41.0000989853278
26.5676564187323,4.22004310119131,45.0281121459123,-1.6,90,40.9663087259376
26.5913243792206,4.23875716594022,45.0704997175717,-1.6,90,40.9337779044188
26.6151434674663,4.22415640302528,45.1127412816019,-1.6,90,40.9050394987397
26.6389264195897,4.22675487145553,45.1550088303165,-1.6,90,40.8748298422569
26.662769752614,4.22394901019293,45.1972483204184,-1.6,90,40.8294563391129
26.6866428545888,4.2381708940129,45.2396300293585,-1.6,90,40.7791191759945
26.7106420257143,4.23629432384719,45.281992972597,-1.6,90,40.7373704308258
26.7346761831892,4.21902585820497,45.3241832311791,-1.6,90,40.7095865174312
26.7586575720179,4.22305107296986,45.3664137419088,-1.6,90,40.6929719166452
26.7827068934255,4.22611776323859,45.4086749195411,-1.6,90,40.6766289994463
26.8068186809287,4.23266640167849,45.4510015835579,-1.6,90,40.6417666901872
26.8310128325115,4.23527569102853,45.4933543404682,-1.6,90,40.5892330633366
26.8552668549618,4.22823550910373,45.5356366955592,-1.6,90,40.5379809767402
26.8795252970973,4.23745416921818,45.5780112372514,-1.6,90,40.4988652032391
26.9038813530777,4.23139190658316,45.6203251563173,-1.6,90,40.4742624241476
26.9282471200376,4.22563558126959,45.66258151213,-1.6,90,40.458683088808
26.9526240526166,4.23618895411735,45.7049434016711,-1.6,90,40.438541543263
26.9771061933885,4.22394808385688,45.7471828825097,-1.6,90,40.3923551904901
27.00156166148,4.23615344134893,45.7895444169232,-1.6,90,40.3262372990984
27.0261318728857,4.21946727632848,45.8317390896865,-1.6,90,40.2616964736635
27.0506490640422,4.23290850783052,45.8740681747648,-1.6,90,40.2122056309596
27.0752881200206,4.23065565325649,45.9163747312974,-1.6,90,40.1829267727724
27.0999577424176,4.22422399195327,45.9586169712169,-1.6,90,40.1709642242312
27.1246333106969,4.23403313996847,46.0009573026166,-1.6,90,40.1655137085451
27.1494096278287,4.22028166246047,46.0431601192412,-1.6,90,40.1479774670216
27.1741486451326,4.22880717439573,46.0854481909851,-1.6,90,40.0921498423767
27.198980750511,4.23448874340341,46.1277930784192,-1.6,90,40.0065153014944
27.2238893430865,4.22365834651043,46.1700296618843,-1.6,90,39.9178338002168
27.2487770979514,4.23504401095846,46.2123801019939,-1.6,90,39.844998741216
27.2737748130164,4.22953777528718,46.2546754797467,-1.6,90,39.7981749669854
27.298782754107,4.23540351649408,46.2970295149117,-1.6,90,39.7796381995623
27.323868048044,4.22966336992123,46.3393261486109,-1.6,90,39.7832374769964
27.3489618406432,4.23574317297489,46.3816835803406,-1.6,90,39.7787108330301
27.3741341453996,4.23658162044798,46.4240493965451,-1.6,90,39.7781130475239
27.3993538007896,4.23406803236771,46.4663900768688,-1.6,90,39.7602809993013
27.4246007108258,4.22700011067803,46.5086600779756,-1.6,90,39.7134746045999
27.4498474595862,4.22343309896077,46.5508944089652,-1.6,90,39.6590415165108
27.4751146831987,4.22737858011759,46.5931681947663,-1.6,90,39.6104050211022
27.5004472163791,4.22010509891398,46.6353692457555,-1.6,90,39.573012943084
27.5257776655534,4.21953671078631,46.6775646128633,-1.6,90,39.544427310731
27.5511460468282,4.2221148242562,46.7197857611059,-1.6,90,39.5143356103836
27.576571192682,4.23770212107572,46.7621627823167,-1.6,90,39.4646817848846
27.6021315949406,4.2280726464343,46.804443508781,-1.6,90,39.3694003534609
27.6276751272715,4.23181474036393,46.8467616561846,-1.6,90,39.2536245944767
27.6532823724247,4.22723075131072,46.8890339636978,-1.6,90,39.1436201074658
27.6789028220809,4.23468808904764,46.9313808445882,-1.6,90,39.0577355809832
27.7046093842807,4.22979044347573,46.973678749023,-1.6,90,39.0057380835033
27.7303269819386,4.23739323592831,47.0160526813823,-1.6,90,38.9894002716435
27.7561315445669,4.23298937956937,47.058382575178,-1.6,90,39.002167039275
27.7819498877617,4.23358986634952,47.1007184738415,-1.6,90,39.0065040767775
27.8078123667939,4.22518650876713,47.1429703389291,-1.6,90,39.0024217639476
27.8336637540518,4.22975931366238,47.1852679320658,-1.6,90,39.0046897924369
27.8595832759658,4.218814702535,47.2274560790911,-1.6,90,38.9869943648886
27.8854756412939,4.23864543775816,47.2698425334687,-1.6,90,38.9490382375015
27.9115297435327,4.23557069480271,47.3121982404167,-1.6,90,38.9042213435808
27.9376049128662,4.23475817284348,47.3545458221452,-1.6,90,38.8584998341726
27.9637149092982,4.22116677657817,47.3967574899109,-1.6,90,38.8098852096362
27.9897806290937,4.22536086695138,47.4390110985805,-1.6,90,38.7487127480788
28.0159116552843,4.22540108310888,47.4812651094115,-1.6,90,38.7032726835275
28.0420822480009,4.23340453155717,47.5235991547271,-1.6,90,38.6770167155961
28.0683417305798,4.23984773400272,47.5659976320671,-1.6,90,38.6714744239587
28.0946805157734,4.22820705471363,47.6082797026143,-1.6,90,38.6835777426291
28.1209860805942,4.22301067290055,47.6505098093433,-1.6,90,38.6930383386689
28.1472981752753,4.22638958813739,47.6927737052247,-1.6,90,38.6998274743576
28.1736700953788,4.22492240591852,47.7350229292838,-1.6,90,38.703884587402
28.200071519703,4.22888946305514,47.7773118239144,-1.6,90,38.7052892455469
28.2265363323222,4.22574835137671,47.8195693074282,-1.6,90,38.7040070607905
28.2530199525776,4.2263231012686,47.8618325384408,-1.6,90,38.7320208440554
28.2795455254079,4.22945919073306,47.9041271303482,-1.6,90,38.7578032043976
28.3061290690479,4.23146752638117,47.946441805612,-1.6,90,38.7813768360777
28.3327634571902,4.22540528525189,47.9886958584645,-1.6,90,38.802804371024
28.3593977283835,4.22558029150562,48.0309516613796,-1.6,90,38.822218987924
28.3860710117256,4.22169693932211,48.0731686307728,-1.6,90,38.8395982924603
28.4127575330202,4.22052809487377,48.1153739117215,-1.6,90,38.8550276646906
28.4394742774745,4.23783858889585,48.1577522976105,-1.6,90,38.8685206752985
28.466338332175,4.22186863029646,48.1999709839134,-1.6,90,38.879938036116
28.4931386410572,4.22739456778451,48.2422449295913,-1.6,90,38.8896478891857
28.5200114145363,4.22907870466545,48.2845357166379,-1.6,90,38.897478764389
28.546932220988,4.22496539606436,48.3267853705986,-1.6,90,38.9035068819073
28.5738640184674,4.23559361877316,48.3691413067863,-1.6,90,38.9078220682558
28.6009007565728,4.23236681695529,48.4114649749559,-1.6,90,38.9103276954183
28.6279539878252,4.22044411855449,48.4536694161414,-1.6,90,38.9111838331762
28.6549678247421,4.22826052918016,48.4959520214332,-1.6,90,38.9104958903536
28.682068453563,4.22404879716771,48.5381925094049,-1.6,90,38.9210228403699
28.7091787241271,4.22761496461327,48.580468659051,-1.6,90,38.925605789168
28.7363484433595,4.23772243064057,48.6228458833574,-1.6,90,38.9242547286637
28.7636197238562,4.22282578638213,48.6650741412213,-1.6,90,38.9172202489095
28.7908314897129,4.22483644079489,48.7073225056292,-1.6,90,38.8872937263302
28.8180924217495,4.21976486241007,48.7495201542533,-1.6,90,38.8448743540207
28.845356679783,4.23990108775183,48.7919191651308,-1.6,90,38.8075276425062
28.8727872238858,4.22124735510947,48.8341316386819,-1.6,90,38.7851770569088
28.9001330144943,4.22784215056182,48.8764100601875,-1.6,90,38.7803913729382
28.9275573588285,4.23933591281424,48.9188034193157,-1.6,90,38.7882476120706
28.9550921624306,4.2296830352666,48.9611002496683,-1.6,90,38.7884087172855
28.9825999977235,4.23913544668015,49.0034916041351,-1.6,90,38.7809712698334
29.0102050118162,4.23182308429864,49.0458098349781,-1.6,90,38.7632270035635
29.0377979589216,4.23126162094917,49.0881224511876,-1.6,90,38.7400634956029
29.0654226568494,4.23171658036207,49.1304396169913,-1.6,90,38.7089755621815
29.0930856393053,4.22697570372981,49.1727093740285,-1.6,90,38.6602115387
29.1207527867354,4.23869469669551,49.2150963209955,-1.6,90,38.6155475101434
29.1485318217048,4.22005878036912,49.2572969087992,-1.6,90,38.5846810775964
29.1762236221874,4.219666242604,49.2994935712252,-1.6,90,38.5700161928431
29.2039475652097,4.22936050591125,49.3417871762844,-1.6,90,38.5665618411404
29.2317699385005,4.22736989794507,49.3840608752638,-1.6,90,38.5464386989976
29.2596138703312,4.22216943060466,49.4262825695698,-1.6,90,38.5145627759479
29.2874580317046,4.22636871003529,49.4685462566702,-1.6,90,38.468626076277
29.3153643009391,4.23298732567524,49.510876129927,-1.6,90,38.4340395714115
29.3433486863951,4.23828623228113,49.5532589922498,-1.6,90,38.413046575781
29.3714025102573,4.23173439701368,49.5955763362199,-1.6,90,38.3772967145249
29.3994472172757,4.22166300081608,49.6377929662281,-1.6,90,38.3245824178074
29.4274591834088,4.23329222293246,49.6801258884574,-1.6,90,38.2863702830182
29.4555823199583,4.22896581727135,49.7224155466301,-1.6,90,38.2647457228283
29.483710619334,4.22927427705236,49.7647082894006,-1.6,90,38.2255274092949
29.5118747643592,4.22367803533096,49.8069450697539,-1.6,90,38.2019822437933
29.5400352738838,4.23116560052874,49.8492567257592,-1.6,90,38.1618376532614
29.5682793077302,4.21871487282022,49.8914438744874,-1.6,90,38.1029043662921
29.5964736182706,4.21877981109827,49.9336316725984,-1.6,90,38.0605114626217
29.6247016073462,4.22153860650028,49.9758470586634,-1.6,90,38.036642255419
29.6529812379696,4.22035669972794,50.0180506256607,-1.6,90,37.9934254603079
29.6812860355878,4.23177279451733,50.0603683536059,-1.6,90,37.9287740373971
29.7097005170303,4.23924482329354,50.1027608018388,-1.6,90,37.8834590954193
29.7381983263206,4.23426849091037,50.1451034867479,-1.6,90,37.8593811342216
29.7666957150846,4.22168599749734,50.1873203467229,-1.6,90,37.8513022793218
29.7951411930178,4.22189685362205,50.2295393152591,-1.6,90,37.8220188914255
29.8236207232549,4.22306668150993,50.2717699820742,-1.6,90,37.7765915088747
29.8521406972718,4.22686854990734,50.3140386675733,-1.6,90,37.7130405527576
29.8807188543741,4.22271331508974,50.3562658007242,-1.6,90,37.6222489748864
29.9093012989202,4.2260579021753,50.3985263797459,-1.6,90,37.5472497835915
29.937938693057,4.23714208219873,50.4408978005679,-1.6,90,37.4969815334084
29.9666835557949,4.23339896113695,50.4832317901793,-1.6,90,37.4730908972988
29.9954352895932,4.22035535643627,50.5254353437436,-1.6,90,37.4701588453339
30.0241304450512,4.21956193721318,50.5676309631158,-1.6,90,37.441069636916
30.0528520650253,4.22531213626936,50.6098840844785,-1.6,90,37.3909622268733
30.0816446551505,4.23751184520087,50.6522592029305,-1.6,90,37.3179977783558
30.1105522756465,4.23601549554616,50.6946193578859,-1.6,90,37.2132686345127
30.1394815233476,4.23543058292751,50.7369736637152,-1.6,90,37.1295141547953
30.1684385077663,4.22730226265413,50.7792466863417,-1.6,90,37.0753684714368
30.1973714669767,4.2238680559603,50.8214853669013,-1.6,90,37.0522149150923
30.2263123091572,4.23811272440519,50.8638664941454,-1.6,90,37.05443420019
30.2553821953499,4.22049688024676,50.9060714629479,-1.6,90,37.0489365742603
30.2843624618596,4.2348143187105,50.948419606135,-1.6,90,37.0169141609475
30.313472253661,4.23736803484732,50.9907932864834,-1.6,90,36.9635969511242
30.3426308045064,4.22859420304827,51.0330792285139,-1.6,90,36.8873689304415
30.3717600080608,4.23772461077046,51.0754564746216,-1.6,90,36.7795642770102
30.4009831143459,4.21940516319942,51.1176505262536,-1.6,90,36.6243515537372
30.4301106413324,4.23544608702878,51.1600049871239,-1.6,90,36.4881730095537
30.4593796728969,4.22027093088056,51.2022076964327,-1.6,90,36.386618681477
30.4885744117921,4.22210695835892,51.2444287660163,-1.6,90,36.3276883987369
30.5178123043107,4.22877045508488,51.2867164705672,-1.6,90,36.3122294105823
30.54712678476,4.22085764357924,51.3289250470029,-1.6,90,36.334162947631
30.5764167071825,4.2349093409133,51.3712741404121,-1.6,90,36.3481998407043
30.6058344692081,4.226013174976,51.4135342721618,-1.6,90,36.3543703425285
30.6352206319886,4.22488887929399,51.4557831609548,-1.6,90,36.352683829414
30.664629044189,4.22232511040238,51.4980064120588,-1.6,90,36.3205282580796
30.6940495603058,4.23627513572977,51.5403691634161,-1.6,90,36.2633634257146
30.72359728065,4.2382869146749,51.5827520325629,-1.6,90,36.1798057978777
30.7531890198819,4.22344445175391,51.6249864770804,-1.6,90,36.1119563101276
30.7827068796507,4.22218111501163,51.6672082882305,-1.6,90,36.060758616337
30.8122455096658,4.23261703075533,51.7095344585381,-1.6,90,36.0267702582958
30.8418867696959,4.23731223049061,51.751907580843,-1.6,90,36.0102119126424
30.8715905306054,4.23642055303127,51.7942717863733,-1.6,90,36.0109593815259
30.9013175826053,4.22054622060186,51.8364772485793,-1.6,90,36.0098510710343
30.9309625323559,4.22156203224,51.8786928689017,-1.6,90,36.025447338393
30.9606437768653,4.23940405152304,51.9210869094169,-1.6,90,36.0388200128005
30.9904797302063,4.2247458055107,51.963334367472,-1.6,90,36.049998472535
31.0202416119521,4.21968053986175,52.0055311728707,-1.6,90,36.0589528055099
31.0499967144219,4.2192267959845,52.0477234408305,-1.6,90,36.065698682276
31.0797774161139,4.23463087705974,52.0900697496011,-1.6,90,36.0702482587838
31.109695716807,4.22662252179399,52.132335974819,-1.6,90,36.07263547209
31.1395861967899,4.22982272788111,52.1746342020979,-1.6,90,36.0728275232655
31.1695279905941,4.22903293418864,52.2169245314397,-1.6,90,36.0708490544798
31.199492796028,4.22914384588321,52.2592159698986,-1.6,90,36.1136877330359
31.2294869058172,4.23436522639532,52.3015596221625,-1.6,90,36.1540972187219
31.2595465363213,4.23022122931493,52.3438618344557,-1.6,90,36.1920497119038
31.2896051319021,4.2197313826717,52.3860591482824,-1.6,90,36.2274944180958
31.319617372515,4.23152990186344,52.428374447301,-1.6,90,36.2603894065984
31.3497417127938,4.22750401555884,52.4706494874566,-1.6,90,36.2907159385244
31.3798654951012,4.23482716985676,52.5129977591552,-1.6,90,36.3184153145992
31.4100695407045,4.23188660181106,52.5553166251733,-1.6,90,36.3434472406162
31.4402806084294,4.22960751268124,52.5976127003001,-1.6,90,36.3657582211009
31.4705032882016,4.22133195464596,52.6398260198466,-1.6,90,36.3852991535687
31.5006945479771,4.22465147270571,52.6820725345736,-1.6,90,36.402020356129
31.5309371880498,4.23678761027409,52.7244404106764,-1.6,90,36.4158635765954
31.5612943951329,4.22897735442547,52.7667301842206,-1.6,90,36.4267597562743
31.5916232131915,4.22772213647154,52.8090074055853,-1.6,90,36.4346596977581
31.6219704848849,4.23514598834956,52.8513588654688,-1.6,90,36.43949442728
31.6523984908782,4.22588172122559,52.8936176826811,-1.6,90,36.4411825766422
31.6827872363565,4.22719675390947,52.9358896502202,-1.6,90,36.4396755503213
31.7132126426358,4.23710199689207,52.9782606701891,-1.6,90,36.4572706763902
31.743736567914,4.23369170594003,53.0205975872485,-1.6,90,36.4663904979157
31.7742630718099,4.23235283717987,53.0629211156203,-1.6,90,36.4669103869666
31.8048069662779,4.22534209681624,53.1051745365885,-1.6,90,36.4586634734627
31.8353271611727,4.23592400226846,53.1475337766111,-1.6,90,36.4471521890002
31.8659506869642,4.22393734364407,53.1897731500476,-1.6,90,36.4170746890161
31.8965142942087,4.22153566642369,53.2319885067118,-1.6,90,36.3795492807941
31.9270871248012,4.23059516746067,53.2742944583864,-1.6,90,36.339209234326
31.9577521681986,4.22841518654469,53.3165786102519,-1.6,90,36.294284945196
31.9884279445865,4.22862455514073,53.3588648558033,-1.6,90,36.2367780281891
32.0191316931069,4.23360854850709,53.4012009412884,-1.6,90,36.176726887284
32.0498980545383,4.22164457462466,53.4434173870346,-1.6,90,36.1220949583229
32.0806037241401,4.23595522443259,53.4857769392789,-1.6,90,36.0741130542097
32.1114397536721,4.22176252821163,53.527994564561,-1.6,90,36.027059632639
32.1421985762813,4.22375754526357,53.5702321400137,-1.6,90,35.9686508791733
32.1729979440234,4.22055591452626,53.6124376991589,-1.6,90,35.8794555945302
32.203799877605,4.22560225577824,53.6546937217167,-1.6,90,35.7710598875716
32.2346645139031,4.22859286340424,53.6969796503508,-1.6,90,35.6623779407091
32.2655768369181,4.22296467313616,53.7392092970821,-1.6,90,35.565955629665
32.2964737423647,4.23974568261747,53.7816067539083,-1.6,90,35.4877766895073
