5.09293031728478,35.4924561583894,35.4924561583894,35.4924561583894,22
5.08526403901008,34.0749209063819,34.9897132864496,28.5549470782213,22
5.08578104757503,34.146982712831,34.9899991085779,28.5548740431297,4
5.08655640618373,34.214746128535,34.9904277623039,28.5547642838439,4
5.08758795702331,34.2782363688283,34.9909980616142,28.5546178331852,4
5.08887727193184,34.3374803905874,34.9917108847235,28.5544341050372,4
5.09042529283782,34.3925018313608,34.9925667639655,28.5542125092434,4
5.09222714239739,34.4433161911101,34.9935630164912,28.5539532011972,4
5.09427952323596,34.4899389361483,34.9946978349387,28.5536560330885,4
5.09659110700576,34.5323944943692,34.9959760323005,28.5533190309947,4
5.09916203424735,34.5706965209256,34.9973977071052,28.5529413519507,4
5.10198928907152,34.6048539957333,34.9989612146341,28.5525225289502,4
5.10507249999641,34.6348763710384,35.0006663745991,28.5520616215524,4
5.10840787105692,34.6607686409458,35.0025111148402,28.5515581197674,4
5.11199093349707,34.6825339559415,35.0044929926871,28.5510115503462,4
5.11582719595141,34.7001807853326,35.0066150862631,28.5504198347328,4
5.11990873398663,34.713706534153,35.0088730451958,28.5497828757791,4
5.12423120488102,34.7231100305163,35.0112645014564,28.5490999795226,4
5.12880199796619,34.7283952759292,35.0137935799853,28.5483685134362,4
5.13361193781032,34.7295549542198,35.0164552425193,28.5475884018288,4
5.13867648107432,34.7265928002748,35.0192580834963,28.5467554867133,4
5.14399696216525,34.7102113648955,35.022202886247,28.5458677501909,4
5.14955576097594,34.665674132172,35.0252799438546,28.5449263017306,4
5.1553463868886,34.6207243998414,35.0284857087313,28.5439304160284,4
5.16137253290065,34.5900452682832,35.0318222722686,28.5428775637397,4
5.16765451595797,34.582151913207,35.03530093493,28.5417621176337,4
5.17416803383487,34.5995417672629,35.03890829226,28.5405862452538,4
5.18092176340795,34.6163906551466,35.042649202967,28.5393462155493,4
5.1879305046086,34.6327115542411,35.0465319227172,28.5380369504001,4
5.19518102730819,34.648511135344,35.0505491824723,28.5366584613291,4
5.2026618898642,34.663795717413,35.0546947020095,28.5352104974146,4
5.21038926672645,34.6785786560002,35.0589775061399,28.5336873904275,4
5.21836646357852,34.692870358706,35.0633994933255,28.532085756794,4
5.2265890983018,34.7066789767435,35.0679583027118,28.5304036554045,4
5.23504674760655,34.7200104017117,35.07264822363,28.5286403890831,4
5.24373372501041,34.7328714792225,35.0774661706354,28.526794320096,4
5.25267024564643,34.7452777579168,35.0824234272716,28.5248581520717,4
5.26185646912162,34.7572385431645,35.0875201590912,28.5228286280705,4
5.2712909260631,34.7687624758586,35.092755629776,28.5207027587126,4
5.28096353370695,34.7798546908451,35.0981243232061,28.5184794798591,4
5.2908668336538,34.7905207858314,35.1036221778195,28.5161571945477,4
5.30098007481324,34.8007603476147,35.1092377486931,28.5137375675751,4
5.31131012666004,34.8105837286174,35.1149749245607,28.5112157721235,4
5.32185469646212,34.8199975347986,35.1208325087493,28.5085890719713,4
5.33260668554835,34.8290060094728,35.1268066344109,28.5058559303518,4
5.34358145440818,34.8376235807516,35.1329059158639,28.5030089936987,4
5.3547749558286,34.8458560461152,35.1391281871266,28.5000456907751,4
5.36621076792999,34.853722721955,35.145486643604,28.4969559108469,4
5.37789248996487,34.8612339165155,35.1519833824515,28.4937344905544,4
5.38982496040408,34.8609020261177,35.1586211942045,28.4903757254606,22
5.40196696216215,34.8741140553391,35.1653772446802,28.4868870562545,22
5.41433590928465,34.8793860549485,35.1722613142852,28.4832594310264,22
5.42690635958236,34.8841951267489,35.179259333612,28.4794962470599,22
5.43971094312422,34.8885481800412,35.1863895617878,28.4755835138975,22
5.45272842020915,34.8924257118265,35.1936402693971,28.4715233008105,22
5.46598195634063,34.8958288288028,35.2010244595938,28.4673038432287,22
5.47947504287066,34.89874882258,35.2085441853768,28.4629191275744,22
5.49317806840768,34.901163086402,35.2161830477795,28.4583740271745,22
5.50713638463993,34.9030802430995,35.2239664374386,28.4536484829264,22
5.52131808409805,34.904476728512,35.2318766761616,28.4487480315049,22
5.53574314772157,34.9053496859612,35.2399250217957,28.4436605112294,22
5.55037247708086,34.9056742473849,35.2480897695797,28.4383945507815,22
5.56521323743772,34.9054432603066,35.256375021959,28.4329426553228,22
5.58030217909463,34.8872533849478,35.2648014119104,28.4272858145185,22
5.5956505138156,34.8416165747025,35.2733753309592,28.4214136472567,22
5.61119397175771,34.7529231145111,35.2820609948619,28.415345052872,22
5.62695194800367,34.6762511863184,35.2908693495372,28.4090671853675,22
5.64289001630882,34.6269912511054,35.299781256678,28.4025885703245,22
5.65902342440313,34.6142277039586,35.308805343357,28.3958979590265,22
5.67540816896189,34.640911790843,35.3179730529523,28.3889660942998,22
5.69202546741699,34.667202527589,35.3272740102452,28.3817942945646,22
5.70889003451613,34.69310848189,35.3367165861595,28.3743694934052,22
5.7260140498661,34.7186387589666,35.3463077446128,28.3666791168587,22
5.74332692875028,34.7437984926124,35.3560080803819,28.3587482892117,22
5.76082970940442,34.7685941768854,35.3658182853699,28.3505707799792,22
5.7785234215763,34.7930323231349,35.3757390486405,28.3421402230887,22
5.79638279688607,34.8171522311478,35.385793835097,28.3336793884239,22
5.81439872318698,34.8413732911996,35.3964021491607,28.3276328772884,22
5.83265253365308,34.8652979697735,35.4071532725098,28.3213200002503,22
5.85115070399703,34.8889354851669,35.4180511228653,28.3147303714375,22
5.86984176216844,34.9122859145068,35.4290654707152,28.3078747362409,22
5.88872722987416,34.9353561051302,35.4401972962578,28.3007456071609,22
5.90780810313136,34.9581528468017,35.4514472711844,28.293335520319,22
5.92710278808921,34.9806863650422,35.4628263373603,28.2856297977924,22
5.94659975757231,35.0029614700226,35.4743277885396,28.2776252674075,22
5.96626603779555,35.024977717502,35.4859322550348,28.2693283113223,22
5.9860951074494,35.0467392442856,35.4976359616083,28.2607350863866,22
6.00616099577496,35.0682693259927,35.5094826919838,28.2518056325832,22
6.02643071554689,35.0895674812104,35.5214530707591,28.2425458929507,22
6.04692725459469,35.110646481831,35.5335607716804,28.2329366471898,22
6.06765447517203,35.1315148251248,35.5458081816992,28.2229667191006,22
6.08863950449126,35.1521877713687,35.5582114438113,28.2126129433995,22
6.10984391913481,35.1726623033849,35.5707479595853,28.2018841813633,22
6.13126521822589,35.1929447260598,35.5834163525655,28.1907721911063,22
6.15285443683023,35.2130264627262,35.59618775466,28.179293694649,22
6.1746258471929,35.2329175662612,35.6090706895825,28.1674329580773,22
6.19657179323098,35.2526212553685,35.622060709652,28.1551857440225,22
6.21870007960769,35.2721458008319,35.6351625174892,28.1425391472797,22
6.24102817004318,35.2915032490421,35.6483865429068,28.1294739799908,22
6.26360008506056,35.3107161566519,35.6617589638605,28.1159538432177,22
6.28640749691669,35.3297889810913,35.6752749630455,28.1019721394464,22
6.30936626425979,35.3486962503814,35.6888847691389,28.0875706233514,22
6.33254859447979,35.3674715703216,35.7026312752882,28.0726942546661,22
6.35591110403438,35.3861040600317,35.7164888532636,28.0573603348183,22
6.37951862328609,35.4046265014142,35.7304960606695,28.0415151040279,22
6.40332823326142,35.4230279256072,35.7446275415735,28.0251754683127,22
6.42738467186982,35.4413341528753,35.7589099591549,28.0082985551083,22
6.45158165636161,35.4595048937084,35.7732803063536,27.990947969598,22
6.47596220614065,35.4775642012421,35.7877642079214,27.9730831955805,22
6.50055128786202,35.4955293204023,35.8023765909093,27.9546744920975,22
6.52532411106718,35.5133946507035,35.8171028183467,27.9357287675927,22
6.55024389733475,35.5311477819125,35.8319211049965,27.9162638001896,22
6.57537445745039,35.548824863444,35.846869480584,27.8962185489531,22
6.60073920531769,35.5664439775358,35.8619619824928,27.8755607548484,22
6.62627550981115,35.5839797033783,35.8771614430348,27.8543285923132,22
6.65200739980079,35.6014497269265,35.8924822523544,27.8324900062407,22
6.67790821416266,35.6188455470569,35.9079086234322,27.8100554067027,22
6.70404396370851,35.6362079549547,35.9234799702579,27.7869541316112,22
6.73033193549542,35.6534980631174,35.939147106912,27.7632460164053,22
6.75680871369367,35.6707408568095,35.9549319166965,27.7388858018904,22
6.78349823582048,35.6879554038283,35.9708487678756,27.7138373106797,22
6.81044599911001,35.7051740451835,35.9869249112426,27.7477233302144,22
6.83764571902464,35.7224002774867,36.0031567268018,27.8225991998084,22
6.8650906665535,35.7396370542296,36.0195403242778,27.8976988457157,22
6.89269059784815,35.7568366340947,36.0360219279029,27.9727651344418,22
6.92053236099689,35.7740565716059,36.0526534951045,28.048024048915,22
6.94851245666286,35.7912392269879,36.0693732893012,28.1231859070013,22
6.97663875862278,35.8083934964442,36.0861860763094,28.1982642635717,22
7.00495431743145,35.8255509186303,36.1031176656324,28.2733650569333,4
7.03347741417693,35.8427284433689,36.1201790822423,28.3485261189702,4
7.06220999828176,35.8599329128071,36.1373715915076,28.4237412835803,4
7.09107831859653,35.8771211766164,36.1546511406451,28.4988079335446,4
7.12011124534314,35.8943163283198,36.1720350733924,28.5737926582896,4
7.1492837551784,35.9115058996309,36.1895084702709,28.6486221522308,4
7.17864839239393,35.9287296863255,36.2071028750186,28.7234216837857,4
7.20821254547257,35.9459978433964,36.2248228035608,28.7981988412117,4
7.23800843696958,35.9633380757432,36.2426876696182,28.8730226802583,4
7.2679655646175,35.9807064073605,36.2606552899862,28.9477046037897,4
7.29808471633272,35.9981076292461,36.2787262035184,29.0222368020379,4
7.32841676933488,36.0155826633333,36.2969310168737,29.0967338460429,4
7.3589120714142,36.0331006240034,36.3152400105396,29.1710622866783,4
7.38963322757314,36.050711747205,36.3336908559021,29.2453626988182,4
7.42059683163749,36.0684338210996,36.3522936266133,29.3196607879347,4
7.451738017959,36.0862239616528,36.3710094437301,29.3937876732619,4
7.48303069647539,36.1040667724789,36.3898226904463,29.467670475811,4
7.5145366907251,36.1220132038343,36.4087706085597,29.5414432005092,4
7.54628396642973,36.14008975235,36.4278701167001,29.6151565640309,4
7.57825020448117,36.1582845422045,36.4471078880746,29.6887436024062,4
7.61036372208582,36.1765464117217,36.4664408536864,29.7620267674583,4
7.64273363112069,36.1949649481771,36.4859347822065,29.835241205722,4
7.67531804298434,36.213512351869,36.5055645480125,29.9082760815794,4
7.70806694560721,36.2321532021283,36.5253000938042,29.9810058042435,4
7.74102699064091,36.2509288203192,36.5451696025183,30.0535203924954,4
7.77412073070776,36.2697807024446,36.5651264446094,30.125636646506,4
7.80742824921166,36.288777438754,36.5852189716308,30.1975159948366,4
7.84094330574226,36.3079182472559,36.605443498391,30.2691293407656,4
7.87463715654276,36.3271834556017,36.6257827468573,30.3404005276938,4
7.9085192543336,36.3465845880575,36.6462424831583,30.4113352145904,4
7.94260244038423,36.3661361534447,36.6668305268372,30.4819450001088,4
7.97685549479781,36.3858156016181,36.6875280777191,30.5521502954386,4
8.01132980898113,36.4056699344411,36.7083662521059,30.6220406110258,4
8.04599957285211,36.4256810615725,36.7293295179073,30.691546690354,4
8.08080521218926,36.4458012538997,36.7503818949109,30.7605348052018,4
8.11586703695241,36.466137163621,36.7715962114207,30.8292268022744,4
8.15111223395769,36.4866296815372,36.7929284821314,30.8974614996536,4
8.18654113754815,36.5072821979931,36.814378956611,30.9652232419138,4
8.22102045712381,36.5311432502566,36.8365064421505,31.0267902971558,4
8.25516655662683,36.5564804461646,36.8589738300761,31.0851398260432,4
8.28948629210485,36.5819923241983,36.881547888609,31.1427181440386,4
8.32398569531338,36.6076856332079,36.904232352653,31.1995135500945,4
8.358663965544,36.633559827434,36.9270264568683,31.2555022586193,4
8.39350032465968,36.6595932407364,36.9499163078449,31.3106288800143,4
8.42853128351892,36.6858242009191,36.9729256496478,31.3649281704997,4
8.4637862946987,36.7122834862381,36.9960735526962,31.418419085181,4
8.49921787410113,36.7389209160583,37.019328565879,31.4710032643104,4
8.53483604326901,36.7657465203971,37.0426970015366,31.5226706265158,4
8.57059078853119,36.7927072165211,37.0661457919864,31.5733252146274,4
8.60655488453577,36.8198785265627,37.0897223961677,31.6230450768995,4
8.64266013448655,36.8471880619727,37.1133818320855,31.671710152845,4
8.67892594337739,36.8746551181363,37.137136555525,31.7193228440736,4
8.71535591376176,36.9022822623432,37.1609886520876,31.7658624211048,4
8.75197909741713,36.9300983829369,37.1849568501832,31.8113382533128,4
8.7887747817535,36.9580802642468,37.2090272925346,31.8556958419915,4
8.82570485335476,36.9861866432312,37.2331747652843,31.8988630769983,4
8.86285124258037,37.014500620935,37.2574525342048,31.9409065470832,4
8.90013756294033,37.0429409743159,37.2818103615565,31.9817096841968,4
8.93762007760885,37.0715635805192,37.3062846917582,32.0213044027331,4
8.97528533451424,37.1003519797001,37.3308664053,32.059643710103,4
9.01307679013973,37.129245655806,37.3555182916445,32.096640607969,4
9.05103990804367,37.158288573167,37.3802696993125,32.1323101228206,4
9.08919531268865,37.1874986655673,37.4051337291698,32.1666375133369,4
9.12756834191829,37.2168980842578,37.4301265170464,32.1996078507,4
9.16618138386102,37.2465053256809,37.4552622370504,32.2311987843875,4
9.20500762523626,37.2762889595413,37.4805230214651,32.2613460306272,4
9.24402505906681,37.3062225743289,37.5058941572681,32.2899921718272,4
9.2832183905818,37.3362866057175,37.5313653171497,32.3170870168835,4
9.32258551604198,37.3664745762602,37.5569347550787,32.3425902801496,4
9.36215895184267,37.3968136938413,37.5826231882279,32.3664811662953,4
9.40195431305835,37.4273137051026,37.6084403152913,32.388722899795,4
9.44193961048056,37.4579377271438,37.6343649473544,32.4092512691253,4
9.48205587404647,37.4886236034299,37.6603584615742,32.427994698619,4
9.52241051014905,37.5194688062199,37.6864900269848,32.4449574927343,4
9.56295415417807,37.5504195439966,37.7127272092835,32.4600676191283,4
9.60363625979546,37.5814221099113,37.7390368843243,32.4732607304986,4
9.64454865148802,37.6125561892941,37.7654779890347,32.4845167040261,4
9.68569273317256,37.6438150993947,37.7920509153429,32.493777580337,4
9.72706046643539,37.6751831525866,37.818749950936,32.5009819308071,4
9.76856142617798,37.7065703790689,37.8455162711723,32.5060602139724,4
9.81018589100719,37.7379959105131,37.8723550031432,32.5088505496707,4
9.851855529811,37.7694887317162,37.8992521281077,32.5089338931307,4
9.89373123985395,37.8010410872182,37.9262616007006,32.5067217428105,4
9.93581621438757,37.8326464281757,37.9533849313884,32.5021479264719,4
9.97814534262972,37.8643247818765,37.9806440181569,32.4951371763471,4
10.0206949561179,37.896044901618,38.0080230122021,32.4856185262645,4
10.0634091340389,37.9277494237998,38.0354853760453,32.4735340599585,4
10.1063013444323,37.9594400944089,38.0630392390378,32.4588108811303,4
10.1493301896734,37.9910734837082,38.0906574926327,32.4413942507247,4
10.1925990159718,38.0227227956464,38.1184058961873,32.4211650093554,4
10.2360941243655,38.0543642517842,38.146275006498,32.3980407907643,4
10.2797851179045,38.0859615542835,38.1742447151466,32.4708884046371,4
10.3236599111645,38.117493447017,38.2023066799108,32.6050108138912,4
10.3677619067888,38.148979946927,38.230488018034,32.7373512310317,4
10.4120394939176,38.1803694318474,38.2587551044377,32.8677290833431,4
10.4565384823378,38.2116819295374,38.2871365334978,32.9962531986244,4
10.5012757376618,38.2429142150646,38.3156423430616,33.1229400542227,4
10.5461502182099,38.2739817856921,38.344207499269,33.2474775199025,4
10.5912690906889,38.3049436419783,38.3728995516164,33.3701355843655,4
10.6366320457695,38.3357821747592,38.4017175218479,33.4908759481215,4
10.6822016894266,38.3664560549929,38.4306368965902,33.6095638486387,4
10.7280125956219,38.3969697701128,38.4596788493321,33.7262533302629,4
10.774036348241,38.4272877018186,38.488824579134,33.8408344389116,4
10.8202176652159,38.457360490922,38.5180383641629,33.9531381581234,4
10.8666070679792,38.4872007961559,38.5473514448531,34.0632553262205,4
10.9131395188545,38.5167555760604,38.5767220109051,34.1709997504122,4
10.9598085963706,38.5460064635346,38.6061453622458,34.2763299410381,4
11.0067196920192,38.5749900762924,38.6356871815695,34.3794473517944,4
11.0538228115658,38.603660935563,38.6653151502794,34.4801996102021,4
11.1011000166037,38.6319915857315,38.6950172130469,34.5785106709667,4
11.1485074142887,38.6599446153093,38.7247650815688,34.67425591279,4
11.1960595384437,38.6875096349294,38.7545671878535,34.7674327887444,4
11.243746047217,38.7146651234675,38.7844163494362,34.8579875580672,4
11.2915917305141,38.7414026551352,38.8143273567993,34.9459312605451,4
11.3396701530454,38.7677272831295,38.8443453454223,35.0313527341208,4
11.3879691974364,38.7936100127074,38.8744618089303,35.1141769141352,4
11.4385293372786,38.8192110639862,38.9047741003642,35.2025753633547,4
11.489773851994,38.8445737828915,38.9352271118106,35.2906559748149,4
11.5412545302738,38.8696638390159,38.9658132658146,35.3765635533582,4
11.5928720281509,38.8944386711065,38.9964731226328,35.4600870440294,4
11.644634018428,38.9188844894765,39.0272108341995,35.5411992435118,4
11.6965802724749,38.9429925574616,39.0580495927013,35.6199179141332,4
11.7487478146439,38.9667501897989,39.0890109244976,35.696247200352,4
11.8011338092504,38.9901353200514,39.1200926728636,35.7701267078871,4
11.8537568303384,39.0131281936881,39.1513053680154,35.841523404063,4
11.9065465400107,39.0356973310195,39.1826068022705,35.9102850355646,4
11.9595259843975,39.0578245264181,39.2140101554862,35.9763868797696,4
12.0126828795234,39.0794867693722,39.2455076472801,36.0397562061387,4
12.0660589450558,39.1006637563772,39.2771234783553,36.1003809723164,4
12.1196254896975,39.1213294663469,39.3088401183232,36.1581636868921,4
12.1733224559222,39.141459991029,39.3406214899994,36.212980221561,4
12.227277127264,39.1610310384408,39.372542375675,36.2648931685182,4
12.2813933730372,39.1800173362011,39.40454532643,36.3137376618394,4
12.3356462644874,39.1983967267925,39.4366150579065,36.3594272861311,4
12.3900912425626,39.216140562553,39.4687837773156,36.4019396955383,4
12.4447870133001,39.2332133684752,39.5010855477217,36.4412385334211,4
12.4996742037727,39.2495912329314,39.5334846680516,36.4771960810547,4
12.5548022326875,39.2652355687355,39.5660096617702,36.5097574592128,4
12.6100787813998,39.2801317317719,39.598605419566,36.5387818979546,4
12.6655827433823,39.2942331022166,39.6313178137595,36.5642225762754,4
12.7212307014332,39.3075272857475,39.6640970200751,36.5859501125228,4
12.7771200477298,39.3199561556249,39.6969997253303,36.6039062676772,4
12.8331776572241,39.3315057466173,39.7299821722903,36.6179649253599,4
12.8894547548738,39.3421247159752,39.7630737886255,36.6280344278711,4
12.9459308193097,39.351782760835,39.796261765023,36.6339989059436,4
13.0026277891904,39.3604328383856,39.8295582345295,36.6357435438805,4
13.0594830675649,39.3680631938683,39.8629256845729,36.6331489227434,4
13.1164868843182,39.3746431211484,39.8963576581193,36.6261012534936,4
13.1737374553293,39.3800844667536,39.9299109671065,36.6144583691128,4
13.2311402447236,39.384394136847,39.9635293983602,36.5981031608417,4
13.2887984000471,39.3874711482517,39.997272530936,36.5768623095125,4
13.3467002833862,39.3892720818839,40.0311326468107,36.5505776023837,4
13.4047561666564,39.3898073297202,40.0650564165182,36.519132673593,4
13.4630690436731,39.3889599399486,40.0991031376936,36.4823048256577,4
13.5215971015212,39.5055788902544,40.1332474517369,36.439936611141,4
13.5803620388666,39.6167913857549,40.1675010662593,35.7033397116939,4
13.6393566544286,39.7226895762758,40.20185880225,35.9123854371535,4
13.6985630248702,39.823364974168,40.236309239081,36.1168607894572,4
13.7580250771274,39.9188796765929,40.2708769135908,36.3169092340802,4
13.8178078559821,40.0099583977905,40.3055017139904,36.5114717099266,4
13.8780401715575,40.0971899771953,40.3401477641024,36.6997510022213,4
13.9385239514429,40.179055766786,40.3749270435939,36.8841394491443,4
13.9992417092817,40.2556360299839,40.4098287575744,37.0645520976237,4
14.0601881387378,40.327004030738,40.4448491028964,37.2409410465891,4
14.1213677870928,40.3932304160375,40.4799899199133,37.4132842656965,4
14.1827289328112,40.4543725092046,40.5152207244045,37.5814031623612,4
14.2442260183244,40.5104717154578,40.5505145999196,37.7451481138432,4
14.3058974063988,40.5615846679869,40.5858927905531,37.9045941244539,4
14.3677062409509,40.6077439529043,40.6213333647207,38.059615411674,4
14.4297286410533,40.6490279719001,40.6568791466117,38.210364632034,4
14.4919753992859,40.6854972837776,40.6925354445778,38.3568163814018,4
14.5544363577456,40.7171998529526,40.7282955415925,38.4988916849058,4
14.6171037151027,40.7441806324324,40.764154059845,38.6365163960232,4
14.6799453786273,40.7664604225246,40.8000917228748,38.7695648601199,4
14.7429651866804,40.7840810573043,40.8361098071861,38.897989856181,4
14.8061477531731,40.7970650375304,40.8721985875422,39.0217024905063,4
14.8695864679104,40.805544180905,40.9084104126802,39.1408150070442,4
14.9332425784418,40.8095273461429,40.944722115196,39.25517351156,4
14.9970435549843,40.8089684958664,40.9810913155632,39.3645760843921,4
15.06110124441,40.8365329869153,41.0175807195193,39.4691339340173,4
15.1253516565249,40.8641937057206,41.0541527722697,39.5686517969985,4
15.189806628538,40.891985453517,41.0908131165232,39.6630591681573,4
15.254478064184,40.9199437118472,41.1275673883497,39.7522769631659,4
15.319282436334,40.9479786738213,41.164367008789,39.8360977924666,4
15.3842904175201,40.9762002320177,41.2012509879388,39.91451761504,4
15.4494637280857,41.0045755122481,41.2381964399872,39.9873854410482,4
15.514781586856,41.0330926056747,41.275190439622,40.0545756720379,4
15.5803093732763,41.0618575301808,41.3122688143586,40.1160415759534,4
15.6460079979884,41.0908335548773,41.349408200391,40.1716229313693,4
15.7119609272696,41.1201551779274,41.3866544731402,40.2212540927125,4
15.7781675462337,41.1498409271475,41.4240058789415,40.2647795566001,4
15.8445108021865,41.1797395871626,41.4613950478125,40.3019766200376,4
15.9110621712807,41.2099689695222,41.4988609429498,40.3327385077621,4
15.977747992348,41.240435652058,41.5363607556827,40.3568767559228,4
16.0446796003995,41.2713181743166,41.5739556914708,40.3742628771488,4
16.1118565802218,41.3026320863637,41.6116439786045,40.3847013964978,4
16.1792910056067,41.3344111938297,41.6494308071297,40.3879862492024,4
16.2469837856965,41.366672022518,41.6873150548053,40.383895833641,4
16.3149047618463,41.3993823403117,41.7252782077094,40.3722026684638,4
16.3830657987651,41.4325731152948,41.7633252472183,40.3526651663863,4
16.4514098507622,41.4661671575859,41.8014226984237,40.3250538785427,4
16.5199838081845,41.5002479502966,41.8395950467445,40.2890907459831,4
16.588805079875,41.5348533103638,41.8778502217852,40.2444793738256,4
16.6577653021704,41.5698205020832,41.9161263034324,40.1910018945918,4
16.7269496405732,41.6052921685775,41.9544688747165,40.1282894792196,4
16.7962730133171,41.6411391779176,41.9928290661143,40.0560961606862,4
16.8658381424002,41.6775323753568,42.0312619479621,39.9739654657802,4
16.9356019088665,41.71440818883,42.0697418161853,39.8815612026598,4
17.0055563689012,41.7517582869306,42.1082624417264,39.7784897452722,4
17.0757296351589,41.7896320684965,42.1468373958005,39.6642701907321,4
17.1461297041152,41.8280456338927,42.185469078335,39.5384070826222,4
17.2167841967675,41.8670462659683,42.2241705600188,39.4003207367351,4
17.2876007017216,41.9064838007049,42.2628891944526,39.6252262483628,4
17.3586477740704,41.9464702160369,42.3016604358778,39.8760567128018,4
17.4299168372328,41.9869903362183,42.3404774463072,40.1172869164895,4
17.5013444869344,42.0279379269116,42.3793036120711,40.3487732192802,4
17.5730222456951,42.0694597216415,42.4181865192706,40.5708603815927,4
17.6448602516468,42.1114040285875,42.4570752187355,40.7833016751427,4
17.7168650007906,42.153776228675,42.4959711305783,40.9861502073451,4
17.7890646805048,42.1966160637379,42.5348872911044,41.1794969852817,4
17.8615030750241,42.2399871903238,42.5738449451277,41.3634413983866,4
17.9340936249651,42.2837399132846,42.6127952244704,41.5377405764044,4
18.0069075570333,42.3279800999646,42.6517740209382,41.7025317966488,4
18.0799618947963,42.3727235201066,42.6907879146257,41.8577878449019,4
18.1531690094775,42.4178165922615,42.7297876701585,42.0032576874893,4
18.2265765747513,42.463322680671,42.7687962861324,42.1389658461398,4
18.3001488283601,42.5091703262804,42.8077922998084,42.2647597811627,4
18.3739244050761,42.5554051899942,42.8467936859233,42.3806045907518,4
18.4478562772001,42.6019364584737,42.8857730605003,42.4863130806986,4
18.5219973144927,42.648828873434,42.9247557240017,42.5818317313932,4
18.5962835143347,42.6959640270927,42.9637054371343,42.6669364511237,4
18.6707327711479,42.7433502070175,43.0026290598965,42.7415006098021,4
18.7454417373006,42.7911119737183,43.0415743041864,42.8054329523224,4
18.8203675778665,42.8391589203759,43.0805158514938,42.8584797297209,4
18.8955401588512,42.8875086933348,43.1194662156278,42.9004293728999,4
18.9709582549735,42.9361300601654,43.1584216347715,42.9310224010852,4
19.0465940289843,42.9849520685434,43.1973646233491,42.9499744065638,4
19.1224027307999,43.0338805220715,43.2362691671284,42.9569959019997,4
19.198394399512,43.0828995892548,43.2751374897337,42.9517944885983,4
19.2745636387778,43.1319701367208,43.3139638501674,42.9340512010733,4
19.3509383823598,43.1810967981602,43.3527594049602,42.9034074803372,4
19.4275461010587,43.2302793686101,43.3915348321615,42.8594562747555,4
19.504406938672,43.2795036824838,43.4302968709446,42.801744180971,4
19.5814167965489,43.3285951250954,43.4689897491427,42.7298934694781,4
19.6586593799647,43.3776201982601,43.5076522600859,42.6433358699273,4
19.7361452464463,43.426546267391,43.5462861064664,42.5414984870926,4
19.8138511335373,43.4752980184384,43.5848760917825,42.4238042621619,4
19.8917313399968,43.5237758068235,43.6233960769365,42.2896801012999,4
19.9697433158082,43.5718879136995,43.6618217974722,42.1385239377326,4
20.0479503952341,43.6196598717489,43.7001811269836,41.9694632304801,4
20.1263393556729,43.6670280613044,43.7384640599062,41.7816825819633,4
20.2049318127008,43.7139636843703,43.7766775601318,41.5741938179,4
20.2837514228016,43.7604348988536,43.8148293430854,41.3458779369615,4
20.3627897471809,43.8063750343724,43.8529114357256,41.3322030019947,4
20.4419838943408,43.851669600847,43.8908898367072,41.6549250408365,4
20.5213979462764,43.8963177395618,43.9287915273511,41.9595478645374,4
20.600965704474,43.9402041016424,43.9665811269436,42.2462093073036,4
20.6807480343356,43.9833167339698,44.0042837285215,42.5154593744745,4
20.760713593639,44.0255673832493,44.0418805565499,42.7674554237865,4
20.8409351223589,44.0669381947443,44.0794016454257,43.0026237891455,4
20.9214121301974,44.1073518845378,44.1168422794629,43.2210881840529,4
21.0020307191382,44.146668250849,44.1541453560121,43.4226563885825,4
21.0828224585101,44.1848388837148,44.1913216356602,43.6075073138544,4
21.1638250407953,44.221809502692,44.2283843071257,43.7757635066937,4
21.2449734259805,44.2574775848715,44.2652995191883,43.9272948088728,4
21.3262632327009,44.291772340747,44.3020614216426,44.0620808383671,4
21.4077148738046,44.3246285853582,44.3386752884514,44.1800998777917,4
21.4893345648148,44.3559717886957,44.3751398100338,44.2812590127729,4
21.5710865295767,44.3857186123232,44.4114349846918,44.3653831914063,4
21.6530346061975,44.4137992360029,44.4475849801729,44.4323598843212,4
21.735194656571,44.4401254465986,44.4835922378846,44.481958689462,4
21.8175961586126,44.4646013988077,44.519464874385,44.5138977057826,4
21.9001907313404,44.487131300049,44.5551770566568,44.5278206377086,4
21.98301833667,44.5076115002092,44.5907412783985,44.5233527148506,4
22.0660362694481,44.5259475716464,44.6261343821239,44.5000658626579,4
22.1491988455336,44.5420558842087,44.6613324308861,44.4575193298634,4
22.2325396708639,44.5558295339227,44.69634520609,44.3951892883095,4
22.3160219128666,44.5671850153504,44.731152772589,44.3125355316422,4
22.3996860778791,44.5760018481274,44.7657675048801,44.20887989324,4
22.4836006967831,44.5821246790465,44.8002126749264,44.0833808071831,4
22.5677104238843,44.5854664383061,44.8344603713003,43.935270849002,4
22.6519683071541,44.5859481575994,44.8684867465118,43.7637240622661,4
22.7363976643593,44.5834380712168,44.9022965711355,43.5676829029716,4
22.8210073907874,44.623969792694,44.9358885640912,43.3459754683159,4
22.9057591468388,44.6637286305009,44.9692427791374,43.0974171214576,4
22.9907641381618,44.7026218907137,45.0023978398607,42.8201890271745,4
23.0759506509396,44.7407254576015,45.0353203856373,42.5128079837808,4
23.1612920632851,44.778071397449,45.0679952248766,42.1734614807303,4
23.2468176267529,44.814639340761,45.1004286086316,42.4868245225383,4
23.3325628312759,44.8504022273274,45.1326286582897,42.8609037971796,4
23.4185649217461,44.8853300215602,45.1646035773859,43.2071223937761,4
23.504781426278,44.9194637036708,45.1963317757914,43.5261749855253,4
23.5912490620823,44.9528340983733,45.2278555496961,43.8188202202476,4
23.6777900869993,44.9859798288809,45.2593129452054,44.0846289692563,4
23.7645191366078,45.0183532131301,45.2905039849292,44.3252456191319,4
23.8514504149096,45.0499388275586,45.321428279635,44.5410920668265,4
23.9385494485985,45.0807648869895,45.3520681558822,44.7323764784536,4
24.0258772831786,45.1107693514045,45.3824394878525,44.8994248015315,4
24.113422008614,45.1399559803299,45.412532203609,45.0423000742301,4
24.201214885409,45.1682857995876,45.4423509612875,45.1610496032102,4
24.289180164316,45.1958210579277,45.4718641833514,45.2555064086806,4
24.3773638871156,45.2225058577827,45.5010816202411,45.3255892116599,4
24.4657763711544,45.2483161363606,45.5300006090189,45.3710728698187,4
24.5544379051819,45.2732153270937,45.5586214742145,45.3916407067234,4
24.6433566623876,45.2971762735218,45.5869403209119,45.3868711699174,4
24.7324481253737,45.3202676196565,45.6149241617793,45.3562895338702,4
24.8217177016406,45.3424659813142,45.6425691213914,45.2993552906302,4
24.9111338915578,45.3637870348429,45.6698600314367,45.2154612103606,4
25.0007221834941,45.3841839131949,45.6967992875779,45.1038494571119,4
25.0904769396901,45.4036421046003,45.7233796678002,44.9636631455572,4
25.1803873266545,45.4221526486293,45.7495925418277,44.7939277635826,4
25.2705215711894,45.43961123738,45.7754519725239,44.5933406760645,4
25.360823528845,45.4560583747653,45.8009359291714,44.3606695188066,4
25.4513344861226,45.4714164346502,45.8260502329639,44.0942517898678,4
25.5420902875999,45.4856085012142,45.8507984386932,40.7150099496501,4
25.6330329022887,45.4986765442795,45.8751584762401,43.4524077695004,4
25.7241230807946,45.510643284223,45.8991142855717,43.0727979949598,4
25.8154570785265,45.5213457045688,45.9226852150943,42.6500505615238,4
25.9069220944119,45.5309068716145,45.9458363112888,42.887085291491,4
25.9985872059685,45.5391965199731,45.9685795431319,43.3200403023797,4
26.0904064440397,45.5462476121185,45.9908978250686,43.7137709160539,4
26.1824282835535,45.5519519217433,46.0127972470741,44.0702310760312,4
26.2746763704313,45.5562319032578,46.0342771983854,44.3909121084479,4
26.3671775025143,45.5589993240714,46.0553372912332,44.6770224576548,4
26.4598122359164,45.5604081763514,46.0759444284536,44.9291392374475,4
26.5526412303985,45.5603190384645,46.0961066742781,45.1482101230665,4
26.6457202717783,45.6184362302684,46.1158298106319,45.3349102426119,4
26.7389392347208,45.6741202380774,46.1350846139309,45.4894313235587,4
26.832299331874,45.7274312296137,46.1538663415288,45.6120960736016,4
26.9258005599664,45.7784295859547,46.1721700221718,45.7030834649392,4
27.0195505114931,45.8270203350399,46.1900109000329,45.7624871008442,4
27.1135200564616,45.8733196967481,46.207376992479,45.7901048332686,4
27.2077263982221,45.9173739400406,46.2242651551438,45.7856304946717,4
27.302143056552,45.9592480992792,46.2406320404941,45.7486372915584,4
27.3968184439012,45.9989142370846,46.2564477377349,45.6785108602012,4
27.4916623153633,46.0366189489649,46.2717544691486,45.5745505498852,4
27.5866442728432,46.0724464883339,46.2865424195541,45.4359568696895,4
27.6817672234432,46.1064386517404,46.3008074159006,45.2617256625245,4
27.777121540113,46.1385511823381,46.3145576306406,45.0504337992845,4
27.8726588469961,46.168885222928,46.3277803895474,44.8006705384806,4
27.9683597425367,46.197504872379,46.3404679451045,44.5107353189296,4
28.0643124851042,46.2243803374982,46.35262638222,44.1782435777787,4
28.1604603650218,46.249609653526,46.3642426701188,43.8008668930939,4
28.2567741264931,46.2732581526377,46.3753082413088,43.3757862527794,4
28.3532295812907,46.2953806586527,46.3858158197557,42.8996450180616,4
28.4498676872978,46.3159850562376,46.3957652846311,42.9470073009527,4
28.5466552042883,46.3351288852717,46.4051486282101,43.4303780469178,4
28.6435985809046,46.3528408956278,46.4139622001156,43.8645225761743,4
28.7407854798517,46.3691094789,46.4222089105533,44.2525281937765,4
28.8382121360041,46.3839783202367,46.4298826819822,44.5965275895915,4
28.9358031270155,46.3975183110067,46.4369726055138,44.8980540473616,4
29.0336110141859,46.4097389524994,46.4434778127434,45.1587423721539,4
29.1316241324617,46.4206782445042,46.4493925390811,45.3797127373622,4
29.2298407355369,46.4303680551597,46.4547118901817,45.5618630186346,4
29.3281938662726,46.4388551646791,46.4594281696766,45.7057803190605,4
29.4267449312837,46.4461473502586,46.4635403886794,45.812057411796,4
29.5254377599088,46.4522814809677,46.4670423092797,45.8809361374791,4
29.6243113658905,46.4572715657285,46.469931671967,45.912568159126,4
29.7233334364097,46.4611438191661,46.4722039183409,45.906880475839,4
29.8224936036588,46.4639172962388,46.473855693044,45.8636522274403,4
29.9217906346235,46.4656083619149,46.4748840653807,45.782482175636,4
30.0212513464908,46.4662322671664,46.4752862603317,45.6627363096258,4
30.1208495715454,46.4658053740964,46.475059213856,45.5036240659818,4
30.2206409300457,46.464901010399,46.4741996631028,45.3039868054092,4
30.3206311078097,46.4635695285377,46.4727039428075,45.0624474469997,4
30.4208586801298,46.4584000321706,46.4705675406714,44.7772212404518,4
30.521220099886,46.4539481295353,46.4677894531696,44.4466074357289,4
30.6218227401415,46.4535418434566,46.4643635682074,44.0678440123105,4
30.7226733573445,46.4501785940161,46.4602855330306,43.6379198364195,4
30.8236655584146,46.4429293562412,46.455556591132,43.1537679937361,4
30.9247971269064,46.4382405691202,46.4494081168354,42.7324931173585,4
31.0260284347482,46.4324306141208,46.4411285994431,43.2576317266271,4
31.1274393856702,46.4235932901167,46.4321947448837,43.7261971903932,4
31.2290245529387,46.4148623245425,46.4226058787564,44.1419031540918,4
31.3307486606828,46.4050978310906,46.4123646845037,44.5076968148774,4
31.4326172015413,46.3941004754459,46.4014703647045,44.8261591191152,4
31.5346182019766,46.3834088247479,46.3899241366501,45.0993613246616,4
31.6368766730934,46.3699562583284,46.377710849928,45.3292914838037,4
31.7393499013429,46.3563118359574,46.3648339634297,45.5171320044354,4
31.8419905054536,46.3454669996555,46.3512987582279,45.6638503956014,4
31.9448091827717,46.3301913320787,46.337103618839,45.7702868106093,4
32.0477577363354,46.3121873541754,46.3222554663812,45.8370082503944,4
32.1509178615414,46.2986552014631,46.3067426001998,45.8644515370556,4
32.2542761655499,46.286640728977,46.2905666131804,45.8527546461309,4
32.3578464644431,46.2630702775867,46.2737250480506,45.8018589344202,4
32.4615912018234,46.2341626329569,46.2562240630769,45.7115398943188,4
32.5655352164104,46.213010695225,46.2380597640124,45.5813348623989,4
32.6696549310583,46.202421229235,46.2192366825131,45.410615094202,4
32.7739742021281,46.1950135723136,46.1997510427156,45.1984488955557,4
32.8785196071275,46.1733244138315,46.1795980922882,44.9436003132177,4
32.9832050322788,46.1387304817783,46.1587953047378,44.6448409272411,4
33.0880418960383,46.10875589839,46.1373420746601,44.3004113707598,4
33.1930489457857,46.0906433529943,46.1152360813305,43.9081122465755,4
33.2982933504251,46.0813437452454,46.0924640667155,43.4650248877096,4
33.4037717200417,46.067780612424,46.0690272169489,42.9678709111046,4
33.5094557852486,46.0269134110153,46.0449326746106,42.7947963331137,4
33.6153652057244,45.9691824909841,46.0201770242293,43.2837826680777,4
33.7215123302458,45.9178511037702,45.9947583003239,43.7172571797575,4
33.8277978328732,45.8857992430956,45.968702081616,44.0984736363323,4
33.9342680298247,45.8756166574058,45.941999379765,44.4306553251612,4
34.0409285347964,45.8797284364207,45.9146508302271,44.716317633619,4
34.1477505222236,45.8730473718548,45.8866661803256,44.9574660750201,4
34.2547133081221,45.8576131502321,45.8580537308997,45.1558046282344,4
34.3618719113092,45.8062781483527,45.8288014732941,45.3128548333341,4
34.4692267325327,45.7311643967874,45.7989116648119,45.4297357265599,4
34.5757114611962,45.6592363644958,45.7654457033134,45.5057788809202,4
34.682230162647,45.6088235979595,45.7310107316255,45.5449144048153,4
34.7889982559591,45.5857644124414,45.6959951071481,45.5480061341414,4
34.8959751567705,45.5854220433258,45.6604159092547,45.5153759225545,4
35.0031242460555,45.5930856540231,45.6242897034579,45.4472366667611,4
35.1104475003653,45.5801374791844,45.5876205175699,45.343648447089,4
35.2179578418495,45.54267548727,45.5504085956523,45.2044946208516,4
35.3257029914407,45.4804661685489,45.5126417450579,45.0294169328699,4
35.4336173957965,45.4179679927898,45.4743474551624,44.8180636760556,4
35.5416645642587,45.3695750354031,45.4355439098503,44.569916667978,4
35.6498571204703,45.3396154135355,45.3962320097482,44.284170788236,4
35.7582638880028,45.3225012506213,45.356391716142,43.959604211534,4
35.8669256055217,45.3029370088802,45.3160124050159,43.5947424116354,4
35.9757964088929,45.2560814961849,45.2751155673238,43.1880933524083,4
36.0847983688795,45.1848420855406,45.233735730311,42.7380260478678,4
36.1939836703224,45.1145121161497,45.1918585339296,42.2420074615263,4
36.3033092662035,45.0602300983849,45.1495059204556,42.6183794308844,4
36.4128241160684,45.0266718814777,45.1066643588125,42.99549646515,4
36.522591347784,45.0082814078975,45.0633139963545,43.3273744342813,4
36.6325835972286,44.9897293122833,45.0194703361166,43.6165693714283,4
36.7427197032538,44.9460840404054,44.9751710700919,43.8651634662992,4
36.853109650782,44.8756822605349,44.9303771858001,44.075345652538,4
36.9637553948335,44.8035548290396,44.88509256484,44.2487180384202,4
37.0746544644417,44.7448464287645,44.8393229520564,44.3866373418495,4
37.1857877369429,44.7047558470203,44.7930811361482,44.4902446350766,4
37.297158989102,44.6786982965499,44.7463705669147,44.5605343686206,4
37.4087801886268,44.6525800654279,44.6991912124222,44.5983369965194,4
37.5206339443239,44.6029900331036,44.6515554801035,44.6043268853271,4
37.632724706307,44.5296745611008,44.6034666334514,44.5790572067207,4
37.7449754549878,44.4565500693368,44.5549632438881,44.5230041410197,4
37.8574412432262,44.3973945815102,44.5060271752162,44.4364900695941,4
37.970141453355,44.3558665054371,44.4566553295839,44.3197064173463,4
38.0829926365719,44.3257367326351,44.4068899033122,44.1728606172655,4
38.1949187177131,44.2889186943255,44.3557731459076,43.997798978622,4
38.3068423484086,44.2195557428826,44.3041824264587,43.7946491384957,4
38.4189673638388,44.1245028953145,44.2522474359157,43.5630469139595,4
38.5312552902227,44.0302180570813,44.1999917813779,43.3028311583954,4
38.6437727421234,43.9534604702541,44.1473901422739,43.0134844967513,4
38.7564383145471,43.9011899514453,44.0944862827588,42.6947382997395,4
38.8692740490748,43.8707466336479,44.0412757219692,42.3459430281051,4
38.9823238824259,43.850171520299,43.9877433856586,41.966202698959,4
39.0955730145039,43.8185331715846,43.93390182226,41.5546284500494,4
39.2089927998755,43.7459927948926,43.8797702929611,41.110213041448,4
39.3225808685378,43.6387953055283,43.8253556288092,41.0987450650792,4
39.4363915343546,43.5277851561542,43.7706373443309,41.3720418918591,4
39.5504070570022,43.4340001148966,43.7156293841579,41.6101496133795,4
39.6646432249186,43.3682930640638,43.6603295313821,41.8150341412284,4
39.7790244225061,43.3315076773803,43.6047799080005,41.9882677702589,4
39.8935428186048,43.3145952282664,43.5489899934764,42.1313669001096,4
40.008298816421,43.299098010221,43.4929163025101,42.2457658721924,4
40.1233034829841,43.2577759386983,43.4365585845972,36.1386645479061,4
40.2384795466414,43.1791432338013,43.379959980445,42.3927780632692,4
40.3537851107367,43.0904222231368,43.3231465592212,42.4272399272211,4
40.4692426203392,43.009534729248,43.2661127332471,42.4368060884805,4
40.584937505708,42.9450373088194,43.2088215274293,42.4221804630623,4
40.7008083171589,42.8962103715079,43.1513085173552,42.3839764586592,4
40.8168418515948,42.8532736401732,43.0935854954027,42.3227508128727,4
40.9330044959239,42.7976653398265,43.0356744521888,42.2390168214618,4
41.0493553806541,42.7019764702001,42.9775510892291,42.1331546240535,4
41.1658443783813,42.5811628332936,42.9192455645946,42.0055688589386,4
41.28248197373,42.4635491079435,42.8607577555912,41.8565603529215,4
41.3993231743417,42.3676594826037,42.802065064501,41.6862981178055,4
41.5163145174453,42.302222444422,42.7431992843787,41.4950457408822,4
41.6334953550391,42.2660442249858,42.684145524685,41.2828763124765,4
41.7508457087324,42.2486024927804,42.6249186933321,41.0499066153364,4
41.8684109857119,42.2304113048996,42.5655006415562,40.7960686128241,4
41.9862269757833,42.1834625502181,42.5058779258558,40.5212331780837,4
42.1042412673439,42.0970452538203,42.4460816960145,40.2254205158601,4
42.2224896210166,41.9991830386114,42.3860984386071,39.9083861641341,4
42.3409070073264,41.9089363049537,42.3259657307199,39.5700969354302,4
42.4595678546144,41.8362194574535,42.2656503198392,39.2100655081085,4
42.5784622632585,41.7819096603766,42.2051616932368,38.8279599281317,4
42.6939663295392,41.7306376314878,42.1451235823744,38.4420733764792,4
42.8094084119641,41.6761700419648,42.0850595895977,38.0385814592285,4
42.9250114931233,41.5961120337093,42.024953095247,37.951052146119,4
43.0408243246633,41.458699823585,41.9647821745463,38.0554106729181,4
43.1567949249879,41.2909652811903,41.9045772023693,38.1384848663522,4
43.2729587645062,41.1259213132469,41.8443230698004,38.2012353619094,4
43.3892640594888,40.9872144072536,41.7840498767174,38.2444824580115,4
43.5057315792814,40.8885483442277,41.723750023012,38.2690097999762,4
43.6223810328535,40.8337565250434,41.6634164432587,38.2755168440371,4
43.7392735874238,40.8171188208121,41.6030206529898,38.2646218688699,4
43.8564110770329,40.8241523267137,41.5425648642717,38.236871473914,4
43.9736721531062,40.8117299273303,41.4821147176031,38.1928179851901,4
44.09107017417,40.7931081843104,41.4216661896531,38.1329571497188,4
44.2086849569085,40.7343832432938,41.3611810790674,38.0576890645762,4
44.3265248317738,40.6577569776735,41.3006580354834,37.9673954137653,4
44.4445042128259,40.576950150196,41.2401438268801,37.8625100375322,4
44.5626916556188,40.4969965575461,41.1796060354829,37.7433125156702,4
44.6810539499483,40.414462258939,41.1190644071919,37.6101418583473,4
44.7996155438761,40.3174160750591,41.058509116708,37.4632512974686,4
44.9183969957227,40.1854259469997,40.9979323492214,37.3028639749664,4
45.0373071095442,40.0494360100957,40.9373831719707,37.1293403778787,4
45.1564140632101,39.9302284797316,40.8768293541071,36.9428003182388,4
45.275743646455,39.83936811278,40.8162603377259,36.7433870885763,4
45.3952548408823,39.7793019851922,40.7556994351668,36.5313359845857,4
45.5149532753945,39.7435190032716,40.6951461990579,36.3067906938033,4
45.634872394872,39.7170207490562,40.6345861231062,36.0698183495207,4
45.7549786540351,39.659343287559,40.5740385191984,35.8205979129897,4
45.8752911471552,39.5849991639999,40.5134960727822,35.559187860866,4
45.9957429898282,39.5002953845403,40.4529946443844,35.2858221245597,4
46.116398920351,39.4031263139026,40.3925038753199,35.0004264964417,4
46.2372612375331,39.2831113590694,40.3320248248297,34.7030426299271,4
46.3582982884411,39.1743308648977,40.2715754620632,34.3937838531956,4
46.4795483612428,39.0870746722445,40.2111387653692,34.0725710017946,4
46.6009764328032,39.0228618691713,40.1507342580631,33.739499115341,4
46.7225611337264,38.9745988592782,40.0903745128663,33.3946208688898,4
46.8442843164579,38.9044903770391,40.0300703808321,33.0379709413881,4
46.9662446124536,38.8193549925488,39.9697749240855,32.6692155236704,4
47.0883310389583,38.7180496536047,39.9095448793702,32.2886299247542,4
47.2106408787278,38.591031170021,39.849334063301,31.8958348105689,4
47.3330921259212,38.4800199697572,39.789184642233,31.4909969470418,4
47.4557367619392,38.3942821072724,39.7290727941458,31.0738329678077,4
47.5785772824029,38.3344175242834,39.6689990598157,30.6441950013815,4
47.7015598390844,38.2926569856495,39.6089914172929,30.7289332771562,4
47.8247267806937,38.2259216130214,39.5490307926558,30.798921060063,4
47.9442311646003,38.139960947,39.4910717142045,30.8761729651938,4
48.0592064711267,38.0347843068452,39.4355941715152,30.9674298916912,4
48.1743197738444,37.9068159851556,39.3802407027952,31.0478600596896,4
48.2896142080484,37.7419775914913,39.3249908507024,31.11783122739,4
48.4050280732793,37.5940687046566,39.2698744040877,31.177622354281,4
48.5206017577876,37.4770134115147,39.2148722274043,31.2275517789198,4
48.6363069025985,37.396018877638,39.159997982563,31.2678827805867,4
48.7522249842674,37.3475958651861,39.1052133092902,31.2988942099503,4
48.8683498953121,37.3202246800755,39.0505215446224,31.3208088806514,4
48.9846043019003,37.2577912743145,38.995959340118,31.3338307967585,4
49.1010094817965,37.1712544948338,38.9415167859645,31.338172375814,4
49.2175664950415,37.0637191393687,38.8871935034517,31.3340269241733,4
49.3343006335371,36.9302696542489,38.8329778722283,31.3215706601117,4
49.4512214851191,36.7578378583301,38.778865677792,31.3009635452224,4
49.5683395731533,36.6069214901582,38.7248523232051,31.2723509687796,4
49.6856277514135,36.4904293666087,38.6709505470842,31.293269921322,4
49.8031157268163,36.4125247112275,38.617146908917,31.5195028848383,4
49.9207509430619,36.3690736140127,38.5634656203018,31.7363647727116,4
50.0385910630003,36.3478260507363,38.5098805105018,31.9442745179259,4
50.1566562686796,36.2888253903251,38.4563827203246,32.1435552089027,4
50.2749342177706,36.203654666638,38.402978166398,32.3344581719269,4
50.3934109701696,36.0961413448072,38.3496733911132,32.5172225197348,4
50.5120921482273,35.9622034332443,38.2964660808357,32.6921067821598,4
50.6308962687484,35.7898009814528,38.243392789187,32.8592364406415,4
50.7498907942383,35.6406281225135,38.1904233572281,33.0189418745024,4
50.8691103278612,35.5265296576391,38.1375425923484,33.1714845058118,4
50.9885453999134,35.4508873933815,38.084754953898,33.3170552837712,4
51.1081687417266,35.4088746680306,38.0320726547579,33.4558184064763,4
51.2279387715775,35.3305317335948,37.9795139952449,33.5879204371905,4
51.3479250450843,35.2200747424578,37.92704849588,33.7136222729771,4
51.4681259096383,35.0739788953509,37.8746770724294,33.8330931197632,4
51.588490195906,34.8806970154618,37.8224220786022,33.9464501954729,4
51.7090248201565,34.7211809865424,37.7702804582271,34.0538646726701,4
51.8296953745552,34.6065448478175,37.7182669696055,34.1554659349253,4
51.9505526099826,34.5392225454813,37.6663596407949,34.251449258135,4
52.0715326523626,34.5135915106583,37.6145857706474,34.3419113626242,4
52.1927233788368,34.516121166152,37.5629076644683,34.4270581561935,4
52.314092888988,34.5004695540719,37.5113389586809,34.5069983806041,4
52.4356828194734,34.4451002175825,37.4598620094344,34.5818851874267,4
52.5574911951143,34.3626170868087,37.4084777822332,34.6518360371692,4
52.6794559985882,34.258138784435,37.3572124138951,34.7169336588753,4
52.8015670283124,34.1290252660477,37.3060699961802,34.777291045596,4
52.9239052923274,33.9646724849438,37.2550165584217,34.8330584052853,4
53.0464645463323,33.7464151884438,37.2040548246271,34.8843350181472,4
53.1622900845643,33.4489490693446,37.1568779542736,34.9320669541026,4
53.2768263372529,33.1704112511235,37.1105883936939,34.9766000938108,4
53.3915735369362,32.9361010261046,37.0643932211643,35.0179320451256,4
53.5064752132624,32.7624566734225,37.0183148173825,35.0561144937587,4
53.6215169695885,32.6568421262882,36.9723584369772,35.0912153815858,4
53.7367291893127,32.617870715434,36.9265114616397,35.1233138258846,4
53.8520738607468,32.6361708495119,36.8807885200717,35.152467235562,4
53.9675499333679,32.6434120691681,36.8351894427951,35.1787427743769,4
54.0831581823259,32.6396536715527,36.789713339175,35.2022060140745,4
54.1988873345629,32.5812173170074,36.7443640374258,35.2229184750478,4
54.3148146962263,32.4756621755718,36.6991107888663,35.2409535987453,4
54.4309534986113,32.3229871395133,36.6539481762104,35.2563682186822,4
54.5472964625155,32.1152015986985,36.6088787897446,35.2692144379515,4
54.6637659509475,31.9561505721629,36.56393227521,35.2795380777548,4
54.7804357166781,31.8526128931641,36.5190797328505,35.2873987046965,4
54.8972947019796,31.8030979966545,36.4743251140135,35.2928451705623,4
55.014351490519,31.6998280481433,36.4296648255189,35.2959262303322,4
55.1315235861158,31.5431788885122,36.3851298754795,35.2966889729931,4
55.2488800725795,31.3252553789392,36.340693511848,35.2951821887368,4
55.3663693741695,31.1630497598293,36.2963748082897,35.2914530614345,4
55.4839812126561,31.0629328793782,36.2521770558177,35.2855489235722,4
55.6017384463323,31.0227622026142,36.2080911075305,35.2775140277887,4
55.7196960885981,30.9229543499393,36.164095977046,35.2673867560933,4
55.8378395737824,30.7640754653056,36.1201967921074,35.255208364896,4
55.9561482422012,30.5385728218742,36.0764008506569,35.241020886327,4
56.0746473824335,30.3748693534809,36.0326984225825,35.2248600821391,4
56.1933332880341,30.2787861068163,35.9890905512104,35.2067637653065,4
56.3121443914449,30.2476944733146,35.9455994002728,35.1867792562654,4
56.431119146863,30.1519323926012,35.9022103898855,35.1649376177504,4
56.5502920459993,29.9923010032356,35.8589105878537,35.1412674617526,4
56.6696404585321,29.761492299373,35.8157078877424,35.1158071209893,4
56.7891902192588,29.5977597202179,35.7725926153336,35.0885840576318,4
56.9088864747008,29.5064577717016,35.7295841733341,35.0596435665833,4
57.0287033023258,29.4842884018957,35.6866913359858,35.0290256133563,4
57.1486371545607,29.3932437491978,35.6439147774038,34.996764573326,4
57.2687151467813,29.2344779737684,35.6012442800358,34.9628853328756,4
57.3889233098659,29.0009567463317,35.5586842900511,34.9274229750395,4
57.5092921574512,28.8389441341141,35.5162235206576,34.8903985859997,4
57.6297931598462,28.7532033512268,35.4738715585428,34.8518502772378,4
57.7504772807875,28.7396966295909,35.4316100593872,34.8117899962106,4
57.8712862258463,28.6538879528795,35.3894589923832,34.7702648144031,4
57.9922159825781,28.4973651059252,35.347419195998,34.7273042778223,4
58.1132864063464,28.2633696387527,35.3054832392219,34.6829285690387,4
58.2345232489026,27.9360034992778,35.2636417622547,34.6371540974462,4
58.3559343051003,27.6835129233003,35.22189169954,34.5900026400543,4
58.4774523948968,27.5192045954984,35.180255667845,34.5415253989851,4
58.5991146160217,27.4466651466858,35.1387204179665,34.4917325926203,4
58.720883400456,27.4606106341541,35.0972982394816,34.4406640427228,4
58.8428464463231,27.4690250279833,35.0559588584028,34.3883061231185,4
58.9649426109295,27.4720021480346,35.0147226080265,34.3347073283968,4
59.0871598004807,27.4695519346458,34.973593050471,34.2798957798764,4
59.2095767039644,27.3919267609594,34.9325433048719,34.2238575665235,4
59.3321521032302,27.2415071944212,34.8915868619873,34.1666319579337,4
59.4548893656581,27.0121648012127,34.8507221991172,34.1082378666063,4
59.5778194778908,26.688419544921,34.8099386643174,34.0486801515835,4
59.7009066278133,26.2442588124813,34.7692477961347,33.9879954165659,4
59.8241327522268,25.8753055977018,34.7286551299116,33.926212098981,4
59.947507119817,25.6044108864589,34.688157162938,33.8633447768066,4
